run_id,instance,seed,beam_width,iterations,temperature,cooling_mode,timestamp,week,worker_id,candidate,temperature_at_event,old_global_best,new_global_best,improvement,elapsed_ms
n012w8-0,n012w8,0,5,500000,100.0,adaptive,2026-07-04T11:48:24+01:00,1,0,1,99.997237,3800,3530,270,1
n012w8-0,n012w8,0,5,500000,100.0,adaptive,2026-07-04T11:48:24+01:00,1,0,2,99.994474,3530,3280,250,1
n012w8-0,n012w8,0,5,500000,100.0,adaptive,2026-07-04T11:48:24+01:00,1,0,7,99.980660,3280,3160,120,1
n012w8-0,n012w8,0,5,500000,100.0,adaptive,2026-07-04T11:48:24+01:00,1,0,8,99.977898,3160,3100,60,1
n012w8-0,n012w8,0,5,500000,100.0,adaptive,2026-07-04T11:48:24+01:00,1,0,10,99.972373,3100,3080,20,1
n012w8-0,n012w8,0,5,500000,100.0,adaptive,2026-07-04T11:48:24+01:00,1,0,11,99.969610,3080,3050,30,1
n012w8-0,n012w8,0,5,500000,100.0,adaptive,2026-07-04T11:48:24+01:00,1,0,12,99.966848,3050,2825,225,1
n012w8-0,n012w8,0,5,500000,100.0,adaptive,2026-07-04T11:48:24+01:00,1,0,21,99.941992,2825,2815,10,1
n012w8-0,n012w8,0,5,500000,100.0,adaptive,2026-07-04T11:48:24+01:00,1,0,25,99.930946,2815,2800,15,1
n012w8-0,n012w8,0,5,500000,100.0,adaptive,2026-07-04T11:48:24+01:00,1,0,29,99.919902,2800,2680,120,1
n012w8-0,n012w8,0,5,500000,100.0,adaptive,2026-07-04T11:48:24+01:00,1,0,31,99.914381,2680,2590,90,1
n012w8-0,n012w8,0,5,500000,100.0,adaptive,2026-07-04T11:48:24+01:00,1,0,34,99.906099,2590,2470,120,1
n012w8-0,n012w8,0,5,500000,100.0,adaptive,2026-07-04T11:48:24+01:00,1,0,35,99.903338,2470,2440,30,1
n012w8-0,n012w8,0,5,500000,100.0,adaptive,2026-07-04T11:48:24+01:00,1,0,37,99.897817,2440,2290,150,1
n012w8-0,n012w8,0,5,500000,100.0,adaptive,2026-07-04T11:48:24+01:00,1,0,38,99.895057,2290,2275,15,1
n012w8-0,n012w8,0,5,500000,100.0,adaptive,2026-07-04T11:48:24+01:00,1,0,39,99.892297,2275,2215,60,1
n012w8-0,n012w8,0,5,500000,100.0,adaptive,2026-07-04T11:48:24+01:00,1,0,55,99.848145,2215,2080,135,1
n012w8-0,n012w8,0,5,500000,100.0,adaptive,2026-07-04T11:48:24+01:00,1,0,58,99.839868,2080,1980,100,1
n012w8-0,n012w8,0,5,500000,100.0,adaptive,2026-07-04T11:48:24+01:00,1,0,62,99.828834,1980,1875,105,1
n012w8-0,n012w8,0,5,500000,100.0,adaptive,2026-07-04T11:48:24+01:00,1,0,63,99.826076,1875,1785,90,1
n012w8-0,n012w8,0,5,500000,100.0,adaptive,2026-07-04T11:48:24+01:00,1,0,133,99.633182,1785,1770,15,1
n012w8-0,n012w8,0,5,500000,100.0,adaptive,2026-07-04T11:48:24+01:00,1,0,144,99.602904,1770,1715,55,1
n012w8-0,n012w8,0,5,500000,100.0,adaptive,2026-07-04T11:48:24+01:00,1,0,147,99.594648,1715,1705,10,1
n012w8-0,n012w8,0,5,500000,100.0,adaptive,2026-07-04T11:48:24+01:00,1,0,148,99.591896,1705,1675,30,1
n012w8-0,n012w8,0,5,500000,100.0,adaptive,2026-07-04T11:48:24+01:00,1,0,152,99.580889,1675,1555,120,1
n012w8-0,n012w8,0,5,500000,100.0,adaptive,2026-07-04T11:48:24+01:00,1,0,156,99.569884,1555,1525,30,1
n012w8-0,n012w8,0,5,500000,100.0,adaptive,2026-07-04T11:48:24+01:00,1,0,789,97.843505,1525,1430,95,2
n012w8-0,n012w8,0,5,500000,100.0,adaptive,2026-07-04T11:48:24+01:00,1,0,1059,97.116271,1430,1420,10,3
n012w8-0,n012w8,0,5,500000,100.0,adaptive,2026-07-04T11:48:24+01:00,1,0,1402,96.200206,1420,1410,10,3
n012w8-0,n012w8,0,5,500000,100.0,adaptive,2026-07-04T11:48:24+01:00,1,0,1418,96.157685,1410,1380,30,3
n012w8-0,n012w8,0,5,500000,100.0,adaptive,2026-07-04T11:48:24+01:00,1,0,1422,96.147058,1380,1365,15,3
n012w8-0,n012w8,0,5,500000,100.0,adaptive,2026-07-04T11:48:24+01:00,1,0,1612,95.643619,1365,1290,75,4
n012w8-0,n012w8,0,5,500000,100.0,adaptive,2026-07-04T11:48:24+01:00,1,0,1911,94.856697,1290,1190,100,4
n012w8-0,n012w8,0,5,500000,100.0,adaptive,2026-07-04T11:48:24+01:00,1,0,4628,87.996217,1190,1180,10,9
n012w8-0,n012w8,0,5,500000,100.0,adaptive,2026-07-04T11:48:24+01:00,1,0,7044,82.313677,1180,1140,40,13
n012w8-0,n012w8,0,5,500000,100.0,adaptive,2026-07-04T11:48:24+01:00,1,0,7689,80.859677,1140,1100,40,14
n012w8-0,n012w8,0,5,500000,100.0,adaptive,2026-07-04T11:48:24+01:00,1,0,7690,80.857442,1100,1040,60,14
n012w8-0,n012w8,0,5,500000,100.0,adaptive,2026-07-04T11:48:24+01:00,1,0,7730,80.768125,1040,935,105,14
n012w8-0,n012w8,0,5,500000,100.0,adaptive,2026-07-04T11:48:24+01:00,1,0,7867,80.462959,935,915,20,14
n012w8-0,n012w8,0,5,500000,100.0,adaptive,2026-07-04T11:48:24+01:00,1,0,7895,80.400731,915,900,15,14
n012w8-0,n012w8,0,5,500000,100.0,adaptive,2026-07-04T11:48:24+01:00,1,0,11027,73.735393,900,890,10,20
n012w8-0,n012w8,0,5,500000,100.0,adaptive,2026-07-04T11:48:24+01:00,1,0,11028,73.733356,890,885,5,20
n012w8-0,n012w8,0,5,500000,100.0,adaptive,2026-07-04T11:48:24+01:00,1,0,11029,73.731318,885,765,120,20
n012w8-0,n012w8,0,5,500000,100.0,adaptive,2026-07-04T11:48:24+01:00,1,0,33364,39.776998,765,685,80,58
n012w8-0,n012w8,0,5,500000,100.0,adaptive,2026-07-04T11:48:24+01:00,1,0,33376,39.763811,685,655,30,58
n012w8-0,n012w8,0,5,500000,100.0,adaptive,2026-07-04T11:48:24+01:00,1,0,33379,39.760515,655,635,20,58
n012w8-0,n012w8,0,5,500000,100.0,adaptive,2026-07-04T11:48:24+01:00,1,0,45950,28.093122,635,625,10,78
n012w8-0,n012w8,0,5,500000,100.0,adaptive,2026-07-04T11:48:24+01:00,1,0,49904,25.185583,625,570,55,84
n012w8-0,n012w8,0,5,500000,100.0,adaptive,2026-07-04T11:48:24+01:00,1,0,50640,24.678571,570,540,30,86
n012w8-0,n012w8,0,5,500000,100.0,adaptive,2026-07-04T11:48:24+01:00,1,0,58792,19.701351,540,530,10,99
n012w8-0,n012w8,0,5,500000,100.0,adaptive,2026-07-04T11:48:24+01:00,1,0,58839,19.675782,530,500,30,99
n012w8-0,n012w8,0,5,500000,100.0,adaptive,2026-07-04T11:48:24+01:00,1,0,59009,19.583576,500,485,15,99
n012w8-0,n012w8,0,5,500000,100.0,adaptive,2026-07-04T11:48:24+01:00,1,0,63989,17.066010,485,480,5,107
n012w8-0,n012w8,0,5,500000,100.0,adaptive,2026-07-04T11:48:24+01:00,1,0,64076,17.025034,480,465,15,107
n012w8-0,n012w8,0,5,500000,100.0,adaptive,2026-07-04T11:48:24+01:00,1,0,86662,9.121284,465,450,15,141
n012w8-0,n012w8,0,5,500000,100.0,adaptive,2026-07-04T11:48:24+01:00,1,2,69412,14.691157,450,430,20,173
n012w8-0,n012w8,0,5,500000,100.0,adaptive,2026-07-04T11:48:24+01:00,1,2,69551,14.634841,430,425,5,173
n012w8-0,n012w8,0,5,500000,100.0,adaptive,2026-07-04T11:48:24+01:00,1,3,58207,20.022394,425,415,10,196
n012w8-0,n012w8,0,5,500000,100.0,adaptive,2026-07-04T11:48:24+01:00,2,0,1,99.997237,3725,3575,150,1
n012w8-0,n012w8,0,5,500000,100.0,adaptive,2026-07-04T11:48:24+01:00,2,0,2,99.994474,3575,3380,195,1
n012w8-0,n012w8,0,5,500000,100.0,adaptive,2026-07-04T11:48:24+01:00,2,0,6,99.983423,3380,3220,160,1
n012w8-0,n012w8,0,5,500000,100.0,adaptive,2026-07-04T11:48:24+01:00,2,0,7,99.980660,3220,3025,195,1
n012w8-0,n012w8,0,5,500000,100.0,adaptive,2026-07-04T11:48:24+01:00,2,0,8,99.977898,3025,2845,180,1
n012w8-0,n012w8,0,5,500000,100.0,adaptive,2026-07-04T11:48:24+01:00,2,0,12,99.966848,2845,2740,105,1
n012w8-0,n012w8,0,5,500000,100.0,adaptive,2026-07-04T11:48:24+01:00,2,0,14,99.961324,2740,2650,90,1
n012w8-0,n012w8,0,5,500000,100.0,adaptive,2026-07-04T11:48:24+01:00,2,0,17,99.953038,2650,2440,210,1
n012w8-0,n012w8,0,5,500000,100.0,adaptive,2026-07-04T11:48:24+01:00,2,0,19,99.947515,2440,2260,180,1
n012w8-0,n012w8,0,5,500000,100.0,adaptive,2026-07-04T11:48:24+01:00,2,0,25,99.930946,2260,2250,10,1
n012w8-0,n012w8,0,5,500000,100.0,adaptive,2026-07-04T11:48:24+01:00,2,0,31,99.914381,2250,2100,150,1
n012w8-0,n012w8,0,5,500000,100.0,adaptive,2026-07-04T11:48:24+01:00,2,0,35,99.903338,2100,1980,120,1
n012w8-0,n012w8,0,5,500000,100.0,adaptive,2026-07-04T11:48:24+01:00,2,0,41,99.886777,1980,1970,10,1
n012w8-0,n012w8,0,5,500000,100.0,adaptive,2026-07-04T11:48:24+01:00,2,0,46,99.872978,1970,1910,60,1
n012w8-0,n012w8,0,5,500000,100.0,adaptive,2026-07-04T11:48:24+01:00,2,0,47,99.870218,1910,1790,120,1
n012w8-0,n012w8,0,5,500000,100.0,adaptive,2026-07-04T11:48:24+01:00,2,0,59,99.837110,1790,1775,15,1
n012w8-0,n012w8,0,5,500000,100.0,adaptive,2026-07-04T11:48:24+01:00,2,0,61,99.831593,1775,1735,40,1
n012w8-0,n012w8,0,5,500000,100.0,adaptive,2026-07-04T11:48:24+01:00,2,0,62,99.828834,1735,1705,30,1
n012w8-0,n012w8,0,5,500000,100.0,adaptive,2026-07-04T11:48:24+01:00,2,0,100,99.724071,1705,1700,5,1
n012w8-0,n012w8,0,5,500000,100.0,adaptive,2026-07-04T11:48:24+01:00,2,0,104,99.713050,1700,1690,10,1
n012w8-0,n012w8,0,5,500000,100.0,adaptive,2026-07-04T11:48:24+01:00,2,0,105,99.710295,1690,1570,120,1
n012w8-0,n012w8,0,5,500000,100.0,adaptive,2026-07-04T11:48:24+01:00,2,0,109,99.699275,1570,1555,15,1
n012w8-0,n012w8,0,5,500000,100.0,adaptive,2026-07-04T11:48:24+01:00,2,0,110,99.696520,1555,1515,40,1
n012w8-0,n012w8,0,5,500000,100.0,adaptive,2026-07-04T11:48:24+01:00,2,0,111,99.693766,1515,1470,45,1
n012w8-0,n012w8,0,5,500000,100.0,adaptive,2026-07-04T11:48:24+01:00,2,0,115,99.682748,1470,1425,45,1
n012w8-0,n012w8,0,5,500000,100.0,adaptive,2026-07-04T11:48:24+01:00,2,0,186,99.487381,1425,1340,85,1
n012w8-0,n012w8,0,5,500000,100.0,adaptive,2026-07-04T11:48:24+01:00,2,0,192,99.470889,1340,1325,15,1
n012w8-0,n012w8,0,5,500000,100.0,adaptive,2026-07-04T11:48:24+01:00,2,0,195,99.462644,1325,1310,15,1
n012w8-0,n012w8,0,5,500000,100.0,adaptive,2026-07-04T11:48:24+01:00,2,0,206,99.432418,1310,1290,20,1
n012w8-0,n012w8,0,5,500000,100.0,adaptive,2026-07-04T11:48:24+01:00,2,0,1278,96.530376,1290,1255,35,3
n012w8-0,n012w8,0,5,500000,100.0,adaptive,2026-07-04T11:48:24+01:00,2,0,1280,96.525042,1255,1240,15,3
n012w8-0,n012w8,0,5,500000,100.0,adaptive,2026-07-04T11:48:24+01:00,2,0,2036,94.529639,1240,1200,40,4
n012w8-0,n012w8,0,5,500000,100.0,adaptive,2026-07-04T11:48:24+01:00,2,0,2044,94.508746,1200,1155,45,4
n012w8-0,n012w8,0,5,500000,100.0,adaptive,2026-07-04T11:48:24+01:00,2,0,2045,94.506135,1155,1140,15,4
n012w8-0,n012w8,0,5,500000,100.0,adaptive,2026-07-04T11:48:24+01:00,2,0,2773,92.624100,1140,1070,70,5
n012w8-0,n012w8,0,5,500000,100.0,adaptive,2026-07-04T11:48:24+01:00,2,0,7734,80.759198,1070,1060,10,13
n012w8-0,n012w8,0,5,500000,100.0,adaptive,2026-07-04T11:48:24+01:00,2,0,9588,76.726255,1060,1015,45,16
n012w8-0,n012w8,0,5,500000,100.0,adaptive,2026-07-04T11:48:24+01:00,2,0,9601,76.698699,1015,970,45,16
n012w8-0,n012w8,0,5,500000,100.0,adaptive,2026-07-04T11:48:24+01:00,2,0,9611,76.677510,970,955,15,16
n012w8-0,n012w8,0,5,500000,100.0,adaptive,2026-07-04T11:48:24+01:00,2,0,9636,76.624561,955,925,30,16
n012w8-0,n012w8,0,5,500000,100.0,adaptive,2026-07-04T11:48:24+01:00,2,0,12633,70.534891,925,885,40,20
n012w8-0,n012w8,0,5,500000,100.0,adaptive,2026-07-04T11:48:24+01:00,2,0,12636,70.529044,885,840,45,20
n012w8-0,n012w8,0,5,500000,100.0,adaptive,2026-07-04T11:48:24+01:00,2,0,12639,70.523198,840,720,120,20
n012w8-0,n012w8,0,5,500000,100.0,adaptive,2026-07-04T11:48:24+01:00,2,0,33062,40.110308,720,705,15,53
n012w8-0,n012w8,0,5,500000,100.0,adaptive,2026-07-04T11:48:24+01:00,2,0,33081,40.089256,705,675,30,53
n012w8-0,n012w8,0,5,500000,100.0,adaptive,2026-07-04T11:48:24+01:00,2,0,33085,40.084826,675,660,15,53
n012w8-0,n012w8,0,5,500000,100.0,adaptive,2026-07-04T11:48:24+01:00,2,0,33093,40.075966,660,645,15,53
n012w8-0,n012w8,0,5,500000,100.0,adaptive,2026-07-04T11:48:24+01:00,2,0,33366,39.774800,645,620,25,53
n012w8-0,n012w8,0,5,500000,100.0,adaptive,2026-07-04T11:48:24+01:00,2,0,33393,39.745137,620,610,10,53
n012w8-0,n012w8,0,5,500000,100.0,adaptive,2026-07-04T11:48:24+01:00,2,0,33397,39.740745,610,595,15,53
n012w8-0,n012w8,0,5,500000,100.0,adaptive,2026-07-04T11:48:24+01:00,2,0,42512,30.892709,595,565,30,68
n012w8-0,n012w8,0,5,500000,100.0,adaptive,2026-07-04T11:48:24+01:00,2,0,43055,30.432666,565,535,30,68
n012w8-0,n012w8,0,5,500000,100.0,adaptive,2026-07-04T11:48:24+01:00,2,0,43065,30.424258,535,505,30,68
n012w8-0,n012w8,0,5,500000,100.0,adaptive,2026-07-04T11:48:24+01:00,2,0,43068,30.421736,505,490,15,68
n012w8-0,n012w8,0,5,500000,100.0,adaptive,2026-07-04T11:48:24+01:00,2,0,43205,30.306794,490,430,60,68
n012w8-0,n012w8,0,5,500000,100.0,adaptive,2026-07-04T11:48:24+01:00,2,0,43228,30.287540,430,415,15,68
n012w8-0,n012w8,0,5,500000,100.0,adaptive,2026-07-04T11:48:24+01:00,2,0,51856,23.863163,415,390,25,82
n012w8-0,n012w8,0,5,500000,100.0,adaptive,2026-07-04T11:48:24+01:00,2,0,51895,23.837461,390,375,15,82
n012w8-0,n012w8,0,5,500000,100.0,adaptive,2026-07-04T11:48:24+01:00,2,0,51949,23.801920,375,360,15,82
n012w8-0,n012w8,0,5,500000,100.0,adaptive,2026-07-04T11:48:24+01:00,2,0,80407,10.842165,360,355,5,124
n012w8-0,n012w8,0,5,500000,100.0,adaptive,2026-07-04T11:48:24+01:00,2,0,80412,10.840667,355,340,15,124
n012w8-0,n012w8,0,5,500000,100.0,adaptive,2026-07-04T11:48:24+01:00,2,0,81865,10.414058,340,325,15,126
n012w8-0,n012w8,0,5,500000,100.0,adaptive,2026-07-04T11:48:24+01:00,2,0,111157,4.635707,325,320,5,167
n012w8-0,n012w8,0,5,500000,100.0,adaptive,2026-07-04T11:48:24+01:00,2,0,111430,4.600870,320,305,15,167
n012w8-0,n012w8,0,5,500000,100.0,adaptive,2026-07-04T11:48:24+01:00,2,0,111465,4.596423,305,290,15,167
n012w8-0,n012w8,0,5,500000,100.0,adaptive,2026-07-04T11:48:24+01:00,2,3,56990,20.707134,290,275,15,213
n012w8-0,n012w8,0,5,500000,100.0,adaptive,2026-07-04T11:48:24+01:00,2,3,85265,9.480255,275,265,10,254
n012w8-0,n012w8,0,5,500000,100.0,adaptive,2026-07-04T11:48:24+01:00,2,4,87626,8.881534,265,260,5,300
n012w8-0,n012w8,0,5,500000,100.0,adaptive,2026-07-04T11:48:24+01:00,2,4,99908,6.325633,260,250,10,317
n012w8-0,n012w8,0,5,500000,100.0,adaptive,2026-07-04T11:48:24+01:00,2,5,92493,7.763973,250,245,5,353
n012w8-0,n012w8,0,5,500000,100.0,adaptive,2026-07-04T11:48:24+01:00,2,5,97300,6.798295,245,240,5,359
n012w8-0,n012w8,0,5,500000,100.0,adaptive,2026-07-04T11:48:24+01:00,2,8,93585,7.533209,240,235,5,498
n012w8-0,n012w8,0,5,500000,100.0,adaptive,2026-07-04T11:48:24+01:00,3,0,3,99.991711,4340,4180,160,0
n012w8-0,n012w8,0,5,500000,100.0,adaptive,2026-07-04T11:48:24+01:00,3,0,6,99.983423,4180,4000,180,0
n012w8-0,n012w8,0,5,500000,100.0,adaptive,2026-07-04T11:48:24+01:00,3,0,8,99.977898,4000,3970,30,0
n012w8-0,n012w8,0,5,500000,100.0,adaptive,2026-07-04T11:48:24+01:00,3,0,10,99.972373,3970,3960,10,0
n012w8-0,n012w8,0,5,500000,100.0,adaptive,2026-07-04T11:48:24+01:00,3,0,12,99.966848,3960,3900,60,0
n012w8-0,n012w8,0,5,500000,100.0,adaptive,2026-07-04T11:48:24+01:00,3,0,13,99.964086,3900,3555,345,0
n012w8-0,n012w8,0,5,500000,100.0,adaptive,2026-07-04T11:48:24+01:00,3,0,14,99.961324,3555,3525,30,0
n012w8-0,n012w8,0,5,500000,100.0,adaptive,2026-07-04T11:48:24+01:00,3,0,15,99.958562,3525,3240,285,0
n012w8-0,n012w8,0,5,500000,100.0,adaptive,2026-07-04T11:48:24+01:00,3,0,20,99.944753,3240,2955,285,0
n012w8-0,n012w8,0,5,500000,100.0,adaptive,2026-07-04T11:48:24+01:00,3,0,23,99.936469,2955,2745,210,0
n012w8-0,n012w8,0,5,500000,100.0,adaptive,2026-07-04T11:48:24+01:00,3,0,24,99.933708,2745,2475,270,0
n012w8-0,n012w8,0,5,500000,100.0,adaptive,2026-07-04T11:48:24+01:00,3,0,32,99.911620,2475,2380,95,0
n012w8-0,n012w8,0,5,500000,100.0,adaptive,2026-07-04T11:48:24+01:00,3,0,34,99.906099,2380,2370,10,0
n012w8-0,n012w8,0,5,500000,100.0,adaptive,2026-07-04T11:48:24+01:00,3,0,38,99.895057,2370,2190,180,0
n012w8-0,n012w8,0,5,500000,100.0,adaptive,2026-07-04T11:48:24+01:00,3,0,47,99.870218,2190,2085,105,0
n012w8-0,n012w8,0,5,500000,100.0,adaptive,2026-07-04T11:48:24+01:00,3,0,48,99.867459,2085,2055,30,0
n012w8-0,n012w8,0,5,500000,100.0,adaptive,2026-07-04T11:48:24+01:00,3,0,49,99.864700,2055,1755,300,0
n012w8-0,n012w8,0,5,500000,100.0,adaptive,2026-07-04T11:48:24+01:00,3,0,98,99.729582,1755,1710,45,0
n012w8-0,n012w8,0,5,500000,100.0,adaptive,2026-07-04T11:48:24+01:00,3,0,342,99.059470,1710,1700,10,1
n012w8-0,n012w8,0,5,500000,100.0,adaptive,2026-07-04T11:48:24+01:00,3,0,344,99.053996,1700,1675,25,1
n012w8-0,n012w8,0,5,500000,100.0,adaptive,2026-07-04T11:48:24+01:00,3,0,347,99.045785,1675,1495,180,1
n012w8-0,n012w8,0,5,500000,100.0,adaptive,2026-07-04T11:48:24+01:00,3,0,375,98.969186,1495,1420,75,1
n012w8-0,n012w8,0,5,500000,100.0,adaptive,2026-07-04T11:48:24+01:00,3,0,376,98.966452,1420,1390,30,1
n012w8-0,n012w8,0,5,500000,100.0,adaptive,2026-07-04T11:48:24+01:00,3,0,416,98.857130,1390,1380,10,1
n012w8-0,n012w8,0,5,500000,100.0,adaptive,2026-07-04T11:48:24+01:00,3,0,765,97.908410,1380,1370,10,2
n012w8-0,n012w8,0,5,500000,100.0,adaptive,2026-07-04T11:48:24+01:00,3,0,766,97.905705,1370,1340,30,2
n012w8-0,n012w8,0,5,500000,100.0,adaptive,2026-07-04T11:48:24+01:00,3,0,768,97.900295,1340,1295,45,2
n012w8-0,n012w8,0,5,500000,100.0,adaptive,2026-07-04T11:48:24+01:00,3,0,771,97.892180,1295,1190,105,2
n012w8-0,n012w8,0,5,500000,100.0,adaptive,2026-07-04T11:48:24+01:00,3,0,772,97.889475,1190,1160,30,2
n012w8-0,n012w8,0,5,500000,100.0,adaptive,2026-07-04T11:48:24+01:00,3,0,773,97.886770,1160,1070,90,2
n012w8-0,n012w8,0,5,500000,100.0,adaptive,2026-07-04T11:48:24+01:00,3,0,775,97.881361,1070,1025,45,2
n012w8-0,n012w8,0,5,500000,100.0,adaptive,2026-07-04T11:48:24+01:00,3,0,784,97.857023,1025,965,60,2
n012w8-0,n012w8,0,5,500000,100.0,adaptive,2026-07-04T11:48:24+01:00,3,0,19282,58.697013,965,950,15,34
n012w8-0,n012w8,0,5,500000,100.0,adaptive,2026-07-04T11:48:24+01:00,3,0,19286,58.690526,950,860,90,34
n012w8-0,n012w8,0,5,500000,100.0,adaptive,2026-07-04T11:48:24+01:00,3,0,19292,58.680796,860,830,30,34
n012w8-0,n012w8,0,5,500000,100.0,adaptive,2026-07-04T11:48:24+01:00,3,0,19319,58.637035,830,820,10,34
n012w8-0,n012w8,0,5,500000,100.0,adaptive,2026-07-04T11:48:24+01:00,3,0,34466,38.584067,820,795,25,60
n012w8-0,n012w8,0,5,500000,100.0,adaptive,2026-07-04T11:48:24+01:00,3,0,34467,38.583001,795,780,15,60
n012w8-0,n012w8,0,5,500000,100.0,adaptive,2026-07-04T11:48:24+01:00,3,2,1,99.997237,780,720,60,60
n012w8-0,n012w8,0,5,500000,100.0,adaptive,2026-07-04T11:48:24+01:00,3,0,49276,25.626424,720,715,5,84
n012w8-0,n012w8,0,5,500000,100.0,adaptive,2026-07-04T11:48:24+01:00,3,0,52592,23.382772,715,710,5,90
n012w8-0,n012w8,0,5,500000,100.0,adaptive,2026-07-04T11:48:24+01:00,3,0,53686,22.686526,710,690,20,91
n012w8-0,n012w8,0,5,500000,100.0,adaptive,2026-07-04T11:48:24+01:00,3,0,54048,22.460737,690,680,10,92
n012w8-0,n012w8,0,5,500000,100.0,adaptive,2026-07-04T11:48:24+01:00,3,0,54053,22.457634,680,665,15,92
n012w8-0,n012w8,0,5,500000,100.0,adaptive,2026-07-04T11:48:24+01:00,3,0,55618,21.507206,665,655,10,95
n012w8-0,n012w8,0,5,500000,100.0,adaptive,2026-07-04T11:48:24+01:00,3,0,56346,21.078903,655,650,5,96
n012w8-0,n012w8,0,5,500000,100.0,adaptive,2026-07-04T11:48:24+01:00,3,0,56678,20.886420,650,640,10,97
n012w8-0,n012w8,0,5,500000,100.0,adaptive,2026-07-04T11:48:24+01:00,3,0,57823,20.235969,640,635,5,99
n012w8-0,n012w8,0,5,500000,100.0,adaptive,2026-07-04T11:48:24+01:00,3,0,61297,18.383830,635,630,5,104
n012w8-0,n012w8,0,5,500000,100.0,adaptive,2026-07-04T11:48:24+01:00,3,0,63888,17.113703,630,610,20,108
n012w8-0,n012w8,0,5,500000,100.0,adaptive,2026-07-04T11:48:24+01:00,3,0,64538,16.809082,610,600,10,109
n012w8-0,n012w8,0,5,500000,100.0,adaptive,2026-07-04T11:48:24+01:00,3,0,67957,15.293821,600,585,15,115
n012w8-0,n012w8,0,5,500000,100.0,adaptive,2026-07-04T11:48:24+01:00,3,0,71695,13.793040,585,580,5,121
n012w8-0,n012w8,0,5,500000,100.0,adaptive,2026-07-04T11:48:24+01:00,3,0,73915,12.972390,580,495,85,124
n012w8-0,n012w8,0,5,500000,100.0,adaptive,2026-07-04T11:48:24+01:00,3,0,74057,12.921591,495,490,5,125
n012w8-0,n012w8,0,5,500000,100.0,adaptive,2026-07-04T11:48:24+01:00,3,0,74337,12.822007,490,480,10,125
n012w8-0,n012w8,0,5,500000,100.0,adaptive,2026-07-04T11:48:24+01:00,3,0,74817,12.653073,480,470,10,126
n012w8-0,n012w8,0,5,500000,100.0,adaptive,2026-07-04T11:48:24+01:00,3,0,74853,12.640493,470,455,15,126
n012w8-0,n012w8,0,5,500000,100.0,adaptive,2026-07-04T11:48:24+01:00,3,0,74857,12.639096,455,445,10,126
n012w8-0,n012w8,0,5,500000,100.0,adaptive,2026-07-04T11:48:24+01:00,4,0,2,99.994474,3510,3285,225,0
n012w8-0,n012w8,0,5,500000,100.0,adaptive,2026-07-04T11:48:24+01:00,4,0,3,99.991711,3285,3225,60,0
n012w8-0,n012w8,0,5,500000,100.0,adaptive,2026-07-04T11:48:24+01:00,4,0,4,99.988948,3225,2850,375,0
n012w8-0,n012w8,0,5,500000,100.0,adaptive,2026-07-04T11:48:24+01:00,4,0,8,99.977898,2850,2700,150,0
n012w8-0,n012w8,0,5,500000,100.0,adaptive,2026-07-04T11:48:24+01:00,4,0,10,99.972373,2700,2640,60,0
n012w8-0,n012w8,0,5,500000,100.0,adaptive,2026-07-04T11:48:24+01:00,4,0,12,99.966848,2640,2595,45,0
n012w8-0,n012w8,0,5,500000,100.0,adaptive,2026-07-04T11:48:24+01:00,4,0,14,99.961324,2595,2565,30,0
n012w8-0,n012w8,0,5,500000,100.0,adaptive,2026-07-04T11:48:24+01:00,4,0,22,99.939230,2565,2520,45,0
n012w8-0,n012w8,0,5,500000,100.0,adaptive,2026-07-04T11:48:24+01:00,4,0,23,99.936469,2520,2310,210,0
n012w8-0,n012w8,0,5,500000,100.0,adaptive,2026-07-04T11:48:24+01:00,4,0,31,99.914381,2310,2280,30,0
n012w8-0,n012w8,0,5,500000,100.0,adaptive,2026-07-04T11:48:24+01:00,4,0,34,99.906099,2280,2100,180,0
n012w8-0,n012w8,0,5,500000,100.0,adaptive,2026-07-04T11:48:24+01:00,4,0,39,99.892297,2100,1875,225,0
n012w8-0,n012w8,0,5,500000,100.0,adaptive,2026-07-04T11:48:24+01:00,4,0,40,99.889537,1875,1740,135,0
n012w8-0,n012w8,0,5,500000,100.0,adaptive,2026-07-04T11:48:24+01:00,4,0,41,99.886777,1740,1695,45,0
n012w8-0,n012w8,0,5,500000,100.0,adaptive,2026-07-04T11:48:24+01:00,4,0,42,99.884017,1695,1650,45,0
n012w8-0,n012w8,0,5,500000,100.0,adaptive,2026-07-04T11:48:24+01:00,4,0,47,99.870218,1650,1620,30,0
n012w8-0,n012w8,0,5,500000,100.0,adaptive,2026-07-04T11:48:24+01:00,4,0,49,99.864700,1620,1500,120,0
n012w8-0,n012w8,0,5,500000,100.0,adaptive,2026-07-04T11:48:24+01:00,4,0,61,99.831593,1500,1410,90,0
n012w8-0,n012w8,0,5,500000,100.0,adaptive,2026-07-04T11:48:24+01:00,4,0,63,99.826076,1410,1380,30,0
n012w8-0,n012w8,0,5,500000,100.0,adaptive,2026-07-04T11:48:24+01:00,4,0,71,99.804012,1380,1365,15,0
n012w8-0,n012w8,0,5,500000,100.0,adaptive,2026-07-04T11:48:24+01:00,4,0,105,99.710295,1365,1320,45,0
n012w8-0,n012w8,0,5,500000,100.0,adaptive,2026-07-04T11:48:24+01:00,4,0,106,99.707540,1320,1290,30,0
n012w8-0,n012w8,0,5,500000,100.0,adaptive,2026-07-04T11:48:24+01:00,4,0,107,99.704785,1290,1260,30,0
n012w8-0,n012w8,0,5,500000,100.0,adaptive,2026-07-04T11:48:24+01:00,4,0,109,99.699275,1260,1230,30,0
n012w8-0,n012w8,0,5,500000,100.0,adaptive,2026-07-04T11:48:24+01:00,4,0,268,99.262224,1230,1165,65,0
n012w8-0,n012w8,0,5,500000,100.0,adaptive,2026-07-04T11:48:24+01:00,4,0,269,99.259481,1165,1120,45,0
n012w8-0,n012w8,0,5,500000,100.0,adaptive,2026-07-04T11:48:24+01:00,4,0,498,98.633399,1120,1065,55,2
n012w8-0,n012w8,0,5,500000,100.0,adaptive,2026-07-04T11:48:24+01:00,4,0,500,98.627949,1065,1050,15,2
n012w8-0,n012w8,0,5,500000,100.0,adaptive,2026-07-04T11:48:24+01:00,4,0,542,98.513557,1050,1005,45,2
n012w8-0,n012w8,0,5,500000,100.0,adaptive,2026-07-04T11:48:24+01:00,4,0,543,98.510835,1005,930,75,2
n012w8-0,n012w8,0,5,500000,100.0,adaptive,2026-07-04T11:48:24+01:00,4,0,2974,92.111107,930,880,50,5
n012w8-0,n012w8,0,5,500000,100.0,adaptive,2026-07-04T11:48:24+01:00,4,0,9987,75.885011,880,795,85,16
n012w8-0,n012w8,0,5,500000,100.0,adaptive,2026-07-04T11:48:24+01:00,4,0,19618,58.154590,795,765,30,29
n012w8-0,n012w8,0,5,500000,100.0,adaptive,2026-07-04T11:48:24+01:00,4,0,19625,58.143343,765,735,30,29
n012w8-0,n012w8,0,5,500000,100.0,adaptive,2026-07-04T11:48:24+01:00,4,0,25399,49.569210,735,690,45,37
n012w8-0,n012w8,0,5,500000,100.0,adaptive,2026-07-04T11:48:24+01:00,4,0,27691,46.527316,690,685,5,41
n012w8-0,n012w8,0,5,500000,100.0,adaptive,2026-07-04T11:48:24+01:00,4,0,27692,46.526030,685,625,60,41
n012w8-0,n012w8,0,5,500000,100.0,adaptive,2026-07-04T11:48:24+01:00,4,0,27700,46.515747,625,610,15,41
n012w8-0,n012w8,0,5,500000,100.0,adaptive,2026-07-04T11:48:24+01:00,4,0,31791,41.543970,610,570,40,47
n012w8-0,n012w8,0,5,500000,100.0,adaptive,2026-07-04T11:48:24+01:00,4,0,31796,41.538231,570,550,20,47
n012w8-0,n012w8,0,5,500000,100.0,adaptive,2026-07-04T11:48:24+01:00,4,0,34428,38.624600,550,540,10,51
n012w8-0,n012w8,0,5,500000,100.0,adaptive,2026-07-04T11:48:24+01:00,4,0,34435,38.617131,540,525,15,51
n012w8-0,n012w8,0,5,500000,100.0,adaptive,2026-07-04T11:48:24+01:00,4,0,34450,38.601128,525,480,45,51
n012w8-0,n012w8,0,5,500000,100.0,adaptive,2026-07-04T11:48:24+01:00,4,0,35222,37.786442,480,450,30,52
n012w8-0,n012w8,0,5,500000,100.0,adaptive,2026-07-04T11:48:24+01:00,4,0,35231,37.777046,450,435,15,52
n012w8-0,n012w8,0,5,500000,100.0,adaptive,2026-07-04T11:48:24+01:00,4,0,35256,37.750960,435,405,30,52
n012w8-0,n012w8,0,5,500000,100.0,adaptive,2026-07-04T11:48:24+01:00,4,0,35268,37.738445,405,375,30,52
n012w8-0,n012w8,0,5,500000,100.0,adaptive,2026-07-04T11:48:24+01:00,4,0,50388,24.851007,375,370,5,73
n012w8-0,n012w8,0,5,500000,100.0,adaptive,2026-07-04T11:48:24+01:00,4,0,50411,24.835219,370,280,90,73
n012w8-0,n012w8,0,5,500000,100.0,adaptive,2026-07-04T11:48:24+01:00,4,0,50419,24.829730,280,265,15,73
n012w8-0,n012w8,0,5,500000,100.0,adaptive,2026-07-04T11:48:24+01:00,4,0,63051,17.514107,265,255,10,89
n012w8-0,n012w8,0,5,500000,100.0,adaptive,2026-07-04T11:48:24+01:00,4,0,63501,17.297686,255,240,15,90
n012w8-0,n012w8,0,5,500000,100.0,adaptive,2026-07-04T11:48:24+01:00,4,0,65300,16.458869,240,225,15,92
n012w8-0,n012w8,0,5,500000,100.0,adaptive,2026-07-04T11:48:24+01:00,4,0,65310,16.454322,225,210,15,92
n012w8-0,n012w8,0,5,500000,100.0,adaptive,2026-07-04T11:48:24+01:00,4,0,72600,13.452407,210,180,30,101
n012w8-0,n012w8,0,5,500000,100.0,adaptive,2026-07-04T11:48:24+01:00,4,0,80939,10.683954,180,165,15,112
n012w8-0,n012w8,0,5,500000,100.0,adaptive,2026-07-04T11:48:24+01:00,4,2,89843,8.353799,165,160,5,160
n012w8-0,n012w8,0,5,500000,100.0,adaptive,2026-07-04T11:48:24+01:00,4,2,91539,7.971352,160,150,10,162
n012w8-0,n012w8,0,5,500000,100.0,adaptive,2026-07-04T11:48:24+01:00,4,2,91619,7.953751,150,145,5,162
n012w8-0,n012w8,0,5,500000,100.0,adaptive,2026-07-04T11:48:24+01:00,4,2,92455,7.772129,145,120,25,163
n012w8-0,n012w8,0,5,500000,100.0,adaptive,2026-07-04T11:48:24+01:00,5,0,4,99.988948,4245,3945,300,0
n012w8-0,n012w8,0,5,500000,100.0,adaptive,2026-07-04T11:48:24+01:00,5,0,8,99.977898,3945,3835,110,0
n012w8-0,n012w8,0,5,500000,100.0,adaptive,2026-07-04T11:48:24+01:00,5,0,9,99.975135,3835,3745,90,0
n012w8-0,n012w8,0,5,500000,100.0,adaptive,2026-07-04T11:48:24+01:00,5,0,13,99.964086,3745,3715,30,0
n012w8-0,n012w8,0,5,500000,100.0,adaptive,2026-07-04T11:48:24+01:00,5,0,14,99.961324,3715,3325,390,0
n012w8-0,n012w8,0,5,500000,100.0,adaptive,2026-07-04T11:48:24+01:00,5,0,15,99.958562,3325,3145,180,0
n012w8-0,n012w8,0,5,500000,100.0,adaptive,2026-07-04T11:48:24+01:00,5,0,16,99.955800,3145,2940,205,0
n012w8-0,n012w8,0,5,500000,100.0,adaptive,2026-07-04T11:48:24+01:00,5,0,20,99.944753,2940,2880,60,0
n012w8-0,n012w8,0,5,500000,100.0,adaptive,2026-07-04T11:48:24+01:00,5,0,21,99.941992,2880,2865,15,0
n012w8-0,n012w8,0,5,500000,100.0,adaptive,2026-07-04T11:48:24+01:00,5,0,25,99.930946,2865,2655,210,0
n012w8-0,n012w8,0,5,500000,100.0,adaptive,2026-07-04T11:48:24+01:00,5,0,26,99.928185,2655,2245,410,0
n012w8-0,n012w8,0,5,500000,100.0,adaptive,2026-07-04T11:48:24+01:00,5,0,29,99.919902,2245,2205,40,0
n012w8-0,n012w8,0,5,500000,100.0,adaptive,2026-07-04T11:48:24+01:00,5,0,30,99.917141,2205,2190,15,0
n012w8-0,n012w8,0,5,500000,100.0,adaptive,2026-07-04T11:48:24+01:00,5,0,37,99.897817,2190,2150,40,0
n012w8-0,n012w8,0,5,500000,100.0,adaptive,2026-07-04T11:48:24+01:00,5,0,38,99.895057,2150,2140,10,0
n012w8-0,n012w8,0,5,500000,100.0,adaptive,2026-07-04T11:48:24+01:00,5,0,39,99.892297,2140,1870,270,0
n012w8-0,n012w8,0,5,500000,100.0,adaptive,2026-07-04T11:48:24+01:00,5,0,41,99.886777,1870,1855,15,0
n012w8-0,n012w8,0,5,500000,100.0,adaptive,2026-07-04T11:48:24+01:00,5,0,48,99.867459,1855,1845,10,0
n012w8-0,n012w8,0,5,500000,100.0,adaptive,2026-07-04T11:48:24+01:00,5,0,50,99.861940,1845,1815,30,0
n012w8-0,n012w8,0,5,500000,100.0,adaptive,2026-07-04T11:48:24+01:00,5,0,52,99.856422,1815,1730,85,0
n012w8-0,n012w8,0,5,500000,100.0,adaptive,2026-07-04T11:48:24+01:00,5,0,53,99.853663,1730,1520,210,0
n012w8-0,n012w8,0,5,500000,100.0,adaptive,2026-07-04T11:48:24+01:00,5,0,54,99.850904,1520,1340,180,0
n012w8-0,n012w8,0,5,500000,100.0,adaptive,2026-07-04T11:48:24+01:00,5,0,61,99.831593,1340,1330,10,0
n012w8-0,n012w8,0,5,500000,100.0,adaptive,2026-07-04T11:48:24+01:00,5,0,87,99.759899,1330,1255,75,0
n012w8-0,n012w8,0,5,500000,100.0,adaptive,2026-07-04T11:48:24+01:00,5,0,318,99.125183,1255,1235,20,1
n012w8-0,n012w8,0,5,500000,100.0,adaptive,2026-07-04T11:48:24+01:00,5,0,326,99.103274,1235,1225,10,1
n012w8-0,n012w8,0,5,500000,100.0,adaptive,2026-07-04T11:48:24+01:00,5,0,331,99.089583,1225,1195,30,1
n012w8-0,n012w8,0,5,500000,100.0,adaptive,2026-07-04T11:48:24+01:00,5,0,410,98.873521,1195,1175,20,1
n012w8-0,n012w8,0,5,500000,100.0,adaptive,2026-07-04T11:48:24+01:00,5,0,1457,96.054121,1175,1115,60,3
n012w8-0,n012w8,0,5,500000,100.0,adaptive,2026-07-04T11:48:24+01:00,5,0,2402,93.578483,1115,1090,25,4
n012w8-0,n012w8,0,5,500000,100.0,adaptive,2026-07-04T11:48:24+01:00,5,0,4738,87.729166,1090,1075,15,7
n012w8-0,n012w8,0,5,500000,100.0,adaptive,2026-07-04T11:48:24+01:00,5,0,4756,87.685544,1075,1040,35,7
n012w8-0,n012w8,0,5,500000,100.0,adaptive,2026-07-04T11:48:24+01:00,5,0,4761,87.673430,1040,905,135,7
n012w8-0,n012w8,0,5,500000,100.0,adaptive,2026-07-04T11:48:24+01:00,5,0,4762,87.671008,905,865,40,7
n012w8-0,n012w8,0,5,500000,100.0,adaptive,2026-07-04T11:48:24+01:00,5,0,4765,87.663741,865,850,15,7
n012w8-0,n012w8,0,5,500000,100.0,adaptive,2026-07-04T11:48:24+01:00,5,0,5657,85.529513,850,800,50,9
n012w8-0,n012w8,0,5,500000,100.0,adaptive,2026-07-04T11:48:24+01:00,5,0,5682,85.470452,800,770,30,9
n012w8-0,n012w8,0,5,500000,100.0,adaptive,2026-07-04T11:48:24+01:00,5,0,29933,43.732469,770,745,25,49
n012w8-0,n012w8,0,5,500000,100.0,adaptive,2026-07-04T11:48:24+01:00,5,0,30011,43.638318,745,730,15,50
n012w8-0,n012w8,0,5,500000,100.0,adaptive,2026-07-04T11:48:24+01:00,5,0,30014,43.634701,730,670,60,50
n012w8-0,n012w8,0,5,500000,100.0,adaptive,2026-07-04T11:48:24+01:00,5,0,37734,35.252669,670,665,5,61
n012w8-0,n012w8,0,5,500000,100.0,adaptive,2026-07-04T11:48:24+01:00,5,0,39382,33.683406,665,645,20,64
n012w8-0,n012w8,0,5,500000,100.0,adaptive,2026-07-04T11:48:24+01:00,5,0,39407,33.660146,645,640,5,64
n012w8-0,n012w8,0,5,500000,100.0,adaptive,2026-07-04T11:48:24+01:00,5,0,39420,33.648058,640,595,45,64
n012w8-0,n012w8,0,5,500000,100.0,adaptive,2026-07-04T11:48:24+01:00,5,0,47261,27.093680,595,590,5,76
n012w8-0,n012w8,0,5,500000,100.0,adaptive,2026-07-04T11:48:24+01:00,5,0,50183,24.992172,590,570,20,81
n012w8-0,n012w8,0,5,500000,100.0,adaptive,2026-07-04T11:48:24+01:00,5,0,51620,24.019281,570,545,25,83
n012w8-0,n012w8,0,5,500000,100.0,adaptive,2026-07-04T11:48:24+01:00,5,0,51853,23.865141,545,530,15,83
n012w8-0,n012w8,0,5,500000,100.0,adaptive,2026-07-04T11:48:24+01:00,5,0,51930,23.814420,530,520,10,83
n012w8-0,n012w8,0,5,500000,100.0,adaptive,2026-07-04T11:48:24+01:00,5,0,51934,23.811788,520,505,15,83
n012w8-0,n012w8,0,5,500000,100.0,adaptive,2026-07-04T11:48:24+01:00,5,0,67025,15.692784,505,490,15,105
n012w8-0,n012w8,0,5,500000,100.0,adaptive,2026-07-04T11:48:24+01:00,5,0,67137,15.644295,490,445,45,106
n012w8-0,n012w8,0,5,500000,100.0,adaptive,2026-07-04T11:48:24+01:00,5,0,76391,12.114570,445,420,25,119
n012w8-0,n012w8,0,5,500000,100.0,adaptive,2026-07-04T11:48:24+01:00,5,0,76719,12.005272,420,405,15,120
n012w8-0,n012w8,0,5,500000,100.0,adaptive,2026-07-04T11:48:24+01:00,5,0,76949,11.929219,405,390,15,120
n012w8-0,n012w8,0,5,500000,100.0,adaptive,2026-07-04T11:48:24+01:00,5,0,77643,11.702644,390,375,15,121
n012w8-0,n012w8,0,5,500000,100.0,adaptive,2026-07-04T11:48:24+01:00,5,0,83581,9.931801,375,360,15,129
n012w8-0,n012w8,0,5,500000,100.0,adaptive,2026-07-04T11:48:24+01:00,5,3,79066,11.251437,360,355,5,228
n012w8-0,n012w8,0,5,500000,100.0,adaptive,2026-07-04T11:48:24+01:00,5,4,95569,7.131354,355,345,10,373
n012w8-0,n012w8,0,5,500000,100.0,adaptive,2026-07-04T11:48:24+01:00,5,4,95805,7.085002,345,330,15,373
n012w8-0,n012w8,0,5,500000,100.0,adaptive,2026-07-04T11:48:24+01:00,5,4,101847,5.995646,330,315,15,380
n012w8-0,n012w8,0,5,500000,100.0,adaptive,2026-07-04T11:48:24+01:00,6,0,1,99.997237,3415,3385,30,2
n012w8-0,n012w8,0,5,500000,100.0,adaptive,2026-07-04T11:48:24+01:00,6,0,3,99.991711,3385,3085,300,2
n012w8-0,n012w8,0,5,500000,100.0,adaptive,2026-07-04T11:48:24+01:00,6,0,4,99.988948,3085,3025,60,2
n012w8-0,n012w8,0,5,500000,100.0,adaptive,2026-07-04T11:48:24+01:00,6,0,5,99.986185,3025,2860,165,2
n012w8-0,n012w8,0,5,500000,100.0,adaptive,2026-07-04T11:48:24+01:00,6,0,11,99.969610,2860,2770,90,2
n012w8-0,n012w8,0,5,500000,100.0,adaptive,2026-07-04T11:48:24+01:00,6,0,13,99.964086,2770,2740,30,2
n012w8-0,n012w8,0,5,500000,100.0,adaptive,2026-07-04T11:48:24+01:00,6,0,14,99.961324,2740,2600,140,2
n012w8-0,n012w8,0,5,500000,100.0,adaptive,2026-07-04T11:48:24+01:00,6,0,16,99.955800,2600,2465,135,2
n012w8-0,n012w8,0,5,500000,100.0,adaptive,2026-07-04T11:48:24+01:00,6,0,17,99.953038,2465,2435,30,2
n012w8-0,n012w8,0,5,500000,100.0,adaptive,2026-07-04T11:48:24+01:00,6,0,20,99.944753,2435,2195,240,2
n012w8-0,n012w8,0,5,500000,100.0,adaptive,2026-07-04T11:48:24+01:00,6,0,26,99.928185,2195,2135,60,2
n012w8-0,n012w8,0,5,500000,100.0,adaptive,2026-07-04T11:48:24+01:00,6,0,30,99.917141,2135,2105,30,2
n012w8-0,n012w8,0,5,500000,100.0,adaptive,2026-07-04T11:48:24+01:00,6,0,32,99.911620,2105,2015,90,2
n012w8-0,n012w8,0,5,500000,100.0,adaptive,2026-07-04T11:48:24+01:00,6,0,33,99.908859,2015,2000,15,2
n012w8-0,n012w8,0,5,500000,100.0,adaptive,2026-07-04T11:48:24+01:00,6,0,34,99.906099,2000,1970,30,2
n012w8-0,n012w8,0,5,500000,100.0,adaptive,2026-07-04T11:48:24+01:00,6,0,39,99.892297,1970,1865,105,2
n012w8-0,n012w8,0,5,500000,100.0,adaptive,2026-07-04T11:48:24+01:00,6,0,40,99.889537,1865,1805,60,2
n012w8-0,n012w8,0,5,500000,100.0,adaptive,2026-07-04T11:48:24+01:00,6,0,42,99.884017,1805,1775,30,2
n012w8-0,n012w8,0,5,500000,100.0,adaptive,2026-07-04T11:48:24+01:00,6,0,79,99.781953,1775,1700,75,2
n012w8-0,n012w8,0,5,500000,100.0,adaptive,2026-07-04T11:48:24+01:00,6,0,89,99.754386,1700,1595,105,2
n012w8-0,n012w8,0,5,500000,100.0,adaptive,2026-07-04T11:48:24+01:00,6,0,91,99.748874,1595,1535,60,2
n012w8-0,n012w8,0,5,500000,100.0,adaptive,2026-07-04T11:48:24+01:00,6,0,124,99.657962,1535,1430,105,2
n012w8-0,n012w8,0,5,500000,100.0,adaptive,2026-07-04T11:48:24+01:00,6,0,143,99.605656,1430,1400,30,2
n012w8-0,n012w8,0,5,500000,100.0,adaptive,2026-07-04T11:48:24+01:00,6,0,147,99.594648,1400,1385,15,2
n012w8-0,n012w8,0,5,500000,100.0,adaptive,2026-07-04T11:48:24+01:00,6,0,150,99.586392,1385,1370,15,2
n012w8-0,n012w8,0,5,500000,100.0,adaptive,2026-07-04T11:48:24+01:00,6,0,160,99.558879,1370,1250,120,2
n012w8-0,n012w8,0,5,500000,100.0,adaptive,2026-07-04T11:48:24+01:00,6,0,217,99.402201,1250,1235,15,2
n012w8-0,n012w8,0,5,500000,100.0,adaptive,2026-07-04T11:48:24+01:00,6,0,218,99.399454,1235,1115,120,2
n012w8-0,n012w8,0,5,500000,100.0,adaptive,2026-07-04T11:48:24+01:00,6,0,220,99.393961,1115,1085,30,2
n012w8-0,n012w8,0,5,500000,100.0,adaptive,2026-07-04T11:48:24+01:00,6,0,223,99.385723,1085,1025,60,2
n012w8-0,n012w8,0,5,500000,100.0,adaptive,2026-07-04T11:48:24+01:00,6,0,227,99.374739,1025,875,150,2
n012w8-0,n012w8,0,5,500000,100.0,adaptive,2026-07-04T11:48:24+01:00,6,0,228,99.371993,875,845,30,2
n012w8-0,n012w8,0,5,500000,100.0,adaptive,2026-07-04T11:48:24+01:00,6,0,7769,80.681135,845,815,30,20
n012w8-0,n012w8,0,5,500000,100.0,adaptive,2026-07-04T11:48:24+01:00,6,0,7771,80.676677,815,800,15,20
n012w8-0,n012w8,0,5,500000,100.0,adaptive,2026-07-04T11:48:24+01:00,6,0,9354,77.223948,800,790,10,22
n012w8-0,n012w8,0,5,500000,100.0,adaptive,2026-07-04T11:48:24+01:00,6,0,14145,67.648785,790,760,30,29
n012w8-0,n012w8,0,5,500000,100.0,adaptive,2026-07-04T11:48:24+01:00,6,0,14149,67.641308,760,745,15,29
n012w8-0,n012w8,0,5,500000,100.0,adaptive,2026-07-04T11:48:24+01:00,6,0,20441,56.847059,745,730,15,39
n012w8-0,n012w8,0,5,500000,100.0,adaptive,2026-07-04T11:48:24+01:00,6,0,20445,56.840776,730,685,45,39
n012w8-0,n012w8,0,5,500000,100.0,adaptive,2026-07-04T11:48:24+01:00,6,0,20455,56.825073,685,670,15,39
n012w8-0,n012w8,0,5,500000,100.0,adaptive,2026-07-04T11:48:24+01:00,6,0,23611,52.079643,670,640,30,43
n012w8-0,n012w8,0,5,500000,100.0,adaptive,2026-07-04T11:48:24+01:00,6,0,23622,52.063816,640,595,45,43
n012w8-0,n012w8,0,5,500000,100.0,adaptive,2026-07-04T11:48:24+01:00,6,0,31775,41.562341,595,555,40,55
n012w8-0,n012w8,0,5,500000,100.0,adaptive,2026-07-04T11:48:24+01:00,6,0,31780,41.556599,555,540,15,55
n012w8-0,n012w8,0,5,500000,100.0,adaptive,2026-07-04T11:48:24+01:00,6,0,31821,41.509548,540,510,30,55
n012w8-0,n012w8,0,5,500000,100.0,adaptive,2026-07-04T11:48:24+01:00,6,0,31822,41.508401,510,480,30,55
n012w8-0,n012w8,0,5,500000,100.0,adaptive,2026-07-04T11:48:24+01:00,6,0,45523,28.426540,480,475,5,75
n012w8-0,n012w8,0,5,500000,100.0,adaptive,2026-07-04T11:48:24+01:00,6,0,45596,28.369260,475,450,25,75
n012w8-0,n012w8,0,5,500000,100.0,adaptive,2026-07-04T11:48:24+01:00,6,0,45632,28.341054,450,430,20,75
n012w8-0,n012w8,0,5,500000,100.0,adaptive,2026-07-04T11:48:24+01:00,6,0,50802,24.568351,430,425,5,83
n012w8-0,n012w8,0,5,500000,100.0,adaptive,2026-07-04T11:48:24+01:00,6,0,50812,24.561563,425,410,15,83
n012w8-0,n012w8,0,5,500000,100.0,adaptive,2026-07-04T11:48:24+01:00,6,0,53952,22.520395,410,390,20,87
n012w8-0,n012w8,0,5,500000,100.0,adaptive,2026-07-04T11:48:24+01:00,6,0,58153,20.052291,390,385,5,93
n012w8-0,n012w8,0,5,500000,100.0,adaptive,2026-07-04T11:48:24+01:00,6,0,58564,19.825858,385,370,15,94
n012w8-0,n012w8,0,5,500000,100.0,adaptive,2026-07-04T11:48:24+01:00,6,0,67122,15.650780,370,335,35,106
n012w8-0,n012w8,0,5,500000,100.0,adaptive,2026-07-04T11:48:24+01:00,6,0,67874,15.328936,335,305,30,107
n012w8-0,n012w8,0,5,500000,100.0,adaptive,2026-07-04T11:48:24+01:00,6,0,67885,15.324277,305,290,15,107
n012w8-0,n012w8,0,5,500000,100.0,adaptive,2026-07-04T11:48:24+01:00,6,0,70247,14.356084,290,280,10,110
n012w8-0,n012w8,0,5,500000,100.0,adaptive,2026-07-04T11:48:24+01:00,6,0,70254,14.353308,280,265,15,110
n012w8-0,n012w8,0,5,500000,100.0,adaptive,2026-07-04T11:48:24+01:00,6,0,70259,14.351325,265,255,10,110
n012w8-0,n012w8,0,5,500000,100.0,adaptive,2026-07-04T11:48:24+01:00,6,0,81525,10.512355,255,250,5,125
n012w8-0,n012w8,0,5,500000,100.0,adaptive,2026-07-04T11:48:24+01:00,6,0,81551,10.504805,250,235,15,125
n012w8-0,n012w8,0,5,500000,100.0,adaptive,2026-07-04T11:48:24+01:00,6,0,92240,7.818438,235,225,10,139
n012w8-0,n012w8,0,5,500000,100.0,adaptive,2026-07-04T11:48:24+01:00,6,0,92398,7.784379,225,220,5,139
n012w8-0,n012w8,0,5,500000,100.0,adaptive,2026-07-04T11:48:24+01:00,7,0,2,99.994474,3310,3280,30,0
n012w8-0,n012w8,0,5,500000,100.0,adaptive,2026-07-04T11:48:24+01:00,7,0,6,99.983423,3280,3160,120,0
n012w8-0,n012w8,0,5,500000,100.0,adaptive,2026-07-04T11:48:24+01:00,7,0,7,99.980660,3160,3130,30,0
n012w8-0,n012w8,0,5,500000,100.0,adaptive,2026-07-04T11:48:24+01:00,7,0,8,99.977898,3130,3055,75,0
n012w8-0,n012w8,0,5,500000,100.0,adaptive,2026-07-04T11:48:24+01:00,7,0,14,99.961324,3055,2980,75,0
n012w8-0,n012w8,0,5,500000,100.0,adaptive,2026-07-04T11:48:24+01:00,7,0,17,99.953038,2980,2770,210,0
n012w8-0,n012w8,0,5,500000,100.0,adaptive,2026-07-04T11:48:24+01:00,7,0,20,99.944753,2770,2710,60,0
n012w8-0,n012w8,0,5,500000,100.0,adaptive,2026-07-04T11:48:24+01:00,7,0,22,99.939230,2710,2590,120,0
n012w8-0,n012w8,0,5,500000,100.0,adaptive,2026-07-04T11:48:24+01:00,7,0,25,99.930946,2590,2560,30,0
n012w8-0,n012w8,0,5,500000,100.0,adaptive,2026-07-04T11:48:24+01:00,7,0,26,99.928185,2560,2335,225,0
n012w8-0,n012w8,0,5,500000,100.0,adaptive,2026-07-04T11:48:24+01:00,7,0,27,99.925424,2335,2215,120,0
n012w8-0,n012w8,0,5,500000,100.0,adaptive,2026-07-04T11:48:24+01:00,7,0,29,99.919902,2215,2185,30,0
n012w8-0,n012w8,0,5,500000,100.0,adaptive,2026-07-04T11:48:24+01:00,7,0,30,99.917141,2185,2140,45,0
n012w8-0,n012w8,0,5,500000,100.0,adaptive,2026-07-04T11:48:24+01:00,7,0,35,99.903338,2140,2085,55,0
n012w8-0,n012w8,0,5,500000,100.0,adaptive,2026-07-04T11:48:24+01:00,7,0,37,99.897817,2085,1935,150,0
n012w8-0,n012w8,0,5,500000,100.0,adaptive,2026-07-04T11:48:24+01:00,7,0,50,99.861940,1935,1905,30,0
n012w8-0,n012w8,0,5,500000,100.0,adaptive,2026-07-04T11:48:24+01:00,7,0,54,99.850904,1905,1875,30,0
n012w8-0,n012w8,0,5,500000,100.0,adaptive,2026-07-04T11:48:24+01:00,7,0,56,99.845386,1875,1830,45,0
n012w8-0,n012w8,0,5,500000,100.0,adaptive,2026-07-04T11:48:24+01:00,7,0,61,99.831593,1830,1770,60,0
n012w8-0,n012w8,0,5,500000,100.0,adaptive,2026-07-04T11:48:24+01:00,7,0,66,99.817801,1770,1725,45,0
n012w8-0,n012w8,0,5,500000,100.0,adaptive,2026-07-04T11:48:24+01:00,7,0,139,99.616665,1725,1615,110,1
n012w8-0,n012w8,0,5,500000,100.0,adaptive,2026-07-04T11:48:24+01:00,7,0,141,99.611161,1615,1555,60,1
n012w8-0,n012w8,0,5,500000,100.0,adaptive,2026-07-04T11:48:24+01:00,7,0,147,99.594648,1555,1540,15,1
n012w8-0,n012w8,0,5,500000,100.0,adaptive,2026-07-04T11:48:24+01:00,7,0,182,99.498378,1540,1520,20,1
n012w8-0,n012w8,0,5,500000,100.0,adaptive,2026-07-04T11:48:24+01:00,7,0,185,99.490130,1520,1385,135,1
n012w8-0,n012w8,0,5,500000,100.0,adaptive,2026-07-04T11:48:24+01:00,7,0,192,99.470889,1385,1295,90,1
n012w8-0,n012w8,0,5,500000,100.0,adaptive,2026-07-04T11:48:24+01:00,7,0,307,99.155315,1295,1205,90,1
n012w8-0,n012w8,0,5,500000,100.0,adaptive,2026-07-04T11:48:24+01:00,7,0,309,99.149836,1205,1190,15,1
n012w8-0,n012w8,0,5,500000,100.0,adaptive,2026-07-04T11:48:24+01:00,7,0,312,99.141617,1190,1100,90,1
n012w8-0,n012w8,0,5,500000,100.0,adaptive,2026-07-04T11:48:24+01:00,7,0,2188,94.133455,1100,1080,20,4
n012w8-0,n012w8,0,5,500000,100.0,adaptive,2026-07-04T11:48:24+01:00,7,0,3670,90.356625,1080,1055,25,6
n012w8-0,n012w8,0,5,500000,100.0,adaptive,2026-07-04T11:48:24+01:00,7,0,3747,90.164587,1055,995,60,6
n012w8-0,n012w8,0,5,500000,100.0,adaptive,2026-07-04T11:48:24+01:00,7,0,3754,90.147150,995,950,45,6
n012w8-0,n012w8,0,5,500000,100.0,adaptive,2026-07-04T11:48:24+01:00,7,0,7768,80.683364,950,905,45,11
n012w8-0,n012w8,0,5,500000,100.0,adaptive,2026-07-04T11:48:24+01:00,7,0,7783,80.649931,905,830,75,11
n012w8-0,n012w8,0,5,500000,100.0,adaptive,2026-07-04T11:48:24+01:00,7,0,12039,71.702121,830,825,5,18
n012w8-0,n012w8,0,5,500000,100.0,adaptive,2026-07-04T11:48:24+01:00,7,0,13926,68.059382,825,805,20,20
n012w8-0,n012w8,0,5,500000,100.0,adaptive,2026-07-04T11:48:24+01:00,7,0,13948,68.018022,805,760,45,21
n012w8-0,n012w8,0,5,500000,100.0,adaptive,2026-07-04T11:48:24+01:00,7,0,16579,63.248758,760,655,105,24
n012w8-0,n012w8,0,5,500000,100.0,adaptive,2026-07-04T11:48:24+01:00,7,0,29254,44.560700,655,640,15,43
n012w8-0,n012w8,0,5,500000,100.0,adaptive,2026-07-04T11:48:24+01:00,7,0,29261,44.552082,640,625,15,43
n012w8-0,n012w8,0,5,500000,100.0,adaptive,2026-07-04T11:48:24+01:00,7,0,29319,44.480740,625,620,5,43
n012w8-0,n012w8,0,5,500000,100.0,adaptive,2026-07-04T11:48:24+01:00,7,0,29379,44.407058,620,605,15,44
n012w8-0,n012w8,0,5,500000,100.0,adaptive,2026-07-04T11:48:24+01:00,7,0,29388,44.396016,605,545,60,44
n012w8-0,n012w8,0,5,500000,100.0,adaptive,2026-07-04T11:48:24+01:00,7,0,36993,35.981892,545,520,25,55
n012w8-0,n012w8,0,5,500000,100.0,adaptive,2026-07-04T11:48:24+01:00,7,0,36996,35.978910,520,505,15,55
n012w8-0,n012w8,0,5,500000,100.0,adaptive,2026-07-04T11:48:24+01:00,7,0,37026,35.949098,505,485,20,55
n012w8-0,n012w8,0,5,500000,100.0,adaptive,2026-07-04T11:48:24+01:00,7,0,42550,30.860290,485,475,10,63
n012w8-0,n012w8,0,5,500000,100.0,adaptive,2026-07-04T11:48:24+01:00,7,0,42590,30.826201,475,460,15,63
n012w8-0,n012w8,0,5,500000,100.0,adaptive,2026-07-04T11:48:24+01:00,7,0,42636,30.787045,460,440,20,63
n012w8-0,n012w8,0,5,500000,100.0,adaptive,2026-07-04T11:48:24+01:00,7,0,42638,30.785343,440,410,30,63
n012w8-0,n012w8,0,5,500000,100.0,adaptive,2026-07-04T11:48:24+01:00,7,0,53989,22.497383,410,405,5,79
n012w8-0,n012w8,0,5,500000,100.0,adaptive,2026-07-04T11:48:24+01:00,7,0,54002,22.489303,405,390,15,79
n012w8-0,n012w8,0,5,500000,100.0,adaptive,2026-07-04T11:48:24+01:00,7,0,54021,22.477500,390,285,105,79
n012w8-0,n012w8,0,5,500000,100.0,adaptive,2026-07-04T11:48:24+01:00,7,0,54028,22.473153,285,255,30,79
n012w8-0,n012w8,0,5,500000,100.0,adaptive,2026-07-04T11:48:24+01:00,7,0,85308,9.468997,255,245,10,121
n012w8-0,n012w8,0,5,500000,100.0,adaptive,2026-07-04T11:48:24+01:00,7,0,85669,9.375016,245,230,15,122
n012w8-0,n012w8,0,5,500000,100.0,adaptive,2026-07-04T11:48:24+01:00,7,0,92934,7.669941,230,220,10,131
n012w8-0,n012w8,0,5,500000,100.0,adaptive,2026-07-04T11:48:24+01:00,7,2,73371,13.168855,220,195,25,147
n012w8-0,n012w8,0,5,500000,100.0,adaptive,2026-07-04T11:48:24+01:00,7,2,73506,13.119824,195,190,5,147
n012w8-0,n012w8,0,5,500000,100.0,adaptive,2026-07-04T11:48:24+01:00,7,2,102197,5.937943,190,180,10,184
n012w8-0,n012w8,0,5,500000,100.0,adaptive,2026-07-04T11:48:24+01:00,8,0,3,99.991711,4725,4565,160,1
n012w8-0,n012w8,0,5,500000,100.0,adaptive,2026-07-04T11:48:24+01:00,8,0,7,99.980660,4565,4435,130,1
n012w8-0,n012w8,0,5,500000,100.0,adaptive,2026-07-04T11:48:24+01:00,8,0,8,99.977898,4435,4375,60,1
n012w8-0,n012w8,0,5,500000,100.0,adaptive,2026-07-04T11:48:24+01:00,8,0,10,99.972373,4375,4285,90,1
n012w8-0,n012w8,0,5,500000,100.0,adaptive,2026-07-04T11:48:24+01:00,8,0,11,99.969610,4285,4175,110,1
n012w8-0,n012w8,0,5,500000,100.0,adaptive,2026-07-04T11:48:24+01:00,8,0,14,99.961324,4175,4110,65,1
n012w8-0,n012w8,0,5,500000,100.0,adaptive,2026-07-04T11:48:24+01:00,8,0,20,99.944753,4110,4075,35,1
n012w8-0,n012w8,0,5,500000,100.0,adaptive,2026-07-04T11:48:24+01:00,8,0,28,99.922663,4075,3965,110,1
n012w8-0,n012w8,0,5,500000,100.0,adaptive,2026-07-04T11:48:24+01:00,8,0,29,99.919902,3965,3950,15,1
n012w8-0,n012w8,0,5,500000,100.0,adaptive,2026-07-04T11:48:24+01:00,8,0,32,99.911620,3950,3920,30,1
n012w8-0,n012w8,0,5,500000,100.0,adaptive,2026-07-04T11:48:24+01:00,8,0,33,99.908859,3920,3750,170,1
n012w8-0,n012w8,0,5,500000,100.0,adaptive,2026-07-04T11:48:24+01:00,8,0,34,99.906099,3750,3705,45,1
n012w8-0,n012w8,0,5,500000,100.0,adaptive,2026-07-04T11:48:24+01:00,8,0,36,99.900578,3705,3535,170,1
n012w8-0,n012w8,0,5,500000,100.0,adaptive,2026-07-04T11:48:24+01:00,8,0,42,99.884017,3535,3515,20,1
n012w8-0,n012w8,0,5,500000,100.0,adaptive,2026-07-04T11:48:24+01:00,8,0,53,99.853663,3515,3490,25,1
n012w8-0,n012w8,0,5,500000,100.0,adaptive,2026-07-04T11:48:24+01:00,8,0,54,99.850904,3490,3475,15,1
n012w8-0,n012w8,0,5,500000,100.0,adaptive,2026-07-04T11:48:24+01:00,8,0,57,99.842627,3475,3430,45,1
n012w8-0,n012w8,0,5,500000,100.0,adaptive,2026-07-04T11:48:24+01:00,8,0,71,99.804012,3430,3360,70,1
n012w8-0,n012w8,0,5,500000,100.0,adaptive,2026-07-04T11:48:24+01:00,8,0,80,99.779196,3360,3325,35,1
n012w8-0,n012w8,0,5,500000,100.0,adaptive,2026-07-04T11:48:24+01:00,8,0,81,99.776439,3325,3295,30,1
n012w8-0,n012w8,0,5,500000,100.0,adaptive,2026-07-04T11:48:24+01:00,8,0,82,99.773682,3295,3255,40,1
n012w8-0,n012w8,0,5,500000,100.0,adaptive,2026-07-04T11:48:24+01:00,8,0,86,99.762655,3255,3225,30,1
n012w8-0,n012w8,0,5,500000,100.0,adaptive,2026-07-04T11:48:24+01:00,8,0,141,99.611161,3225,3205,20,1
n012w8-0,n012w8,0,5,500000,100.0,adaptive,2026-07-04T11:48:24+01:00,8,0,146,99.597400,3205,3190,15,1
n012w8-0,n012w8,0,5,500000,100.0,adaptive,2026-07-04T11:48:24+01:00,8,0,148,99.591896,3190,3160,30,1
n012w8-0,n012w8,0,5,500000,100.0,adaptive,2026-07-04T11:48:24+01:00,8,0,151,99.583641,3160,3040,120,1
n012w8-0,n012w8,0,5,500000,100.0,adaptive,2026-07-04T11:48:24+01:00,8,0,153,99.578138,3040,3030,10,1
n012w8-0,n012w8,0,5,500000,100.0,adaptive,2026-07-04T11:48:24+01:00,8,0,158,99.564381,3030,3015,15,1
n012w8-0,n012w8,0,5,500000,100.0,adaptive,2026-07-04T11:48:24+01:00,8,0,164,99.547876,3015,2990,25,1
n012w8-0,n012w8,0,5,500000,100.0,adaptive,2026-07-04T11:48:24+01:00,8,0,280,99.229317,2990,2860,130,1
n012w8-0,n012w8,0,5,500000,100.0,adaptive,2026-07-04T11:48:24+01:00,8,0,323,99.111489,2860,2735,125,2
n012w8-0,n012w8,0,5,500000,100.0,adaptive,2026-07-04T11:48:24+01:00,8,0,328,99.097797,2735,2715,20,2
n012w8-0,n012w8,0,5,500000,100.0,adaptive,2026-07-04T11:48:24+01:00,8,0,335,99.078632,2715,2700,15,2
n012w8-0,n012w8,0,5,500000,100.0,adaptive,2026-07-04T11:48:24+01:00,8,0,468,98.715193,2700,2695,5,2
n012w8-0,n012w8,0,5,500000,100.0,adaptive,2026-07-04T11:48:24+01:00,8,0,472,98.704283,2695,2660,35,2
n012w8-0,n012w8,0,5,500000,100.0,adaptive,2026-07-04T11:48:24+01:00,8,0,474,98.698829,2660,2570,90,2
n012w8-0,n012w8,0,5,500000,100.0,adaptive,2026-07-04T11:48:24+01:00,8,0,475,98.696102,2570,2555,15,2
n012w8-0,n012w8,0,5,500000,100.0,adaptive,2026-07-04T11:48:24+01:00,8,0,1333,96.383790,2555,2545,10,3
n012w8-0,n012w8,0,5,500000,100.0,adaptive,2026-07-04T11:48:24+01:00,8,0,1753,95.271719,2545,2515,30,4
n012w8-0,n012w8,0,5,500000,100.0,adaptive,2026-07-04T11:48:24+01:00,8,0,1910,94.859318,2515,2475,40,4
n012w8-0,n012w8,0,5,500000,100.0,adaptive,2026-07-04T11:48:24+01:00,8,0,3601,90.529058,2475,2415,60,6
n012w8-0,n012w8,0,5,500000,100.0,adaptive,2026-07-04T11:48:24+01:00,8,0,3602,90.526556,2415,2320,95,6
n012w8-0,n012w8,0,5,500000,100.0,adaptive,2026-07-04T11:48:24+01:00,8,0,3603,90.524055,2320,2290,30,6
n012w8-0,n012w8,0,5,500000,100.0,adaptive,2026-07-04T11:48:24+01:00,8,0,3890,89.809029,2290,2280,10,7
n012w8-0,n012w8,0,5,500000,100.0,adaptive,2026-07-04T11:48:24+01:00,8,0,3891,89.806547,2280,2175,105,7
n012w8-0,n012w8,0,5,500000,100.0,adaptive,2026-07-04T11:48:24+01:00,8,0,3896,89.794141,2175,2155,20,7
n012w8-0,n012w8,0,5,500000,100.0,adaptive,2026-07-04T11:48:24+01:00,8,0,3904,89.774294,2155,2145,10,7
n012w8-0,n012w8,0,5,500000,100.0,adaptive,2026-07-04T11:48:24+01:00,8,0,12887,70.041591,2145,2135,10,22
n012w8-0,n012w8,0,5,500000,100.0,adaptive,2026-07-04T11:48:24+01:00,8,0,12890,70.035785,2135,2130,5,22
n012w8-0,n012w8,0,5,500000,100.0,adaptive,2026-07-04T11:48:24+01:00,8,0,12893,70.029980,2130,2125,5,22
n012w8-0,n012w8,0,5,500000,100.0,adaptive,2026-07-04T11:48:24+01:00,8,0,12904,70.008698,2125,2110,15,22
n012w8-0,n012w8,0,5,500000,100.0,adaptive,2026-07-04T11:48:24+01:00,8,0,12913,69.991290,2110,2050,60,22
n012w8-0,n012w8,0,5,500000,100.0,adaptive,2026-07-04T11:48:24+01:00,8,0,33394,39.744039,2050,2010,40,54
n012w8-0,n012w8,0,5,500000,100.0,adaptive,2026-07-04T11:48:24+01:00,8,0,33414,39.722082,2010,1995,15,54
n012w8-0,n012w8,0,5,500000,100.0,adaptive,2026-07-04T11:48:24+01:00,8,0,33420,39.715497,1995,1985,10,54
n012w8-0,n012w8,0,5,500000,100.0,adaptive,2026-07-04T11:48:24+01:00,8,0,33424,39.711108,1985,1980,5,54
n012w8-0,n012w8,0,5,500000,100.0,adaptive,2026-07-04T11:48:24+01:00,8,0,36529,36.446179,1980,1970,10,59
n012w8-0,n012w8,0,5,500000,100.0,adaptive,2026-07-04T11:48:24+01:00,8,0,37731,35.255591,1970,1955,15,61
n012w8-0,n012w8,0,5,500000,100.0,adaptive,2026-07-04T11:48:24+01:00,8,0,37736,35.250721,1955,1940,15,61
n012w8-0,n012w8,0,5,500000,100.0,adaptive,2026-07-04T11:48:24+01:00,8,0,37752,35.235140,1940,1900,40,61
n012w8-0,n012w8,0,5,500000,100.0,adaptive,2026-07-04T11:48:24+01:00,8,0,37753,35.234166,1900,1840,60,61
n012w8-0,n012w8,0,5,500000,100.0,adaptive,2026-07-04T11:48:24+01:00,8,0,51722,23.951681,1840,1830,10,83
n012w8-0,n012w8,0,5,500000,100.0,adaptive,2026-07-04T11:48:24+01:00,8,0,51766,23.922579,1830,1815,15,83
n012w8-0,n012w8,0,5,500000,100.0,adaptive,2026-07-04T11:48:24+01:00,8,0,51827,23.882292,1815,1790,25,83
n012w8-0,n012w8,0,5,500000,100.0,adaptive,2026-07-04T11:48:24+01:00,8,0,71884,13.721197,1790,1785,5,113
n012w8-0,n012w8,0,5,500000,100.0,adaptive,2026-07-04T11:48:24+01:00,8,0,73538,13.108228,1785,1780,5,115
n012w8-0,n012w8,0,5,500000,100.0,adaptive,2026-07-04T11:48:24+01:00,8,0,73588,13.090131,1780,1775,5,116
n012w8-0,n012w8,0,5,500000,100.0,adaptive,2026-07-04T11:48:24+01:00,8,0,73902,12.977051,1775,1760,15,116
n012w8-0,n012w8,0,5,500000,100.0,adaptive,2026-07-04T11:48:24+01:00,8,0,76218,12.172618,1760,1755,5,119
n012w8-0,n012w8,0,5,500000,100.0,adaptive,2026-07-04T11:48:24+01:00,8,0,78494,11.430678,1755,1750,5,123
n012w8-0,n012w8,0,5,500000,100.0,adaptive,2026-07-04T11:48:24+01:00,8,0,78746,11.351363,1750,1735,15,124
n012w8-0,n012w8,0,5,500000,100.0,adaptive,2026-07-04T11:48:24+01:00,8,0,105950,5.353034,1735,1720,15,162
n012w8-0,n012w8,0,5,500000,100.0,adaptive,2026-07-04T11:48:24+01:00,8,3,59935,19.088860,1720,1715,5,210
n012w8-0,n012w8,0,5,500000,100.0,adaptive,2026-07-04T11:48:24+01:00,8,3,59944,19.084114,1715,1700,15,210
n012w8-0,n012w8,0,5,500000,100.0,adaptive,2026-07-04T11:48:24+01:00,8,3,65117,16.542304,1700,1680,20,218
n012w8-0,n012w8,0,5,500000,100.0,adaptive,2026-07-04T11:48:24+01:00,8,3,74685,12.699306,1680,1650,30,232
n012w8-0,n012w8,0,5,500000,100.0,adaptive,2026-07-04T11:48:24+01:00,8,3,74747,12.677569,1650,1635,15,232
