run_id,instance,seed,beam_width,iterations,temperature,cooling_mode,timestamp,week,path_id,fingerprint,hamming_to_best,hamming_to_parent,beam_spread,near_duplicate,retained,retained_rank,winning,cumulative_penalty,week_penalty
n012w8-0,n012w8,0,12,1500000,100.0,adaptive,2026-07-01T02:05:07+01:00,1,2,3d5425033eed,0.000000,0.000000,15,1,1,1,0,385,385
n012w8-0,n012w8,0,12,1500000,100.0,adaptive,2026-07-01T02:05:07+01:00,1,1,7b21d95a4508,0.297619,0.000000,15,0,1,2,0,385,385
n012w8-0,n012w8,0,12,1500000,100.0,adaptive,2026-07-01T02:05:07+01:00,1,4,b3dc1c152567,0.642857,0.000000,15,0,1,3,1,400,400
n012w8-0,n012w8,0,12,1500000,100.0,adaptive,2026-07-01T02:05:07+01:00,1,5,bbdc7fb0b216,0.535714,0.000000,15,0,1,4,0,395,395
n012w8-0,n012w8,0,12,1500000,100.0,adaptive,2026-07-01T02:05:07+01:00,1,3,a388cb6c8366,0.511905,0.000000,15,0,1,5,0,400,400
n012w8-0,n012w8,0,12,1500000,100.0,adaptive,2026-07-01T02:05:07+01:00,2,19,05d36d0ffcb8,0.000000,0.607143,55,1,1,1,1,630,230
n012w8-0,n012w8,0,12,1500000,100.0,adaptive,2026-07-01T02:05:07+01:00,2,9,8a3ae05648be,0.761905,0.714286,55,0,1,2,0,675,290
n012w8-0,n012w8,0,12,1500000,100.0,adaptive,2026-07-01T02:05:07+01:00,2,7,843f6018bb53,0.750000,0.595238,55,0,1,3,0,670,285
n012w8-0,n012w8,0,12,1500000,100.0,adaptive,2026-07-01T02:05:07+01:00,2,18,81b6e47430c5,0.476190,0.595238,55,0,1,4,0,630,230
n012w8-0,n012w8,0,12,1500000,100.0,adaptive,2026-07-01T02:05:07+01:00,2,20,d39e4c21255a,0.500000,0.642857,55,0,1,5,0,630,230
n012w8-0,n012w8,0,12,1500000,100.0,adaptive,2026-07-01T02:05:07+01:00,2,6,bb9f78af163c,0.642857,0.619048,55,0,1,6,0,675,290
n012w8-0,n012w8,0,12,1500000,100.0,adaptive,2026-07-01T02:05:07+01:00,2,8,293399274cf1,0.726190,0.607143,55,0,1,7,0,655,270
n012w8-0,n012w8,0,12,1500000,100.0,adaptive,2026-07-01T02:05:07+01:00,2,10,6fc964e60fde,0.630952,0.619048,55,0,1,8,0,665,280
n012w8-0,n012w8,0,12,1500000,100.0,adaptive,2026-07-01T02:05:07+01:00,2,17,9bf97eb199c5,0.476190,0.559524,55,0,1,9,0,630,230
n012w8-0,n012w8,0,12,1500000,100.0,adaptive,2026-07-01T02:05:07+01:00,2,29,6d71c8429f47,0.523810,0.583333,55,0,1,10,0,650,250
n012w8-0,n012w8,0,12,1500000,100.0,adaptive,2026-07-01T02:05:07+01:00,2,16,97fa087c9e69,0.571429,0.476190,55,0,1,11,0,630,230
n012w8-0,n012w8,0,12,1500000,100.0,adaptive,2026-07-01T02:05:07+01:00,2,13,be8b8545f7e9,0.559524,0.595238,55,0,1,12,0,685,300
n012w8-0,n012w8,0,12,1500000,100.0,adaptive,2026-07-01T02:05:07+01:00,2,12,2ab8f0d23fe5,0.654762,0.571429,55,0,0,0,0,675,290
n012w8-0,n012w8,0,12,1500000,100.0,adaptive,2026-07-01T02:05:07+01:00,2,24,f82fa81a8d62,0.678571,0.678571,55,0,0,0,0,685,290
n012w8-0,n012w8,0,12,1500000,100.0,adaptive,2026-07-01T02:05:07+01:00,2,27,69a2a1bded71,0.642857,0.583333,55,0,0,0,0,640,240
n012w8-0,n012w8,0,12,1500000,100.0,adaptive,2026-07-01T02:05:07+01:00,2,28,52dd7ec4b8af,0.535714,0.642857,55,0,0,0,0,640,240
n012w8-0,n012w8,0,12,1500000,100.0,adaptive,2026-07-01T02:05:07+01:00,2,15,2af4fd821c5c,0.678571,0.547619,55,0,0,0,0,675,290
n012w8-0,n012w8,0,12,1500000,100.0,adaptive,2026-07-01T02:05:07+01:00,2,26,043055d49149,0.583333,0.607143,55,0,0,0,0,650,250
n012w8-0,n012w8,0,12,1500000,100.0,adaptive,2026-07-01T02:05:07+01:00,2,30,21e9bd4850e4,0.547619,0.607143,55,0,0,0,0,650,250
n012w8-0,n012w8,0,12,1500000,100.0,adaptive,2026-07-01T02:05:07+01:00,2,23,657834805ec3,0.678571,0.654762,55,0,0,0,0,685,290
n012w8-0,n012w8,0,12,1500000,100.0,adaptive,2026-07-01T02:05:07+01:00,2,14,b5a077e21d1e,0.619048,0.559524,55,0,0,0,0,665,280
n012w8-0,n012w8,0,12,1500000,100.0,adaptive,2026-07-01T02:05:07+01:00,2,22,537a7974e09a,0.702381,0.654762,55,0,0,0,0,695,300
n012w8-0,n012w8,0,12,1500000,100.0,adaptive,2026-07-01T02:05:07+01:00,2,11,7e9487d6965a,0.666667,0.607143,55,0,0,0,0,685,300
n012w8-0,n012w8,0,12,1500000,100.0,adaptive,2026-07-01T02:05:07+01:00,2,21,20a66469efe2,0.583333,0.654762,55,0,0,0,0,685,290
n012w8-0,n012w8,0,12,1500000,100.0,adaptive,2026-07-01T02:05:07+01:00,2,25,b5e0c561b694,0.666667,0.595238,55,0,0,0,0,685,290
n012w8-0,n012w8,0,12,1500000,100.0,adaptive,2026-07-01T02:05:07+01:00,3,33,fc252b0543ca,0.000000,0.619048,25,1,1,1,0,1075,445
n012w8-0,n012w8,0,12,1500000,100.0,adaptive,2026-07-01T02:05:07+01:00,3,50,2d0008666a70,0.619048,0.642857,25,0,1,2,0,1075,445
n012w8-0,n012w8,0,12,1500000,100.0,adaptive,2026-07-01T02:05:07+01:00,3,55,32708605bcfd,0.690476,0.678571,25,0,1,3,0,1095,465
n012w8-0,n012w8,0,12,1500000,100.0,adaptive,2026-07-01T02:05:07+01:00,3,48,2486897f73e5,0.595238,0.654762,25,0,1,4,0,1085,455
n012w8-0,n012w8,0,12,1500000,100.0,adaptive,2026-07-01T02:05:07+01:00,3,35,a0accaf48cd0,0.369048,0.666667,25,0,1,5,0,1075,445
n012w8-0,n012w8,0,12,1500000,100.0,adaptive,2026-07-01T02:05:07+01:00,3,51,1ffc7866ea94,0.607143,0.678571,25,0,1,6,0,1085,455
n012w8-0,n012w8,0,12,1500000,100.0,adaptive,2026-07-01T02:05:07+01:00,3,52,4b3ed36cec8d,0.714286,0.619048,25,0,1,7,0,1090,460
n012w8-0,n012w8,0,12,1500000,100.0,adaptive,2026-07-01T02:05:07+01:00,3,81,bb8b09679806,0.583333,0.630952,25,0,1,8,0,1075,445
n012w8-0,n012w8,0,12,1500000,100.0,adaptive,2026-07-01T02:05:07+01:00,3,80,2e7f8134d271,0.595238,0.630952,25,0,1,9,0,1100,450
n012w8-0,n012w8,0,12,1500000,100.0,adaptive,2026-07-01T02:05:07+01:00,3,32,9e6facb61c29,0.440476,0.619048,25,0,1,10,1,1075,445
n012w8-0,n012w8,0,12,1500000,100.0,adaptive,2026-07-01T02:05:07+01:00,3,74,e14cd1d76cdd,0.488095,0.654762,25,0,1,11,0,1085,455
n012w8-0,n012w8,0,12,1500000,100.0,adaptive,2026-07-01T02:05:07+01:00,3,46,1049101bc736,0.607143,0.654762,25,0,1,12,0,1075,445
n012w8-0,n012w8,0,12,1500000,100.0,adaptive,2026-07-01T02:05:07+01:00,3,53,ac27444d476a,0.666667,0.630952,25,0,0,0,0,1090,460
n012w8-0,n012w8,0,12,1500000,100.0,adaptive,2026-07-01T02:05:07+01:00,3,82,26f4578d25ab,0.571429,0.678571,25,0,0,0,0,1090,460
n012w8-0,n012w8,0,12,1500000,100.0,adaptive,2026-07-01T02:05:07+01:00,3,37,197ad1625344,0.750000,0.678571,25,0,0,0,0,1130,455
n012w8-0,n012w8,0,12,1500000,100.0,adaptive,2026-07-01T02:05:07+01:00,3,75,9dc9e0c9c44a,0.547619,0.678571,25,0,0,0,0,1085,455
n012w8-0,n012w8,0,12,1500000,100.0,adaptive,2026-07-01T02:05:07+01:00,3,54,f42850e6049d,0.738095,0.666667,25,0,0,0,0,1095,465
n012w8-0,n012w8,0,12,1500000,100.0,adaptive,2026-07-01T02:05:07+01:00,3,57,4a000d2a3603,0.678571,0.726190,25,0,0,0,0,1120,445
n012w8-0,n012w8,0,12,1500000,100.0,adaptive,2026-07-01T02:05:07+01:00,3,62,3aa5711a9769,0.738095,0.666667,25,0,0,0,0,1115,460
n012w8-0,n012w8,0,12,1500000,100.0,adaptive,2026-07-01T02:05:07+01:00,3,79,16abe355c68b,0.583333,0.630952,25,0,0,0,0,1095,445
n012w8-0,n012w8,0,12,1500000,100.0,adaptive,2026-07-01T02:05:07+01:00,3,31,b2af90b02bd6,0.357143,0.654762,25,0,0,0,0,1075,445
n012w8-0,n012w8,0,12,1500000,100.0,adaptive,2026-07-01T02:05:07+01:00,3,34,d3ec836d471a,0.547619,0.702381,25,0,0,0,0,1090,460
n012w8-0,n012w8,0,12,1500000,100.0,adaptive,2026-07-01T02:05:07+01:00,3,84,b288e14e2070,0.595238,0.654762,25,0,0,0,0,1090,460
n012w8-0,n012w8,0,12,1500000,100.0,adaptive,2026-07-01T02:05:07+01:00,3,71,4d4b3757a59b,0.642857,0.690476,25,0,0,0,0,1085,455
n012w8-0,n012w8,0,12,1500000,100.0,adaptive,2026-07-01T02:05:07+01:00,3,47,c2265d0f8805,0.642857,0.690476,25,0,0,0,0,1075,445
n012w8-0,n012w8,0,12,1500000,100.0,adaptive,2026-07-01T02:05:07+01:00,3,73,7563c8143625,0.607143,0.702381,25,0,0,0,0,1090,460
n012w8-0,n012w8,0,12,1500000,100.0,adaptive,2026-07-01T02:05:07+01:00,3,87,b6f1f6bce76c,0.714286,0.642857,25,0,0,0,0,1130,445
n012w8-0,n012w8,0,12,1500000,100.0,adaptive,2026-07-01T02:05:07+01:00,3,60,491a76fe745e,0.690476,0.642857,25,0,0,0,0,1135,460
n012w8-0,n012w8,0,12,1500000,100.0,adaptive,2026-07-01T02:05:07+01:00,3,85,e208f4dd58c7,0.607143,0.642857,25,0,0,0,0,1090,460
n012w8-0,n012w8,0,12,1500000,100.0,adaptive,2026-07-01T02:05:07+01:00,3,61,3450073b26f0,0.702381,0.642857,25,0,0,0,0,1115,460
n012w8-0,n012w8,0,12,1500000,100.0,adaptive,2026-07-01T02:05:07+01:00,3,69,b8dfc0a2eecd,0.642857,0.666667,25,0,0,0,0,1115,450
n012w8-0,n012w8,0,12,1500000,100.0,adaptive,2026-07-01T02:05:07+01:00,3,83,605902092f1d,0.690476,0.678571,25,0,0,0,0,1075,445
n012w8-0,n012w8,0,12,1500000,100.0,adaptive,2026-07-01T02:05:07+01:00,3,64,ba7a77d3bce8,0.702381,0.666667,25,0,0,0,0,1115,460
n012w8-0,n012w8,0,12,1500000,100.0,adaptive,2026-07-01T02:05:07+01:00,3,70,80dcf1b60061,0.630952,0.583333,25,0,0,0,0,1115,450
n012w8-0,n012w8,0,12,1500000,100.0,adaptive,2026-07-01T02:05:07+01:00,3,42,a16e0b2ae952,0.630952,0.619048,25,0,0,0,0,1135,465
n012w8-0,n012w8,0,12,1500000,100.0,adaptive,2026-07-01T02:05:07+01:00,3,72,61e6770613ed,0.595238,0.666667,25,0,0,0,0,1090,460
n012w8-0,n012w8,0,12,1500000,100.0,adaptive,2026-07-01T02:05:07+01:00,3,63,01be531df467,0.714286,0.642857,25,0,0,0,0,1115,460
n012w8-0,n012w8,0,12,1500000,100.0,adaptive,2026-07-01T02:05:07+01:00,3,65,d973138225b3,0.738095,0.666667,25,0,0,0,0,1115,460
n012w8-0,n012w8,0,12,1500000,100.0,adaptive,2026-07-01T02:05:07+01:00,3,78,f3c36ba8cd01,0.642857,0.654762,25,0,0,0,0,1100,450
n012w8-0,n012w8,0,12,1500000,100.0,adaptive,2026-07-01T02:05:07+01:00,3,38,a6baf4231517,0.738095,0.690476,25,0,0,0,0,1140,465
n012w8-0,n012w8,0,12,1500000,100.0,adaptive,2026-07-01T02:05:07+01:00,3,40,698186a13630,0.738095,0.642857,25,0,0,0,0,1130,455
n012w8-0,n012w8,0,12,1500000,100.0,adaptive,2026-07-01T02:05:07+01:00,3,77,4ca4e1863a5a,0.547619,0.702381,25,0,0,0,0,1115,465
n012w8-0,n012w8,0,12,1500000,100.0,adaptive,2026-07-01T02:05:07+01:00,3,49,646afe1d5dfd,0.654762,0.559524,25,0,0,0,0,1075,445
n012w8-0,n012w8,0,12,1500000,100.0,adaptive,2026-07-01T02:05:07+01:00,3,56,5b0254a8a92f,0.738095,0.619048,25,0,0,0,0,1120,445
n012w8-0,n012w8,0,12,1500000,100.0,adaptive,2026-07-01T02:05:07+01:00,3,76,f41e2f538e19,0.607143,0.607143,25,0,0,0,0,1095,445
n012w8-0,n012w8,0,12,1500000,100.0,adaptive,2026-07-01T02:05:07+01:00,3,44,9c97b721fe69,0.726190,0.678571,25,0,0,0,0,1135,465
n012w8-0,n012w8,0,12,1500000,100.0,adaptive,2026-07-01T02:05:07+01:00,3,59,3860f48e971b,0.488095,0.678571,25,0,0,0,0,1135,460
n012w8-0,n012w8,0,12,1500000,100.0,adaptive,2026-07-01T02:05:07+01:00,3,89,b05a268fcb18,0.642857,0.619048,25,0,0,0,0,1130,445
n012w8-0,n012w8,0,12,1500000,100.0,adaptive,2026-07-01T02:05:07+01:00,3,36,58f1e1b7babc,0.773810,0.702381,25,0,0,0,0,1135,460
n012w8-0,n012w8,0,12,1500000,100.0,adaptive,2026-07-01T02:05:07+01:00,3,41,95f3d3034946,0.714286,0.571429,25,0,0,0,0,1120,450
n012w8-0,n012w8,0,12,1500000,100.0,adaptive,2026-07-01T02:05:07+01:00,3,43,f338f4293eff,0.690476,0.595238,25,0,0,0,0,1120,450
n012w8-0,n012w8,0,12,1500000,100.0,adaptive,2026-07-01T02:05:07+01:00,3,67,f2aae72c49c7,0.642857,0.702381,25,0,0,0,0,1115,450
n012w8-0,n012w8,0,12,1500000,100.0,adaptive,2026-07-01T02:05:07+01:00,3,88,3ec63c10dd41,0.678571,0.678571,25,0,0,0,0,1140,455
n012w8-0,n012w8,0,12,1500000,100.0,adaptive,2026-07-01T02:05:07+01:00,3,86,93443fd89c64,0.738095,0.714286,25,0,0,0,0,1145,460
n012w8-0,n012w8,0,12,1500000,100.0,adaptive,2026-07-01T02:05:07+01:00,3,45,d73e4f63a444,0.690476,0.559524,25,0,0,0,0,1120,450
n012w8-0,n012w8,0,12,1500000,100.0,adaptive,2026-07-01T02:05:07+01:00,3,68,32d3560c8007,0.571429,0.714286,25,0,0,0,0,1130,465
n012w8-0,n012w8,0,12,1500000,100.0,adaptive,2026-07-01T02:05:07+01:00,3,39,6488e540dc3c,0.690476,0.630952,25,0,0,0,0,1135,460
n012w8-0,n012w8,0,12,1500000,100.0,adaptive,2026-07-01T02:05:07+01:00,3,58,359ffc7cb0a4,0.607143,0.738095,25,0,0,0,0,1130,455
n012w8-0,n012w8,0,12,1500000,100.0,adaptive,2026-07-01T02:05:07+01:00,3,66,46e5edf5f608,0.571429,0.654762,25,0,0,0,0,1125,460
n012w8-0,n012w8,0,12,1500000,100.0,adaptive,2026-07-01T02:05:07+01:00,3,90,a32162735d26,0.761905,0.607143,25,0,0,0,0,1130,445
n012w8-0,n012w8,0,12,1500000,100.0,adaptive,2026-07-01T02:05:07+01:00,4,92,67ffe76e4fcb,0.000000,0.678571,55,1,1,1,0,1195,120
n012w8-0,n012w8,0,12,1500000,100.0,adaptive,2026-07-01T02:05:07+01:00,4,139,55592bcf928e,0.619048,0.630952,55,0,1,2,0,1205,130
n012w8-0,n012w8,0,12,1500000,100.0,adaptive,2026-07-01T02:05:07+01:00,4,102,542b6718d9d7,0.833333,0.761905,55,0,1,3,0,1230,135
n012w8-0,n012w8,0,12,1500000,100.0,adaptive,2026-07-01T02:05:07+01:00,4,136,6bd272f61692,0.702381,0.666667,55,0,1,4,0,1205,130
n012w8-0,n012w8,0,12,1500000,100.0,adaptive,2026-07-01T02:05:07+01:00,4,137,aa7b848bd2f0,0.642857,0.547619,55,0,1,5,0,1180,105
n012w8-0,n012w8,0,12,1500000,100.0,adaptive,2026-07-01T02:05:07+01:00,4,140,15a1e83c6146,0.654762,0.535714,55,0,1,6,1,1180,105
n012w8-0,n012w8,0,12,1500000,100.0,adaptive,2026-07-01T02:05:07+01:00,4,91,8539517ebe1a,0.571429,0.678571,55,0,1,7,0,1195,120
n012w8-0,n012w8,0,12,1500000,100.0,adaptive,2026-07-01T02:05:07+01:00,4,101,4325df7e291b,0.690476,0.702381,55,0,1,8,0,1225,130
n012w8-0,n012w8,0,12,1500000,100.0,adaptive,2026-07-01T02:05:07+01:00,4,114,cfccf5cbf8a7,0.571429,0.738095,55,0,1,9,0,1190,115
n012w8-0,n012w8,0,12,1500000,100.0,adaptive,2026-07-01T02:05:07+01:00,4,138,ad5e6032dbb2,0.595238,0.571429,55,0,1,10,0,1190,115
n012w8-0,n012w8,0,12,1500000,100.0,adaptive,2026-07-01T02:05:07+01:00,4,94,559e7ab98caf,0.607143,0.535714,55,0,1,11,0,1180,105
n012w8-0,n012w8,0,12,1500000,100.0,adaptive,2026-07-01T02:05:07+01:00,4,134,87f17c65953f,0.642857,0.678571,55,0,1,12,0,1235,135
n012w8-0,n012w8,0,12,1500000,100.0,adaptive,2026-07-01T02:05:07+01:00,4,93,660ba0a5caea,0.511905,0.654762,55,0,0,0,0,1195,120
n012w8-0,n012w8,0,12,1500000,100.0,adaptive,2026-07-01T02:05:07+01:00,4,95,cdf9e2e1b218,0.523810,0.619048,55,0,0,0,0,1180,105
n012w8-0,n012w8,0,12,1500000,100.0,adaptive,2026-07-01T02:05:07+01:00,4,98,f9993fe10edf,0.750000,0.738095,55,0,0,0,0,1240,165
n012w8-0,n012w8,0,12,1500000,100.0,adaptive,2026-07-01T02:05:07+01:00,4,126,7956d648a7c3,0.630952,0.690476,55,0,0,0,0,1210,135
n012w8-0,n012w8,0,12,1500000,100.0,adaptive,2026-07-01T02:05:07+01:00,4,129,7aa00148ee57,0.702381,0.666667,55,0,0,0,0,1195,120
n012w8-0,n012w8,0,12,1500000,100.0,adaptive,2026-07-01T02:05:07+01:00,4,99,29fa93017e11,0.738095,0.761905,55,0,0,0,0,1235,160
n012w8-0,n012w8,0,12,1500000,100.0,adaptive,2026-07-01T02:05:07+01:00,4,100,4807e4a3a9db,0.714286,0.630952,55,0,0,0,0,1235,160
n012w8-0,n012w8,0,12,1500000,100.0,adaptive,2026-07-01T02:05:07+01:00,4,127,a6dcb98d06c5,0.678571,0.619048,55,0,0,0,0,1205,130
n012w8-0,n012w8,0,12,1500000,100.0,adaptive,2026-07-01T02:05:07+01:00,4,105,223c16779de2,0.773810,0.702381,55,0,0,0,0,1215,120
n012w8-0,n012w8,0,12,1500000,100.0,adaptive,2026-07-01T02:05:07+01:00,4,103,e85106e2607f,0.785714,0.690476,55,0,0,0,0,1225,130
n012w8-0,n012w8,0,12,1500000,100.0,adaptive,2026-07-01T02:05:07+01:00,4,104,ec1ffd352abc,0.785714,0.678571,55,0,0,0,0,1225,130
n012w8-0,n012w8,0,12,1500000,100.0,adaptive,2026-07-01T02:05:07+01:00,4,117,51075262bc25,0.738095,0.726190,55,0,0,0,0,1190,105
n012w8-0,n012w8,0,12,1500000,100.0,adaptive,2026-07-01T02:05:07+01:00,4,111,7e0a7379632d,0.511905,0.678571,55,0,0,0,0,1195,120
n012w8-0,n012w8,0,12,1500000,100.0,adaptive,2026-07-01T02:05:07+01:00,4,128,0823fbb9cab4,0.690476,0.666667,55,0,0,0,0,1195,120
n012w8-0,n012w8,0,12,1500000,100.0,adaptive,2026-07-01T02:05:07+01:00,4,150,74bfa156bd1c,0.559524,0.619048,55,0,0,0,0,1225,150
n012w8-0,n012w8,0,12,1500000,100.0,adaptive,2026-07-01T02:05:07+01:00,4,97,0db6af4a6d67,0.738095,0.714286,55,0,0,0,0,1240,165
n012w8-0,n012w8,0,12,1500000,100.0,adaptive,2026-07-01T02:05:07+01:00,4,115,1592acdfd6f9,0.738095,0.630952,55,0,0,0,0,1190,115
n012w8-0,n012w8,0,12,1500000,100.0,adaptive,2026-07-01T02:05:07+01:00,4,96,21299319defa,0.750000,0.714286,55,0,0,0,0,1255,180
n012w8-0,n012w8,0,12,1500000,100.0,adaptive,2026-07-01T02:05:07+01:00,4,108,f81115e4d3a4,0.583333,0.666667,55,0,0,0,0,1220,135
n012w8-0,n012w8,0,12,1500000,100.0,adaptive,2026-07-01T02:05:07+01:00,4,131,9b69ef11a7d8,0.761905,0.690476,55,0,0,0,0,1220,120
n012w8-0,n012w8,0,12,1500000,100.0,adaptive,2026-07-01T02:05:07+01:00,4,106,361f7a3291f6,0.619048,0.678571,55,0,0,0,0,1230,145
n012w8-0,n012w8,0,12,1500000,100.0,adaptive,2026-07-01T02:05:07+01:00,4,112,6296f06c2b55,0.642857,0.642857,55,0,0,0,0,1180,105
n012w8-0,n012w8,0,12,1500000,100.0,adaptive,2026-07-01T02:05:07+01:00,4,120,952b6eeff7dd,0.726190,0.702381,55,0,0,0,0,1190,105
n012w8-0,n012w8,0,12,1500000,100.0,adaptive,2026-07-01T02:05:07+01:00,4,130,f329a84bc598,0.761905,0.666667,55,0,0,0,0,1210,135
n012w8-0,n012w8,0,12,1500000,100.0,adaptive,2026-07-01T02:05:07+01:00,4,116,818fe721fa77,0.630952,0.654762,55,0,0,0,0,1205,120
n012w8-0,n012w8,0,12,1500000,100.0,adaptive,2026-07-01T02:05:07+01:00,4,122,f42ba3ab2a88,0.726190,0.678571,55,0,0,0,0,1210,120
n012w8-0,n012w8,0,12,1500000,100.0,adaptive,2026-07-01T02:05:07+01:00,4,149,26ccdbaaf7dd,0.642857,0.654762,55,0,0,0,0,1225,150
n012w8-0,n012w8,0,12,1500000,100.0,adaptive,2026-07-01T02:05:07+01:00,4,147,4db19605ef2e,0.607143,0.535714,55,0,0,0,0,1225,150
n012w8-0,n012w8,0,12,1500000,100.0,adaptive,2026-07-01T02:05:07+01:00,4,132,469f7bc46123,0.642857,0.702381,55,0,0,0,0,1235,135
n012w8-0,n012w8,0,12,1500000,100.0,adaptive,2026-07-01T02:05:07+01:00,4,113,496a89481468,0.642857,0.678571,55,0,0,0,0,1210,135
n012w8-0,n012w8,0,12,1500000,100.0,adaptive,2026-07-01T02:05:07+01:00,4,118,524ac5680821,0.714286,0.738095,55,0,0,0,0,1190,105
n012w8-0,n012w8,0,12,1500000,100.0,adaptive,2026-07-01T02:05:07+01:00,4,142,319dea1345fc,0.630952,0.714286,55,0,0,0,0,1190,105
n012w8-0,n012w8,0,12,1500000,100.0,adaptive,2026-07-01T02:05:07+01:00,4,109,1fbfd9c89b0e,0.619048,0.595238,55,0,0,0,0,1230,145
n012w8-0,n012w8,0,12,1500000,100.0,adaptive,2026-07-01T02:05:07+01:00,4,110,c1bcd6ea4703,0.702381,0.607143,55,0,0,0,0,1230,145
n012w8-0,n012w8,0,12,1500000,100.0,adaptive,2026-07-01T02:05:07+01:00,4,107,8cdde5911a3a,0.666667,0.654762,55,0,0,0,0,1235,150
n012w8-0,n012w8,0,12,1500000,100.0,adaptive,2026-07-01T02:05:07+01:00,4,148,f90689be0818,0.726190,0.714286,55,0,0,0,0,1195,120
n012w8-0,n012w8,0,12,1500000,100.0,adaptive,2026-07-01T02:05:07+01:00,4,119,a68ccc213f9a,0.738095,0.678571,55,0,0,0,0,1190,105
n012w8-0,n012w8,0,12,1500000,100.0,adaptive,2026-07-01T02:05:07+01:00,4,121,2accbceb622d,0.857143,0.702381,55,0,0,0,0,1220,130
n012w8-0,n012w8,0,12,1500000,100.0,adaptive,2026-07-01T02:05:07+01:00,4,133,c739a11bf1bf,0.738095,0.666667,55,0,0,0,0,1235,135
n012w8-0,n012w8,0,12,1500000,100.0,adaptive,2026-07-01T02:05:07+01:00,4,146,6ab0443d87ab,0.642857,0.630952,55,0,0,0,0,1215,140
n012w8-0,n012w8,0,12,1500000,100.0,adaptive,2026-07-01T02:05:07+01:00,4,143,3ef92093a54e,0.559524,0.678571,55,0,0,0,0,1190,105
n012w8-0,n012w8,0,12,1500000,100.0,adaptive,2026-07-01T02:05:07+01:00,4,145,bc4b6db8a2c6,0.583333,0.583333,55,0,0,0,0,1190,105
n012w8-0,n012w8,0,12,1500000,100.0,adaptive,2026-07-01T02:05:07+01:00,4,125,237e0ee9346c,0.797619,0.761905,55,0,0,0,0,1195,105
n012w8-0,n012w8,0,12,1500000,100.0,adaptive,2026-07-01T02:05:07+01:00,4,144,56c9c7e95cd5,0.714286,0.559524,55,0,0,0,0,1205,120
n012w8-0,n012w8,0,12,1500000,100.0,adaptive,2026-07-01T02:05:07+01:00,4,135,e83fc9ecc197,0.761905,0.595238,55,0,0,0,0,1250,150
n012w8-0,n012w8,0,12,1500000,100.0,adaptive,2026-07-01T02:05:07+01:00,4,123,e660497cbeff,0.726190,0.714286,55,0,0,0,0,1195,105
n012w8-0,n012w8,0,12,1500000,100.0,adaptive,2026-07-01T02:05:07+01:00,4,124,35f682606e88,0.761905,0.714286,55,0,0,0,0,1195,105
n012w8-0,n012w8,0,12,1500000,100.0,adaptive,2026-07-01T02:05:07+01:00,4,141,a69e8e80a27d,0.690476,0.666667,55,0,0,0,0,1220,135
n012w8-0,n012w8,0,12,1500000,100.0,adaptive,2026-07-01T02:05:07+01:00,5,208,19812f10ae1d,0.000000,0.678571,40,1,1,1,0,1535,300
n012w8-0,n012w8,0,12,1500000,100.0,adaptive,2026-07-01T02:05:07+01:00,5,158,3a672c77eecd,0.595238,0.607143,40,0,1,2,0,1520,315
n012w8-0,n012w8,0,12,1500000,100.0,adaptive,2026-07-01T02:05:07+01:00,5,197,9951e889ca14,0.666667,0.535714,40,0,1,3,0,1515,325
n012w8-0,n012w8,0,12,1500000,100.0,adaptive,2026-07-01T02:05:07+01:00,5,210,6b05c418fb5b,0.500000,0.654762,40,0,1,4,0,1520,285
n012w8-0,n012w8,0,12,1500000,100.0,adaptive,2026-07-01T02:05:07+01:00,5,155,a92babbde90f,0.654762,0.583333,40,0,1,5,0,1525,330
n012w8-0,n012w8,0,12,1500000,100.0,adaptive,2026-07-01T02:05:07+01:00,5,176,1df781aaf672,0.571429,0.619048,40,0,1,6,1,1495,315
n012w8-0,n012w8,0,12,1500000,100.0,adaptive,2026-07-01T02:05:07+01:00,5,177,4388a26aee91,0.630952,0.571429,40,0,1,7,0,1495,315
n012w8-0,n012w8,0,12,1500000,100.0,adaptive,2026-07-01T02:05:07+01:00,5,204,896464f31293,0.428571,0.607143,40,0,1,8,0,1520,340
n012w8-0,n012w8,0,12,1500000,100.0,adaptive,2026-07-01T02:05:07+01:00,5,160,1a23b1cb6399,0.607143,0.607143,40,0,1,9,0,1520,315
n012w8-0,n012w8,0,12,1500000,100.0,adaptive,2026-07-01T02:05:07+01:00,5,172,aaf94d9ed6a5,0.654762,0.583333,40,0,1,10,0,1505,325
n012w8-0,n012w8,0,12,1500000,100.0,adaptive,2026-07-01T02:05:07+01:00,5,185,dec024d1cfb3,0.630952,0.607143,40,0,1,11,0,1510,315
n012w8-0,n012w8,0,12,1500000,100.0,adaptive,2026-07-01T02:05:07+01:00,5,200,431f540d672b,0.666667,0.559524,40,0,1,12,0,1515,325
n012w8-0,n012w8,0,12,1500000,100.0,adaptive,2026-07-01T02:05:07+01:00,5,180,6290b5e41537,0.523810,0.583333,40,0,0,0,0,1495,315
n012w8-0,n012w8,0,12,1500000,100.0,adaptive,2026-07-01T02:05:07+01:00,5,206,be1dd43eb0c8,0.476190,0.583333,40,0,0,0,0,1535,300
n012w8-0,n012w8,0,12,1500000,100.0,adaptive,2026-07-01T02:05:07+01:00,5,154,a3a1f6f96769,0.642857,0.654762,40,0,0,0,0,1525,330
n012w8-0,n012w8,0,12,1500000,100.0,adaptive,2026-07-01T02:05:07+01:00,5,184,baafa1563aaf,0.630952,0.559524,40,0,0,0,0,1510,315
n012w8-0,n012w8,0,12,1500000,100.0,adaptive,2026-07-01T02:05:07+01:00,5,193,8b2f61be696f,0.595238,0.702381,40,0,0,0,0,1515,325
n012w8-0,n012w8,0,12,1500000,100.0,adaptive,2026-07-01T02:05:07+01:00,5,179,809575bc8437,0.690476,0.547619,40,0,0,0,0,1505,325
n012w8-0,n012w8,0,12,1500000,100.0,adaptive,2026-07-01T02:05:07+01:00,5,199,b729d46883d1,0.726190,0.642857,40,0,0,0,0,1515,325
n012w8-0,n012w8,0,12,1500000,100.0,adaptive,2026-07-01T02:05:07+01:00,5,171,5d84ecbe2ff0,0.619048,0.690476,40,0,0,0,0,1495,315
n012w8-0,n012w8,0,12,1500000,100.0,adaptive,2026-07-01T02:05:07+01:00,5,153,dd8ce37b7c13,0.642857,0.583333,40,0,0,0,0,1525,330
n012w8-0,n012w8,0,12,1500000,100.0,adaptive,2026-07-01T02:05:07+01:00,5,159,3407bf16a459,0.642857,0.654762,40,0,0,0,0,1530,325
n012w8-0,n012w8,0,12,1500000,100.0,adaptive,2026-07-01T02:05:07+01:00,5,173,8145431aeeff,0.571429,0.630952,40,0,0,0,0,1505,325
n012w8-0,n012w8,0,12,1500000,100.0,adaptive,2026-07-01T02:05:07+01:00,5,152,048fa74c4d25,0.595238,0.607143,40,0,0,0,0,1525,330
n012w8-0,n012w8,0,12,1500000,100.0,adaptive,2026-07-01T02:05:07+01:00,5,156,a1007a269139,0.642857,0.642857,40,0,0,0,0,1520,315
n012w8-0,n012w8,0,12,1500000,100.0,adaptive,2026-07-01T02:05:07+01:00,5,167,382ca92fb803,0.607143,0.559524,40,0,0,0,0,1565,360
n012w8-0,n012w8,0,12,1500000,100.0,adaptive,2026-07-01T02:05:07+01:00,5,169,fbefa7cfb9dc,0.607143,0.690476,40,0,0,0,0,1555,350
n012w8-0,n012w8,0,12,1500000,100.0,adaptive,2026-07-01T02:05:07+01:00,5,205,9487aabf6e3b,0.500000,0.547619,40,0,0,0,0,1505,325
n012w8-0,n012w8,0,12,1500000,100.0,adaptive,2026-07-01T02:05:07+01:00,5,170,3184e2688ba4,0.619048,0.642857,40,0,0,0,0,1570,365
n012w8-0,n012w8,0,12,1500000,100.0,adaptive,2026-07-01T02:05:07+01:00,5,196,82c477eec622,0.738095,0.654762,40,0,0,0,0,1515,325
n012w8-0,n012w8,0,12,1500000,100.0,adaptive,2026-07-01T02:05:07+01:00,5,207,d79ea51162e4,0.452381,0.666667,40,0,0,0,0,1535,300
n012w8-0,n012w8,0,12,1500000,100.0,adaptive,2026-07-01T02:05:07+01:00,5,198,e8b4453a4fc7,0.619048,0.523810,40,0,0,0,0,1515,325
n012w8-0,n012w8,0,12,1500000,100.0,adaptive,2026-07-01T02:05:07+01:00,5,178,eba872f55ffa,0.666667,0.642857,40,0,0,0,0,1495,315
n012w8-0,n012w8,0,12,1500000,100.0,adaptive,2026-07-01T02:05:07+01:00,5,166,28b4c8677e55,0.654762,0.595238,40,0,0,0,0,1555,350
n012w8-0,n012w8,0,12,1500000,100.0,adaptive,2026-07-01T02:05:07+01:00,5,182,ca2f3b7a0848,0.571429,0.619048,40,0,0,0,0,1510,315
n012w8-0,n012w8,0,12,1500000,100.0,adaptive,2026-07-01T02:05:07+01:00,5,157,dd9358dfc976,0.642857,0.619048,40,0,0,0,0,1520,315
n012w8-0,n012w8,0,12,1500000,100.0,adaptive,2026-07-01T02:05:07+01:00,5,164,18820ac80452,0.714286,0.630952,40,0,0,0,0,1555,325
n012w8-0,n012w8,0,12,1500000,100.0,adaptive,2026-07-01T02:05:07+01:00,5,165,27b3862d1c5e,0.714286,0.630952,40,0,0,0,0,1555,325
n012w8-0,n012w8,0,12,1500000,100.0,adaptive,2026-07-01T02:05:07+01:00,5,192,addc6be91c5e,0.559524,0.654762,40,0,0,0,0,1515,325
n012w8-0,n012w8,0,12,1500000,100.0,adaptive,2026-07-01T02:05:07+01:00,5,168,2d2d1bf6dbf9,0.666667,0.630952,40,0,0,0,0,1555,350
n012w8-0,n012w8,0,12,1500000,100.0,adaptive,2026-07-01T02:05:07+01:00,5,201,5f5fcb6888f2,0.607143,0.630952,40,0,0,0,0,1495,315
n012w8-0,n012w8,0,12,1500000,100.0,adaptive,2026-07-01T02:05:07+01:00,5,202,8faad184a2bd,0.571429,0.619048,40,0,0,0,0,1495,315
n012w8-0,n012w8,0,12,1500000,100.0,adaptive,2026-07-01T02:05:07+01:00,5,174,3cd948ffff0e,0.642857,0.678571,40,0,0,0,0,1505,325
n012w8-0,n012w8,0,12,1500000,100.0,adaptive,2026-07-01T02:05:07+01:00,5,162,27fbc42cf783,0.690476,0.678571,40,0,0,0,0,1570,340
n012w8-0,n012w8,0,12,1500000,100.0,adaptive,2026-07-01T02:05:07+01:00,5,209,a619dcad5d77,0.428571,0.690476,40,0,0,0,0,1530,295
n012w8-0,n012w8,0,12,1500000,100.0,adaptive,2026-07-01T02:05:07+01:00,5,187,5f8540ee8073,0.726190,0.750000,40,0,0,0,0,1585,360
n012w8-0,n012w8,0,12,1500000,100.0,adaptive,2026-07-01T02:05:07+01:00,5,189,8172e6d1429f,0.583333,0.702381,40,0,0,0,0,1580,355
n012w8-0,n012w8,0,12,1500000,100.0,adaptive,2026-07-01T02:05:07+01:00,5,151,ccb605ac263b,0.619048,0.714286,40,0,0,0,0,1525,330
n012w8-0,n012w8,0,12,1500000,100.0,adaptive,2026-07-01T02:05:07+01:00,5,195,9f4798d1d7a7,0.595238,0.607143,40,0,0,0,0,1515,325
n012w8-0,n012w8,0,12,1500000,100.0,adaptive,2026-07-01T02:05:07+01:00,5,175,a0179a247361,0.607143,0.726190,40,0,0,0,0,1505,325
n012w8-0,n012w8,0,12,1500000,100.0,adaptive,2026-07-01T02:05:07+01:00,5,203,5cbb46aa187d,0.642857,0.523810,40,0,0,0,0,1505,325
n012w8-0,n012w8,0,12,1500000,100.0,adaptive,2026-07-01T02:05:07+01:00,5,181,5e8e00b591b3,0.464286,0.678571,40,0,0,0,0,1510,315
n012w8-0,n012w8,0,12,1500000,100.0,adaptive,2026-07-01T02:05:07+01:00,5,183,be563de5b2c1,0.559524,0.726190,40,0,0,0,0,1510,315
n012w8-0,n012w8,0,12,1500000,100.0,adaptive,2026-07-01T02:05:07+01:00,5,188,074c2fedb0f7,0.726190,0.642857,40,0,0,0,0,1575,350
n012w8-0,n012w8,0,12,1500000,100.0,adaptive,2026-07-01T02:05:07+01:00,5,163,9a39f6117511,0.738095,0.654762,40,0,0,0,0,1565,335
n012w8-0,n012w8,0,12,1500000,100.0,adaptive,2026-07-01T02:05:07+01:00,5,186,c0e076736f06,0.595238,0.773810,40,0,0,0,0,1565,340
n012w8-0,n012w8,0,12,1500000,100.0,adaptive,2026-07-01T02:05:07+01:00,5,191,bdc5cea6ba13,0.511905,0.738095,40,0,0,0,0,1515,325
n012w8-0,n012w8,0,12,1500000,100.0,adaptive,2026-07-01T02:05:07+01:00,5,194,ca8dddc3c3d6,0.750000,0.607143,40,0,0,0,0,1525,335
n012w8-0,n012w8,0,12,1500000,100.0,adaptive,2026-07-01T02:05:07+01:00,5,161,37b23f9cb1e8,0.738095,0.571429,40,0,0,0,0,1575,345
n012w8-0,n012w8,0,12,1500000,100.0,adaptive,2026-07-01T02:05:07+01:00,5,190,3f41bfa5cc20,0.642857,0.678571,40,0,0,0,0,1575,350
n012w8-0,n012w8,0,12,1500000,100.0,adaptive,2026-07-01T02:05:07+01:00,6,222,09043f8e7d63,0.000000,0.535714,60,1,1,1,0,1705,190
n012w8-0,n012w8,0,12,1500000,100.0,adaptive,2026-07-01T02:05:07+01:00,6,268,ba437567b5eb,0.595238,0.630952,60,0,1,2,0,1710,195
n012w8-0,n012w8,0,12,1500000,100.0,adaptive,2026-07-01T02:05:07+01:00,6,225,c4888b563f42,0.488095,0.547619,60,0,1,3,0,1705,190
n012w8-0,n012w8,0,12,1500000,100.0,adaptive,2026-07-01T02:05:07+01:00,6,234,291e545632b7,0.690476,0.619048,60,0,1,4,0,1725,200
n012w8-0,n012w8,0,12,1500000,100.0,adaptive,2026-07-01T02:05:07+01:00,6,263,581709cf6d3c,0.666667,0.702381,60,0,1,5,0,1710,200
n012w8-0,n012w8,0,12,1500000,100.0,adaptive,2026-07-01T02:05:07+01:00,6,219,25e8b83d1e3b,0.595238,0.654762,60,0,1,6,0,1720,200
n012w8-0,n012w8,0,12,1500000,100.0,adaptive,2026-07-01T02:05:07+01:00,6,220,663b4b84a0c9,0.666667,0.666667,60,0,1,7,0,1720,200
n012w8-0,n012w8,0,12,1500000,100.0,adaptive,2026-07-01T02:05:07+01:00,6,239,99cd9763f1f7,0.452381,0.535714,60,0,1,8,1,1675,180
n012w8-0,n012w8,0,12,1500000,100.0,adaptive,2026-07-01T02:05:07+01:00,6,214,d4f0cb6c515c,0.773810,0.595238,60,0,1,9,0,1725,190
n012w8-0,n012w8,0,12,1500000,100.0,adaptive,2026-07-01T02:05:07+01:00,6,261,98a294610494,0.654762,0.630952,60,0,1,10,0,1710,200
n012w8-0,n012w8,0,12,1500000,100.0,adaptive,2026-07-01T02:05:07+01:00,6,265,7d9c440e5a38,0.690476,0.666667,60,0,1,11,0,1710,200
n012w8-0,n012w8,0,12,1500000,100.0,adaptive,2026-07-01T02:05:07+01:00,6,212,b24c898e0939,0.571429,0.630952,60,0,1,12,0,1735,200
n012w8-0,n012w8,0,12,1500000,100.0,adaptive,2026-07-01T02:05:07+01:00,6,235,978973577e62,0.714286,0.619048,60,0,0,0,0,1725,200
n012w8-0,n012w8,0,12,1500000,100.0,adaptive,2026-07-01T02:05:07+01:00,6,258,d69473bd8d94,0.607143,0.571429,60,0,0,0,0,1685,180
n012w8-0,n012w8,0,12,1500000,100.0,adaptive,2026-07-01T02:05:07+01:00,6,217,0330435cce9f,0.642857,0.630952,60,0,0,0,0,1720,200
n012w8-0,n012w8,0,12,1500000,100.0,adaptive,2026-07-01T02:05:07+01:00,6,218,5c35ac61cba5,0.571429,0.607143,60,0,0,0,0,1720,200
n012w8-0,n012w8,0,12,1500000,100.0,adaptive,2026-07-01T02:05:07+01:00,6,224,ac0617f692af,0.464286,0.654762,60,0,0,0,0,1705,190
n012w8-0,n012w8,0,12,1500000,100.0,adaptive,2026-07-01T02:05:07+01:00,6,226,e8fc59bb1c51,0.702381,0.619048,60,0,0,0,0,1740,220
n012w8-0,n012w8,0,12,1500000,100.0,adaptive,2026-07-01T02:05:07+01:00,6,253,30a01eb57a7d,0.607143,0.690476,60,0,0,0,0,1720,200
n012w8-0,n012w8,0,12,1500000,100.0,adaptive,2026-07-01T02:05:07+01:00,6,266,97b005354069,0.583333,0.595238,60,0,0,0,0,1705,190
n012w8-0,n012w8,0,12,1500000,100.0,adaptive,2026-07-01T02:05:07+01:00,6,256,fc9888781215,0.726190,0.559524,60,0,0,0,0,1685,180
n012w8-0,n012w8,0,12,1500000,100.0,adaptive,2026-07-01T02:05:07+01:00,6,259,42436b820591,0.630952,0.583333,60,0,0,0,0,1685,180
n012w8-0,n012w8,0,12,1500000,100.0,adaptive,2026-07-01T02:05:07+01:00,6,223,2d685911495a,0.440476,0.595238,60,0,0,0,0,1705,190
n012w8-0,n012w8,0,12,1500000,100.0,adaptive,2026-07-01T02:05:07+01:00,6,240,bad943f7cd2d,0.535714,0.559524,60,0,0,0,0,1675,180
n012w8-0,n012w8,0,12,1500000,100.0,adaptive,2026-07-01T02:05:07+01:00,6,211,475f02b22b51,0.738095,0.619048,60,0,0,0,0,1725,190
n012w8-0,n012w8,0,12,1500000,100.0,adaptive,2026-07-01T02:05:07+01:00,6,232,3e4991d22d9e,0.619048,0.571429,60,0,0,0,0,1725,200
n012w8-0,n012w8,0,12,1500000,100.0,adaptive,2026-07-01T02:05:07+01:00,6,257,b71774541365,0.607143,0.571429,60,0,0,0,0,1695,190
n012w8-0,n012w8,0,12,1500000,100.0,adaptive,2026-07-01T02:05:07+01:00,6,264,1a8404d10920,0.654762,0.702381,60,0,0,0,0,1710,200
n012w8-0,n012w8,0,12,1500000,100.0,adaptive,2026-07-01T02:05:07+01:00,6,269,6aa9dc73994f,0.678571,0.702381,60,0,0,0,0,1695,180
n012w8-0,n012w8,0,12,1500000,100.0,adaptive,2026-07-01T02:05:07+01:00,6,244,39d5bc488552,0.619048,0.547619,60,0,0,0,0,1685,190
n012w8-0,n012w8,0,12,1500000,100.0,adaptive,2026-07-01T02:05:07+01:00,6,216,503ec8a5d783,0.619048,0.738095,60,0,0,0,0,1720,200
n012w8-0,n012w8,0,12,1500000,100.0,adaptive,2026-07-01T02:05:07+01:00,6,221,66c0b13f9b84,0.476190,0.583333,60,0,0,0,0,1705,190
n012w8-0,n012w8,0,12,1500000,100.0,adaptive,2026-07-01T02:05:07+01:00,6,236,5e63b4e03912,0.488095,0.595238,60,0,0,0,0,1690,195
n012w8-0,n012w8,0,12,1500000,100.0,adaptive,2026-07-01T02:05:07+01:00,6,246,a116702dd485,0.642857,0.511905,60,0,0,0,0,1720,200
n012w8-0,n012w8,0,12,1500000,100.0,adaptive,2026-07-01T02:05:07+01:00,6,251,314d9a44909e,0.654762,0.583333,60,0,0,0,0,1710,190
n012w8-0,n012w8,0,12,1500000,100.0,adaptive,2026-07-01T02:05:07+01:00,6,252,4b067df28c8b,0.678571,0.595238,60,0,0,0,0,1710,190
n012w8-0,n012w8,0,12,1500000,100.0,adaptive,2026-07-01T02:05:07+01:00,6,237,607f054af020,0.619048,0.571429,60,0,0,0,0,1705,210
n012w8-0,n012w8,0,12,1500000,100.0,adaptive,2026-07-01T02:05:07+01:00,6,233,fbe723251eb7,0.595238,0.642857,60,0,0,0,0,1725,200
n012w8-0,n012w8,0,12,1500000,100.0,adaptive,2026-07-01T02:05:07+01:00,6,238,fa03a1f5fc9d,0.547619,0.535714,60,0,0,0,0,1675,180
n012w8-0,n012w8,0,12,1500000,100.0,adaptive,2026-07-01T02:05:07+01:00,6,231,a5ad2419f7c3,0.630952,0.619048,60,0,0,0,0,1725,200
n012w8-0,n012w8,0,12,1500000,100.0,adaptive,2026-07-01T02:05:07+01:00,6,247,6448e4b3e338,0.619048,0.571429,60,0,0,0,0,1710,190
n012w8-0,n012w8,0,12,1500000,100.0,adaptive,2026-07-01T02:05:07+01:00,6,254,08f51603118e,0.654762,0.583333,60,0,0,0,0,1710,190
n012w8-0,n012w8,0,12,1500000,100.0,adaptive,2026-07-01T02:05:07+01:00,6,242,1fab90c1a16b,0.547619,0.583333,60,0,0,0,0,1685,190
n012w8-0,n012w8,0,12,1500000,100.0,adaptive,2026-07-01T02:05:07+01:00,6,243,ab20c249cfb0,0.607143,0.666667,60,0,0,0,0,1685,190
n012w8-0,n012w8,0,12,1500000,100.0,adaptive,2026-07-01T02:05:07+01:00,6,230,b9769e21f477,0.666667,0.607143,60,0,0,0,0,1740,220
n012w8-0,n012w8,0,12,1500000,100.0,adaptive,2026-07-01T02:05:07+01:00,6,229,383f4466841a,0.702381,0.607143,60,0,0,0,0,1750,230
n012w8-0,n012w8,0,12,1500000,100.0,adaptive,2026-07-01T02:05:07+01:00,6,248,b9f2762c8b7b,0.619048,0.571429,60,0,0,0,0,1720,200
n012w8-0,n012w8,0,12,1500000,100.0,adaptive,2026-07-01T02:05:07+01:00,6,267,e944a7126919,0.666667,0.642857,60,0,0,0,0,1695,180
n012w8-0,n012w8,0,12,1500000,100.0,adaptive,2026-07-01T02:05:07+01:00,6,270,1aaecdd4e283,0.607143,0.607143,60,0,0,0,0,1695,180
n012w8-0,n012w8,0,12,1500000,100.0,adaptive,2026-07-01T02:05:07+01:00,6,255,b5f5432a3afe,0.619048,0.738095,60,0,0,0,0,1720,200
n012w8-0,n012w8,0,12,1500000,100.0,adaptive,2026-07-01T02:05:07+01:00,6,213,7be2490663ba,0.750000,0.654762,60,0,0,0,0,1725,190
n012w8-0,n012w8,0,12,1500000,100.0,adaptive,2026-07-01T02:05:07+01:00,6,262,851f51ce5845,0.714286,0.678571,60,0,0,0,0,1710,200
n012w8-0,n012w8,0,12,1500000,100.0,adaptive,2026-07-01T02:05:07+01:00,6,241,ca83747d8e22,0.571429,0.642857,60,0,0,0,0,1685,190
n012w8-0,n012w8,0,12,1500000,100.0,adaptive,2026-07-01T02:05:07+01:00,6,227,ea8923f5a172,0.607143,0.607143,60,0,0,0,0,1740,220
n012w8-0,n012w8,0,12,1500000,100.0,adaptive,2026-07-01T02:05:07+01:00,6,245,e0dcd3368c61,0.619048,0.595238,60,0,0,0,0,1705,210
n012w8-0,n012w8,0,12,1500000,100.0,adaptive,2026-07-01T02:05:07+01:00,6,249,192c3e8bbebe,0.714286,0.535714,60,0,0,0,0,1710,190
n012w8-0,n012w8,0,12,1500000,100.0,adaptive,2026-07-01T02:05:07+01:00,6,250,0d2bb0263614,0.702381,0.559524,60,0,0,0,0,1735,215
n012w8-0,n012w8,0,12,1500000,100.0,adaptive,2026-07-01T02:05:07+01:00,6,215,905e8447616b,0.690476,0.702381,60,0,0,0,0,1725,190
n012w8-0,n012w8,0,12,1500000,100.0,adaptive,2026-07-01T02:05:07+01:00,6,260,b7a4f486d49f,0.607143,0.642857,60,0,0,0,0,1695,190
n012w8-0,n012w8,0,12,1500000,100.0,adaptive,2026-07-01T02:05:07+01:00,6,228,2dca22e7132a,0.773810,0.630952,60,0,0,0,0,1740,220
n012w8-0,n012w8,0,12,1500000,100.0,adaptive,2026-07-01T02:05:07+01:00,7,271,,0.000000,0.666667,50,1,1,1,0,1940,235
n012w8-0,n012w8,0,12,1500000,100.0,adaptive,2026-07-01T02:05:07+01:00,7,273,,0.000000,0.702381,50,1,1,2,0,1940,235
n012w8-0,n012w8,0,12,1500000,100.0,adaptive,2026-07-01T02:05:07+01:00,7,275,,0.000000,0.678571,50,1,1,3,0,1940,235
n012w8-0,n012w8,0,12,1500000,100.0,adaptive,2026-07-01T02:05:07+01:00,7,277,,0.000000,0.654762,50,1,1,4,0,1950,245
n012w8-0,n012w8,0,12,1500000,100.0,adaptive,2026-07-01T02:05:07+01:00,7,279,,0.000000,0.750000,50,1,1,5,0,1950,245
n012w8-0,n012w8,0,12,1500000,100.0,adaptive,2026-07-01T02:05:07+01:00,7,281,,0.000000,0.666667,50,1,1,6,0,1900,190
n012w8-0,n012w8,0,12,1500000,100.0,adaptive,2026-07-01T02:05:07+01:00,7,283,,0.000000,0.750000,50,1,1,7,0,1900,190
n012w8-0,n012w8,0,12,1500000,100.0,adaptive,2026-07-01T02:05:07+01:00,7,285,,0.000000,0.726190,50,1,1,8,0,1900,190
n012w8-0,n012w8,0,12,1500000,100.0,adaptive,2026-07-01T02:05:07+01:00,7,287,,0.000000,0.702381,50,1,1,9,0,1900,190
n012w8-0,n012w8,0,12,1500000,100.0,adaptive,2026-07-01T02:05:07+01:00,7,289,,0.000000,0.738095,50,1,1,10,0,1900,190
n012w8-0,n012w8,0,12,1500000,100.0,adaptive,2026-07-01T02:05:07+01:00,7,291,,0.000000,0.761905,50,1,1,11,0,1905,200
n012w8-0,n012w8,0,12,1500000,100.0,adaptive,2026-07-01T02:05:07+01:00,7,293,,0.000000,0.714286,50,1,1,12,0,1900,195
n012w8-0,n012w8,0,12,1500000,100.0,adaptive,2026-07-01T02:05:07+01:00,7,295,,0.000000,0.678571,50,1,0,0,0,1900,195
n012w8-0,n012w8,0,12,1500000,100.0,adaptive,2026-07-01T02:05:07+01:00,7,297,,0.000000,0.750000,50,1,0,0,0,1905,200
n012w8-0,n012w8,0,12,1500000,100.0,adaptive,2026-07-01T02:05:07+01:00,7,299,,0.000000,0.666667,50,1,0,0,0,1900,195
n012w8-0,n012w8,0,12,1500000,100.0,adaptive,2026-07-01T02:05:07+01:00,7,301,,0.000000,0.702381,50,1,0,0,0,1965,240
n012w8-0,n012w8,0,12,1500000,100.0,adaptive,2026-07-01T02:05:07+01:00,7,303,,0.000000,0.726190,50,1,0,0,0,1970,245
n012w8-0,n012w8,0,12,1500000,100.0,adaptive,2026-07-01T02:05:07+01:00,7,305,,0.000000,0.702381,50,1,0,0,0,1970,245
n012w8-0,n012w8,0,12,1500000,100.0,adaptive,2026-07-01T02:05:07+01:00,7,307,,0.000000,0.678571,50,1,0,0,0,1965,240
n012w8-0,n012w8,0,12,1500000,100.0,adaptive,2026-07-01T02:05:07+01:00,7,309,,0.000000,0.714286,50,1,0,0,0,1970,245
n012w8-0,n012w8,0,12,1500000,100.0,adaptive,2026-07-01T02:05:07+01:00,7,311,,0.000000,0.726190,50,1,0,0,0,1925,215
n012w8-0,n012w8,0,12,1500000,100.0,adaptive,2026-07-01T02:05:07+01:00,7,313,,0.000000,0.750000,50,1,0,0,0,1925,215
n012w8-0,n012w8,0,12,1500000,100.0,adaptive,2026-07-01T02:05:07+01:00,7,315,,0.000000,0.761905,50,1,0,0,0,1925,215
n012w8-0,n012w8,0,12,1500000,100.0,adaptive,2026-07-01T02:05:07+01:00,7,317,,0.000000,0.738095,50,1,0,0,0,1925,215
n012w8-0,n012w8,0,12,1500000,100.0,adaptive,2026-07-01T02:05:07+01:00,7,319,,0.000000,0.750000,50,1,0,0,0,1925,215
n012w8-0,n012w8,0,12,1500000,100.0,adaptive,2026-07-01T02:05:07+01:00,7,321,,0.000000,0.738095,50,1,0,0,0,1970,250
n012w8-0,n012w8,0,12,1500000,100.0,adaptive,2026-07-01T02:05:07+01:00,7,323,,0.000000,0.773810,50,1,0,0,0,1970,250
n012w8-0,n012w8,0,12,1500000,100.0,adaptive,2026-07-01T02:05:07+01:00,7,325,,0.000000,0.785714,50,1,0,0,0,1975,255
n012w8-0,n012w8,0,12,1500000,100.0,adaptive,2026-07-01T02:05:07+01:00,7,327,,0.000000,0.785714,50,1,0,0,0,1970,250
n012w8-0,n012w8,0,12,1500000,100.0,adaptive,2026-07-01T02:05:07+01:00,7,329,,0.000000,0.785714,50,1,0,0,0,1970,250
n012w8-0,n012w8,0,12,1500000,100.0,adaptive,2026-07-01T02:05:07+01:00,7,331,,0.000000,0.654762,50,1,0,0,0,1935,215
n012w8-0,n012w8,0,12,1500000,100.0,adaptive,2026-07-01T02:05:07+01:00,7,333,,0.000000,0.773810,50,1,0,0,0,1930,210
n012w8-0,n012w8,0,12,1500000,100.0,adaptive,2026-07-01T02:05:07+01:00,7,335,,0.000000,0.761905,50,1,0,0,0,1935,215
n012w8-0,n012w8,0,12,1500000,100.0,adaptive,2026-07-01T02:05:07+01:00,7,337,,0.000000,0.666667,50,1,0,0,0,1930,210
n012w8-0,n012w8,0,12,1500000,100.0,adaptive,2026-07-01T02:05:07+01:00,7,339,,0.000000,0.809524,50,1,0,0,0,1930,210
n012w8-0,n012w8,0,12,1500000,100.0,adaptive,2026-07-01T02:05:07+01:00,7,341,,0.000000,0.630952,50,1,0,0,0,1875,200
n012w8-0,n012w8,0,12,1500000,100.0,adaptive,2026-07-01T02:05:07+01:00,7,343,,0.000000,0.559524,50,1,0,0,0,1875,200
n012w8-0,n012w8,0,12,1500000,100.0,adaptive,2026-07-01T02:05:07+01:00,7,345,,0.000000,0.607143,50,1,0,0,0,1875,200
n012w8-0,n012w8,0,12,1500000,100.0,adaptive,2026-07-01T02:05:07+01:00,7,347,,0.000000,0.619048,50,1,0,0,0,1875,200
n012w8-0,n012w8,0,12,1500000,100.0,adaptive,2026-07-01T02:05:07+01:00,7,349,,0.000000,0.678571,50,1,0,0,1,1875,200
n012w8-0,n012w8,0,12,1500000,100.0,adaptive,2026-07-01T02:05:07+01:00,7,351,,0.000000,0.702381,50,1,0,0,0,1940,215
n012w8-0,n012w8,0,12,1500000,100.0,adaptive,2026-07-01T02:05:07+01:00,7,353,,0.000000,0.726190,50,1,0,0,0,1940,215
n012w8-0,n012w8,0,12,1500000,100.0,adaptive,2026-07-01T02:05:07+01:00,7,355,,0.000000,0.714286,50,1,0,0,0,1940,215
n012w8-0,n012w8,0,12,1500000,100.0,adaptive,2026-07-01T02:05:07+01:00,7,357,,0.000000,0.690476,50,1,0,0,0,1940,215
n012w8-0,n012w8,0,12,1500000,100.0,adaptive,2026-07-01T02:05:07+01:00,7,359,,0.000000,0.726190,50,1,0,0,0,1940,215
n012w8-0,n012w8,0,12,1500000,100.0,adaptive,2026-07-01T02:05:07+01:00,7,361,,0.000000,0.750000,50,1,0,0,0,1965,255
n012w8-0,n012w8,0,12,1500000,100.0,adaptive,2026-07-01T02:05:07+01:00,7,363,,0.000000,0.619048,50,1,0,0,0,1975,265
n012w8-0,n012w8,0,12,1500000,100.0,adaptive,2026-07-01T02:05:07+01:00,7,365,,0.000000,0.702381,50,1,0,0,0,1970,260
n012w8-0,n012w8,0,12,1500000,100.0,adaptive,2026-07-01T02:05:07+01:00,7,367,,0.000000,0.678571,50,1,0,0,0,1975,265
n012w8-0,n012w8,0,12,1500000,100.0,adaptive,2026-07-01T02:05:07+01:00,7,369,,0.000000,0.726190,50,1,0,0,0,1965,255
n012w8-0,n012w8,0,12,1500000,100.0,adaptive,2026-07-01T02:05:07+01:00,7,371,,0.000000,0.726190,50,1,0,0,0,1935,225
n012w8-0,n012w8,0,12,1500000,100.0,adaptive,2026-07-01T02:05:07+01:00,7,373,,0.000000,0.726190,50,1,0,0,0,1940,230
n012w8-0,n012w8,0,12,1500000,100.0,adaptive,2026-07-01T02:05:07+01:00,7,375,,0.000000,0.726190,50,1,0,0,0,1935,225
n012w8-0,n012w8,0,12,1500000,100.0,adaptive,2026-07-01T02:05:07+01:00,7,377,,0.000000,0.738095,50,1,0,0,0,1935,225
n012w8-0,n012w8,0,12,1500000,100.0,adaptive,2026-07-01T02:05:07+01:00,7,379,,0.000000,0.714286,50,1,0,0,0,1935,225
n012w8-0,n012w8,0,12,1500000,100.0,adaptive,2026-07-01T02:05:07+01:00,7,381,,0.000000,0.738095,50,1,0,0,0,1985,250
n012w8-0,n012w8,0,12,1500000,100.0,adaptive,2026-07-01T02:05:07+01:00,7,383,,0.000000,0.726190,50,1,0,0,0,1985,250
n012w8-0,n012w8,0,12,1500000,100.0,adaptive,2026-07-01T02:05:07+01:00,7,385,,0.000000,0.654762,50,1,0,0,0,1985,250
n012w8-0,n012w8,0,12,1500000,100.0,adaptive,2026-07-01T02:05:07+01:00,7,387,,0.000000,0.738095,50,1,0,0,0,1985,250
n012w8-0,n012w8,0,12,1500000,100.0,adaptive,2026-07-01T02:05:07+01:00,7,389,,0.000000,0.702381,50,1,0,0,0,1985,250
n012w8-0,n012w8,0,12,1500000,100.0,adaptive,2026-07-01T02:05:07+01:00,8,272,,0.000000,0.666667,75,1,1,1,0,3500,1560
n012w8-0,n012w8,0,12,1500000,100.0,adaptive,2026-07-01T02:05:07+01:00,8,274,,0.000000,0.678571,75,1,1,2,0,3540,1600
n012w8-0,n012w8,0,12,1500000,100.0,adaptive,2026-07-01T02:05:07+01:00,8,276,,0.000000,0.702381,75,1,1,3,0,3565,1625
n012w8-0,n012w8,0,12,1500000,100.0,adaptive,2026-07-01T02:05:07+01:00,8,278,,0.000000,0.666667,75,1,1,4,0,3560,1610
n012w8-0,n012w8,0,12,1500000,100.0,adaptive,2026-07-01T02:05:07+01:00,8,280,,0.000000,0.630952,75,1,1,5,0,3525,1575
n012w8-0,n012w8,0,12,1500000,100.0,adaptive,2026-07-01T02:05:07+01:00,8,282,,0.000000,0.654762,75,1,1,6,0,3490,1590
n012w8-0,n012w8,0,12,1500000,100.0,adaptive,2026-07-01T02:05:07+01:00,8,284,,0.000000,0.654762,75,1,1,7,0,3515,1615
n012w8-0,n012w8,0,12,1500000,100.0,adaptive,2026-07-01T02:05:07+01:00,8,286,,0.000000,0.726190,75,1,1,8,0,3545,1645
n012w8-0,n012w8,0,12,1500000,100.0,adaptive,2026-07-01T02:05:07+01:00,8,288,,0.000000,0.630952,75,1,1,9,0,3510,1610
n012w8-0,n012w8,0,12,1500000,100.0,adaptive,2026-07-01T02:05:07+01:00,8,290,,0.000000,0.607143,75,1,1,10,0,3525,1625
n012w8-0,n012w8,0,12,1500000,100.0,adaptive,2026-07-01T02:05:07+01:00,8,292,,0.000000,0.714286,75,1,1,11,0,3520,1615
n012w8-0,n012w8,0,12,1500000,100.0,adaptive,2026-07-01T02:05:07+01:00,8,294,,0.000000,0.702381,75,1,1,12,0,3540,1640
n012w8-0,n012w8,0,12,1500000,100.0,adaptive,2026-07-01T02:05:07+01:00,8,296,,0.000000,0.702381,75,1,0,0,0,3515,1615
n012w8-0,n012w8,0,12,1500000,100.0,adaptive,2026-07-01T02:05:07+01:00,8,298,,0.000000,0.642857,75,1,0,0,0,3490,1585
n012w8-0,n012w8,0,12,1500000,100.0,adaptive,2026-07-01T02:05:07+01:00,8,300,,0.000000,0.738095,75,1,0,0,0,3525,1625
n012w8-0,n012w8,0,12,1500000,100.0,adaptive,2026-07-01T02:05:07+01:00,8,302,,0.000000,0.690476,75,1,0,0,0,3595,1630
n012w8-0,n012w8,0,12,1500000,100.0,adaptive,2026-07-01T02:05:07+01:00,8,304,,0.000000,0.642857,75,1,0,0,0,3560,1590
n012w8-0,n012w8,0,12,1500000,100.0,adaptive,2026-07-01T02:05:07+01:00,8,306,,0.000000,0.666667,75,1,0,0,0,3535,1565
n012w8-0,n012w8,0,12,1500000,100.0,adaptive,2026-07-01T02:05:07+01:00,8,308,,0.000000,0.738095,75,1,0,0,0,3550,1585
n012w8-0,n012w8,0,12,1500000,100.0,adaptive,2026-07-01T02:05:07+01:00,8,310,,0.000000,0.666667,75,1,0,0,0,3570,1600
n012w8-0,n012w8,0,12,1500000,100.0,adaptive,2026-07-01T02:05:07+01:00,8,312,,0.000000,0.654762,75,1,0,0,0,3510,1585
n012w8-0,n012w8,0,12,1500000,100.0,adaptive,2026-07-01T02:05:07+01:00,8,314,,0.000000,0.773810,75,1,0,0,0,3530,1605
n012w8-0,n012w8,0,12,1500000,100.0,adaptive,2026-07-01T02:05:07+01:00,8,316,,0.000000,0.690476,75,1,0,0,0,3495,1570
n012w8-0,n012w8,0,12,1500000,100.0,adaptive,2026-07-01T02:05:07+01:00,8,318,,0.000000,0.678571,75,1,0,0,0,3510,1585
n012w8-0,n012w8,0,12,1500000,100.0,adaptive,2026-07-01T02:05:07+01:00,8,320,,0.000000,0.595238,75,1,0,0,0,3500,1575
n012w8-0,n012w8,0,12,1500000,100.0,adaptive,2026-07-01T02:05:07+01:00,8,322,,0.000000,0.607143,75,1,0,0,0,3580,1610
n012w8-0,n012w8,0,12,1500000,100.0,adaptive,2026-07-01T02:05:07+01:00,8,324,,0.000000,0.785714,75,1,0,0,0,3595,1625
n012w8-0,n012w8,0,12,1500000,100.0,adaptive,2026-07-01T02:05:07+01:00,8,326,,0.000000,0.750000,75,1,0,0,0,3550,1575
n012w8-0,n012w8,0,12,1500000,100.0,adaptive,2026-07-01T02:05:07+01:00,8,328,,0.000000,0.761905,75,1,0,0,0,3580,1610
n012w8-0,n012w8,0,12,1500000,100.0,adaptive,2026-07-01T02:05:07+01:00,8,330,,0.000000,0.821429,75,1,0,0,0,3595,1625
n012w8-0,n012w8,0,12,1500000,100.0,adaptive,2026-07-01T02:05:07+01:00,8,332,,0.000000,0.678571,75,1,0,0,0,3550,1615
n012w8-0,n012w8,0,12,1500000,100.0,adaptive,2026-07-01T02:05:07+01:00,8,334,,0.000000,0.690476,75,1,0,0,0,3565,1635
n012w8-0,n012w8,0,12,1500000,100.0,adaptive,2026-07-01T02:05:07+01:00,8,336,,0.000000,0.642857,75,1,0,0,0,3550,1615
n012w8-0,n012w8,0,12,1500000,100.0,adaptive,2026-07-01T02:05:07+01:00,8,338,,0.000000,0.690476,75,1,0,0,0,3515,1585
n012w8-0,n012w8,0,12,1500000,100.0,adaptive,2026-07-01T02:05:07+01:00,8,340,,0.000000,0.690476,75,1,0,0,0,3530,1600
n012w8-0,n012w8,0,12,1500000,100.0,adaptive,2026-07-01T02:05:07+01:00,8,342,,0.000000,0.702381,75,1,0,0,0,3495,1620
n012w8-0,n012w8,0,12,1500000,100.0,adaptive,2026-07-01T02:05:07+01:00,8,344,,0.000000,0.690476,75,1,0,0,0,3535,1660
n012w8-0,n012w8,0,12,1500000,100.0,adaptive,2026-07-01T02:05:07+01:00,8,346,,0.000000,0.654762,75,1,0,0,0,3515,1640
n012w8-0,n012w8,0,12,1500000,100.0,adaptive,2026-07-01T02:05:07+01:00,8,348,,0.000000,0.678571,75,1,0,0,0,3505,1630
n012w8-0,n012w8,0,12,1500000,100.0,adaptive,2026-07-01T02:05:07+01:00,8,350,,0.000000,0.726190,75,1,0,0,1,3460,1585
n012w8-0,n012w8,0,12,1500000,100.0,adaptive,2026-07-01T02:05:07+01:00,8,352,,0.000000,0.607143,75,1,0,0,0,3525,1585
n012w8-0,n012w8,0,12,1500000,100.0,adaptive,2026-07-01T02:05:07+01:00,8,354,,0.000000,0.738095,75,1,0,0,0,3540,1600
n012w8-0,n012w8,0,12,1500000,100.0,adaptive,2026-07-01T02:05:07+01:00,8,356,,0.000000,0.726190,75,1,0,0,0,3510,1570
n012w8-0,n012w8,0,12,1500000,100.0,adaptive,2026-07-01T02:05:07+01:00,8,358,,0.000000,0.666667,75,1,0,0,0,3540,1600
n012w8-0,n012w8,0,12,1500000,100.0,adaptive,2026-07-01T02:05:07+01:00,8,360,,0.000000,0.678571,75,1,0,0,0,3580,1640
n012w8-0,n012w8,0,12,1500000,100.0,adaptive,2026-07-01T02:05:07+01:00,8,362,,0.000000,0.714286,75,1,0,0,0,3585,1620
n012w8-0,n012w8,0,12,1500000,100.0,adaptive,2026-07-01T02:05:07+01:00,8,364,,0.000000,0.583333,75,1,0,0,0,3550,1575
n012w8-0,n012w8,0,12,1500000,100.0,adaptive,2026-07-01T02:05:07+01:00,8,366,,0.000000,0.666667,75,1,0,0,0,3560,1590
n012w8-0,n012w8,0,12,1500000,100.0,adaptive,2026-07-01T02:05:07+01:00,8,368,,0.000000,0.666667,75,1,0,0,0,3580,1605
n012w8-0,n012w8,0,12,1500000,100.0,adaptive,2026-07-01T02:05:07+01:00,8,370,,0.000000,0.761905,75,1,0,0,0,3535,1570
n012w8-0,n012w8,0,12,1500000,100.0,adaptive,2026-07-01T02:05:07+01:00,8,372,,0.000000,0.654762,75,1,0,0,0,3490,1555
n012w8-0,n012w8,0,12,1500000,100.0,adaptive,2026-07-01T02:05:07+01:00,8,374,,0.000000,0.773810,75,1,0,0,0,3580,1640
n012w8-0,n012w8,0,12,1500000,100.0,adaptive,2026-07-01T02:05:07+01:00,8,376,,0.000000,0.726190,75,1,0,0,0,3515,1580
n012w8-0,n012w8,0,12,1500000,100.0,adaptive,2026-07-01T02:05:07+01:00,8,378,,0.000000,0.630952,75,1,0,0,0,3520,1585
n012w8-0,n012w8,0,12,1500000,100.0,adaptive,2026-07-01T02:05:07+01:00,8,380,,0.000000,0.654762,75,1,0,0,0,3495,1560
n012w8-0,n012w8,0,12,1500000,100.0,adaptive,2026-07-01T02:05:07+01:00,8,382,,0.000000,0.714286,75,1,0,0,0,3550,1565
n012w8-0,n012w8,0,12,1500000,100.0,adaptive,2026-07-01T02:05:07+01:00,8,384,,0.000000,0.750000,75,1,0,0,0,3580,1595
n012w8-0,n012w8,0,12,1500000,100.0,adaptive,2026-07-01T02:05:07+01:00,8,386,,0.000000,0.619048,75,1,0,0,0,3605,1620
n012w8-0,n012w8,0,12,1500000,100.0,adaptive,2026-07-01T02:05:07+01:00,8,388,,0.000000,0.726190,75,1,0,0,0,3565,1580
n012w8-0,n012w8,0,12,1500000,100.0,adaptive,2026-07-01T02:05:07+01:00,8,390,,0.000000,0.714286,75,1,0,0,0,3575,1590
