path_id,parent_id,week,seed,week_penalty,cumulative_penalty,workers_started,candidates,accepted,rejected,sa_accepted_better,sa_accepted_worse,sa_rejected_by_prob,hard_reject_rate,duration_ms,retained,retained_rank,winning
1,0,1,42,395,395,72,7200000,742208,10763122,613979,128229,6457792,59.9179,684,1,1,0
4,0,1,303,400,400,67,6700000,705611,9990313,586024,119587,5994389,59.8570,666,1,2,0
5,0,1,404,400,400,68,6800000,706483,10173046,585973,120510,6093517,59.9365,679,1,3,1
2,0,1,101,410,410,71,7100000,734767,10710713,608455,126312,6365233,60.1364,689,1,4,0
3,0,1,202,410,410,68,6800000,702996,10211561,581923,121073,6097004,60.0272,678,1,5,0
18,5,2,202,230,630,66,6600000,594464,9357073,472119,122345,6005536,58.6390,609,1,1,0
14,4,2,303,220,620,89,8900000,800012,12998787,634312,165700,8099988,59.3585,733,1,2,0
16,5,2,42,240,640,68,6800000,595364,9722465,469131,126233,6204636,58.8439,609,1,3,0
15,4,2,404,250,650,73,7300000,642733,10638388,506545,136188,6657267,59.3052,626,1,4,0
19,5,2,303,230,630,71,7100000,626685,10176748,494533,132152,6473315,58.9043,623,1,5,0
17,5,2,101,235,635,77,7700000,693025,11010470,549621,143404,7006975,58.8466,646,1,6,1
23,2,2,202,235,645,86,8600000,772104,12532470,611147,160957,7827896,59.3043,684,1,7,0
24,2,2,303,240,650,73,7300000,670570,10722516,533604,136966,6629430,59.4951,759,1,8,0
20,5,2,404,230,630,83,8300000,751842,11870564,597001,154841,7548158,58.8509,670,1,9,0
9,1,2,303,300,695,77,7700000,697111,11058421,553575,143536,7002889,58.9518,678,1,10,0
28,3,2,202,305,715,68,6800000,601508,9992337,476177,125331,6198492,59.5053,610,1,11,0
21,2,2,42,240,650,86,8600000,778476,12657146,617268,161208,7821524,59.5430,684,1,12,0
9,1,2,303,300,695,77,7700000,697111,11058421,553575,143536,7002889,58.9518,678,1,10,0
13,4,2,202,255,655,74,7400000,653765,10790585,515781,137984,6746235,59.3196,639,0,0,0
11,4,2,42,255,655,74,7400000,665733,10870328,527842,137891,6734267,59.4972,647,0,0,0
25,2,2,404,240,650,72,7200000,654495,10582754,518664,135831,6545505,59.5113,615,0,0,0
28,3,2,202,305,715,68,6800000,601508,9992337,476177,125331,6198492,59.5053,610,1,11,0
10,1,2,404,310,705,74,7400000,690881,10670706,553101,137780,6709119,59.0497,662,0,0,0
30,3,2,404,310,720,76,7600000,666815,11257626,526185,140630,6933185,59.6980,645,0,0,0
27,3,2,101,305,715,76,7600000,660008,11193158,519253,140755,6939992,59.5598,643,0,0,0
6,1,2,42,305,700,77,7700000,715247,11097395,571738,143509,6984753,59.0369,670,0,0,0
26,3,2,42,295,705,76,7600000,674427,11212096,534743,139684,6925573,59.6005,647,0,0,0
8,1,2,202,305,700,63,6300000,583670,9050557,466596,117074,5716330,58.9591,495,0,0,0
7,1,2,101,315,710,72,7200000,667431,10348257,532664,134767,6532569,58.9703,632,0,0,0
29,3,2,303,305,715,79,7900000,698651,11575007,552847,145804,7201349,59.4352,657,0,0,0
59,17,3,303,485,1120,65,6500000,637390,9384677,519668,117722,5862610,59.0801,670,1,1,0
40,14,3,404,455,1075,77,7700000,748164,10884296,607130,141034,6951836,58.5672,728,1,2,0
37,14,3,101,460,1080,64,6400000,625876,9116716,508426,117450,5774124,58.7542,530,1,3,0
43,16,3,202,435,1075,64,6400000,641218,9149720,523577,117641,5758782,58.8417,525,1,4,0
58,17,3,202,490,1125,75,7500000,745382,10856788,609193,136189,6754618,59.1432,696,1,5,1
33,18,3,202,445,1075,75,7500000,744723,10853187,605961,138762,6755277,59.1352,697,1,6,0
31,18,3,42,475,1105,54,5400000,537993,7778517,438321,99672,4862007,59.0242,485,1,7,0
34,18,3,303,460,1090,73,7300000,716586,10565669,581694,134892,6583414,59.1395,691,1,8,0
90,21,3,404,465,1115,76,7600000,731354,10984079,592723,138631,6868646,59.1048,713,1,9,0
78,9,3,202,445,1140,74,7400000,737469,10711147,601861,135608,6662531,59.1412,698,1,10,0
54,19,3,303,455,1085,64,6400000,624084,9294201,506222,117862,5775916,59.2206,652,1,11,0
66,24,3,42,490,1140,78,7800000,779290,11333947,639570,139720,7020710,59.2348,718,1,12,0
54,19,3,303,455,1085,64,6400000,624084,9294201,506222,117862,5775916,59.2206,652,1,11,0
45,16,3,404,460,1100,70,7000000,698117,10021525,569009,129108,6301883,58.8756,676,0,0,0
39,14,3,303,470,1090,71,7100000,706721,10082010,576640,130081,6393279,58.6777,673,0,0,0
51,19,3,42,470,1100,69,6900000,663195,10033564,537322,125873,6236805,59.2525,671,0,0,0
66,24,3,42,490,1140,78,7800000,779290,11333947,639570,139720,7020710,59.2348,718,1,12,0
62,23,3,101,475,1120,73,7300000,729719,10627949,596056,133663,6570281,59.2815,697,0,0,0
41,16,3,42,475,1115,73,7300000,719335,10452572,585553,133782,6580665,58.8792,681,0,0,0
42,16,3,101,450,1090,72,7200000,707280,10308666,573958,133322,6492720,58.8775,678,0,0,0
36,14,3,42,475,1095,80,8000000,795088,11392692,647897,147191,7204912,58.7473,774,0,0,0
35,18,3,404,475,1105,70,7000000,699601,10132558,570448,129153,6300399,59.1421,680,0,0,0
75,20,3,404,450,1080,76,7600000,765906,10934102,627480,138426,6834094,58.9945,714,0,0,0
86,21,3,42,465,1115,60,6000000,585443,8651513,475956,109487,5414557,59.0486,508,0,0,0
64,23,3,303,470,1115,73,7300000,721168,10527969,587862,133306,6578832,59.0531,688,0,0,0
74,20,3,303,455,1085,76,7600000,752576,10989696,614094,138482,6847424,59.1171,722,0,0,0
87,21,3,101,450,1100,70,7000000,679223,10146527,552118,127105,6320777,59.1754,673,0,0,0
48,15,3,202,475,1125,70,7000000,688092,10215893,560596,127496,6311908,59.3399,676,0,0,0
73,20,3,202,460,1090,67,6700000,659238,9691220,536705,122533,6040762,59.1245,668,0,0,0
79,9,3,303,450,1145,75,7500000,759456,10824661,622241,137215,6740544,59.0715,700,0,0,0
55,19,3,404,480,1110,62,6200000,607119,9033545,493332,113787,5592881,59.3003,546,0,0,0
50,15,3,404,470,1120,75,7500000,729868,10846278,592797,137071,6770132,59.1198,699,0,0,0
61,23,3,42,475,1120,70,7000000,682185,10126220,553989,128196,6317815,59.1270,676,0,0,0
63,23,3,202,490,1135,77,7700000,748283,11169742,606987,141296,6951717,59.1939,712,0,0,0
71,20,3,42,450,1080,68,6800000,670840,9788510,547020,123820,6129160,59.0078,667,0,0,0
52,19,3,101,470,1100,71,7100000,686414,10326366,556542,129872,6413586,59.2571,681,0,0,0
60,17,3,404,480,1115,74,7400000,760841,10657973,627047,133794,6639159,59.0209,697,0,0,0
49,15,3,303,480,1130,73,7300000,720375,10611684,587110,133265,6579625,59.2445,693,0,0,0
81,28,3,42,475,1190,62,6200000,616947,8903439,504479,112468,5583053,58.9497,518,0,0,0
44,16,3,303,470,1110,71,7100000,694056,10185530,563926,130130,6405944,58.9252,681,0,0,0
56,17,3,42,485,1120,83,8300000,838722,11993025,688143,150579,7461278,59.0992,735,0,0,0
77,9,3,101,445,1140,75,7500000,748562,10760652,611539,137023,6751438,58.9281,711,0,0,0
65,23,3,404,455,1100,75,7500000,738892,10934894,600194,138698,6761108,59.3163,706,0,0,0
76,9,3,42,455,1150,67,6700000,676276,9692336,553658,122618,6023724,59.1272,668,0,0,0
72,20,3,101,460,1090,65,6500000,644746,9374183,526577,118169,5855254,59.0530,667,0,0,0
88,21,3,202,460,1110,65,6500000,628014,9500422,509737,118277,5871986,59.3761,659,0,0,0
89,21,3,303,460,1110,69,6900000,666726,9969337,540856,125870,6233274,59.0974,688,0,0,0
82,28,3,101,460,1175,80,8000000,788385,11575634,642668,145717,7211615,59.1329,717,0,0,0
83,28,3,202,470,1185,67,6700000,643835,9640237,522362,121473,6056165,58.9969,668,0,0,0
46,15,3,42,495,1145,85,8500000,839020,12317358,684813,154207,7660980,59.1687,746,0,0,0
68,24,3,202,510,1160,70,7000000,710302,10152428,583349,126953,6289698,59.1895,678,0,0,0
85,28,3,404,460,1175,67,6700000,659274,9658372,536661,122613,6040726,59.0424,670,0,0,0
80,9,3,404,460,1155,64,6400000,631143,9250719,513650,117493,5768857,59.1073,550,0,0,0
53,19,3,202,480,1110,58,5800000,566266,8477407,460011,106255,5233734,59.3764,501,0,0,0
57,17,3,101,490,1125,68,6800000,686856,9867924,562944,123912,6113144,59.2031,689,0,0,0
70,24,3,404,525,1175,62,6200000,600273,9037456,488142,112131,5599727,59.3108,545,0,0,0
69,24,3,303,500,1150,78,7800000,760682,11314671,619661,141021,7039318,59.1936,732,0,0,0
47,15,3,101,515,1165,79,7900000,787923,11503761,642782,145141,7112077,59.2862,719,0,0,0
67,24,3,101,520,1170,78,7800000,765096,11352728,623878,141218,7034904,59.2747,722,0,0,0
84,28,3,303,470,1185,70,7000000,683477,10103378,555666,127811,6316523,59.0724,677,0,0,0
134,90,4,303,135,1250,67,6700000,592153,10096920,477908,114245,6107847,60.1117,539,1,1,0
94,59,4,303,150,1270,75,7500000,676969,11292638,549358,127611,6823031,60.0908,563,1,2,0
95,59,4,404,135,1255,65,6500000,592289,9829794,481714,110575,5907711,60.1955,540,1,3,0
139,78,4,303,135,1275,67,6700000,643970,10244405,530630,113340,6056030,60.4589,542,1,4,0
138,78,4,202,120,1260,62,6200000,575255,9362243,469855,105400,5624745,60.1600,416,1,5,0
92,59,4,101,135,1255,77,7700000,683073,11561929,551330,131743,7016927,60.0248,571,1,6,0
135,90,4,404,120,1235,69,6900000,607356,10542997,489634,117722,6292644,60.4426,536,1,7,0
112,58,4,101,135,1260,67,6700000,635019,10172349,520335,114684,6064981,60.2901,540,1,8,1
127,34,4,101,120,1210,59,5900000,562577,9091520,462218,100359,5337423,60.6444,431,1,9,0
100,40,4,404,130,1205,53,5300000,519051,8071076,428669,90382,4780949,60.3622,393,1,10,0
101,37,4,42,150,1230,70,7000000,662754,10686893,543261,119493,6337246,60.4227,538,1,11,0
106,43,4,42,150,1225,70,7000000,655860,10723265,536103,119757,6344140,60.5039,541,1,12,0
115,58,4,404,150,1275,69,6900000,650444,10501845,532546,117898,6249556,60.3490,536,0,0,0
126,34,4,42,160,1250,58,5800000,568413,8920663,470141,98272,5231587,60.5996,427,0,0,0
136,78,4,42,120,1260,62,6200000,569941,9396565,464923,105018,5630059,60.2477,432,0,0,0
91,59,4,42,135,1255,57,5700000,522064,8612900,424745,97319,5177936,60.1758,431,0,0,0
102,37,4,101,130,1210,67,6700000,634693,10230272,520927,113766,6065307,60.4259,539,0,0,0
133,90,4,202,135,1250,61,6100000,542143,9241422,438069,104074,5557857,60.2384,420,0,0,0
98,40,4,202,135,1210,74,7400000,716438,11255384,590737,125701,6683562,60.3332,563,0,0,0
99,40,4,303,130,1205,75,7500000,708901,11498865,581444,127457,6791099,60.5240,572,0,0,0
110,43,4,404,165,1240,63,6300000,599058,9612222,491752,107306,5700942,60.4078,415,0,0,0
130,34,4,404,135,1225,66,6600000,647062,10267155,535030,112032,5952938,60.8707,540,0,0,0
131,90,4,42,135,1250,53,5300000,473961,8064331,383729,90232,4826039,60.3422,392,0,0,0
107,43,4,101,150,1225,63,6300000,598800,9606218,491533,107267,5701200,60.3928,429,0,0,0
108,43,4,202,150,1225,69,6900000,653785,10570690,535956,117829,6246215,60.5053,540,0,0,0
142,54,4,101,150,1235,62,6200000,621109,9506941,515502,105607,5578891,60.5270,420,0,0,0
109,43,4,303,135,1210,64,6400000,602976,9852268,494000,108976,5797024,60.6209,445,0,0,0
104,37,4,303,150,1230,62,6200000,568921,9481781,463186,105735,5631079,60.4637,421,0,0,0
114,58,4,303,135,1260,59,5900000,556656,9080362,455530,101126,5343344,60.6151,421,0,0,0
128,34,4,202,165,1255,50,5000000,491513,7801660,406611,84902,4508487,60.9426,385,0,0,0
132,90,4,101,150,1265,65,6500000,592599,9891773,481735,110864,5907401,60.3460,533,0,0,0
137,78,4,101,135,1275,77,7700000,733112,11673095,602151,130961,6966888,60.2542,573,0,0,0
141,54,4,42,130,1215,64,6400000,630307,9840284,521665,108642,5769693,60.5918,423,0,0,0
97,40,4,101,150,1225,64,6400000,599132,9748242,490659,108473,5800868,60.3672,438,0,0,0
111,58,4,42,120,1245,69,6900000,652239,10487092,534170,118069,6247761,60.3154,539,0,0,0
113,58,4,202,120,1245,64,6400000,596731,9734297,486186,110545,5803269,60.3329,422,0,0,0
116,33,4,42,145,1220,52,5200000,480235,7889585,391738,88497,4719765,60.2738,404,0,0,0
129,34,4,303,135,1225,65,6500000,628808,10064641,518848,109960,5871192,60.7598,530,0,0,0
143,54,4,202,135,1220,56,5600000,553145,8566099,457407,95738,5046855,60.4690,416,0,0,0
93,59,4,202,150,1270,69,6900000,638912,10420185,520903,118009,6261088,60.1621,559,0,0,0
96,40,4,42,135,1210,79,7900000,755086,12147316,620895,134191,7144914,60.5932,586,0,0,0
103,37,4,202,130,1210,59,5900000,561427,9008962,461116,100311,5338573,60.4265,409,0,0,0
121,31,4,42,150,1255,57,5700000,526834,8723445,428592,98242,5173166,60.4810,408,0,0,0
123,31,4,202,135,1240,68,6800000,624363,10414591,507926,116437,6175637,60.4986,540,0,0,0
120,33,4,404,150,1225,69,6900000,658156,10489637,540899,117257,6241844,60.3212,540,0,0,0
125,31,4,404,120,1225,60,6000000,556768,9232983,453579,103189,5443232,60.6118,433,0,0,0
140,78,4,404,145,1285,70,7000000,666703,10650853,547854,118849,6333297,60.3419,552,0,0,0
105,37,4,404,155,1235,67,6700000,643348,10198085,528753,114595,6056652,60.3505,538,0,0,0
118,33,4,202,165,1240,62,6200000,599178,9452124,494102,105076,5600822,60.3888,413,0,0,0
144,54,4,303,130,1215,74,7400000,740454,11266289,614844,125610,6659546,60.3563,563,0,0,0
145,54,4,404,160,1245,60,6000000,600414,9205250,498548,101866,5399586,60.5399,424,0,0,0
148,66,4,202,150,1290,76,7600000,708704,11635514,579389,129315,6891296,60.4897,573,0,0,0
117,33,4,101,155,1230,67,6700000,626345,10214574,512272,114073,6073655,60.3892,562,0,0,0
119,33,4,303,160,1235,63,6300000,604038,9624905,497447,106591,5695962,60.4393,420,0,0,0
122,31,4,101,150,1255,66,6600000,603339,10035559,489895,113444,5996661,60.3259,539,0,0,0
147,66,4,101,150,1290,70,7000000,661511,10787772,543007,118504,6338489,60.6471,540,0,0,0
150,66,4,404,160,1300,63,6300000,570669,9744469,464080,106589,5729331,60.7341,422,0,0,0
146,66,4,42,175,1315,66,6600000,601689,10008775,489301,112388,5998311,60.2620,543,0,0,0
124,31,4,303,160,1265,59,5900000,556692,9087332,454896,101796,5343308,60.6334,413,0,0,0
149,66,4,303,165,1305,81,8100000,758138,12336690,619981,138157,7341862,60.3654,588,0,0,0
171,138,5,42,325,1585,77,7700000,720129,11576214,581812,138317,6979871,60.0544,650,1,1,0
209,106,5,303,285,1510,69,6900000,638226,10488562,514127,124099,6261774,60.3187,608,1,2,0
157,94,5,101,315,1585,70,7000000,650304,10704453,524663,125641,6349696,60.4619,617,1,3,0
158,94,5,202,315,1585,74,7400000,694707,11303426,561552,133155,6705293,60.4351,635,1,4,0
207,106,5,101,295,1520,69,6900000,642383,10449806,518205,124178,6257617,60.2301,609,1,5,0
206,106,5,42,295,1520,71,7100000,664141,10753394,536352,127789,6435859,60.2317,667,1,6,0
181,135,5,42,330,1565,59,5900000,550927,8936322,444480,106447,5349073,60.2327,489,1,7,0
167,139,5,101,330,1605,84,8400000,758134,12680943,607939,150195,7641866,60.1536,676,1,8,0
172,138,5,101,330,1590,64,6400000,624416,9693104,509329,115087,5775584,60.2314,512,1,9,0
202,101,5,101,320,1550,73,7300000,683846,11075412,552554,131292,6616154,60.2730,634,1,10,0
155,134,5,404,330,1580,80,8000000,728691,12194374,585091,143600,7271309,60.3850,662,1,11,0
188,112,5,202,335,1595,70,7000000,631313,10632984,505517,125796,6368687,60.3017,614,1,12,1
174,138,5,303,340,1600,62,6200000,587493,9315790,475618,111875,5612507,60.0407,468,0,0,0
188,112,5,202,335,1595,70,7000000,631313,10632984,505517,125796,6368687,60.3017,614,1,12,1
205,101,5,404,325,1555,75,7500000,703461,11438545,569055,134406,6796539,60.3982,641,0,0,0
175,138,5,404,325,1585,72,7200000,704790,10813725,575076,129714,6495210,60.0305,617,0,0,0
196,100,5,42,380,1585,74,7400000,695948,11168180,562010,133938,6704052,60.1469,633,0,0,0
208,106,5,202,305,1530,73,7300000,682618,11017406,551157,131461,6617382,60.1472,624,0,0,0
187,112,5,101,350,1610,78,7800000,729534,11749160,589120,140414,7070466,60.1006,659,0,0,0
190,112,5,404,335,1595,80,8000000,728663,12156180,584761,143902,7271337,60.3099,664,0,0,0
160,94,5,404,310,1580,73,7300000,693860,11091280,563296,130564,6606140,60.3073,635,0,0,0
165,95,5,404,340,1595,76,7600000,714057,11584448,577668,136389,6885943,60.3846,661,0,0,0
192,127,5,101,360,1570,84,8400000,833594,12599643,682631,150963,7566406,59.9993,675,0,0,0
152,134,5,101,330,1580,67,6700000,612726,10128620,492792,119934,6087274,60.1869,610,0,0,0
186,112,5,42,350,1610,66,6600000,605229,10014777,486693,118536,5994771,60.2763,609,0,0,0
163,95,5,202,340,1595,79,7900000,738136,11943481,596410,141726,7161864,60.1884,661,0,0,0
170,139,5,404,330,1605,80,8000000,738669,12152788,595412,143257,7261331,60.3033,668,0,0,0
210,106,5,404,285,1510,74,7400000,699847,11245123,566835,133012,6700153,60.3113,656,0,0,0
193,127,5,202,365,1575,68,6800000,677178,10241529,554556,122622,6122822,60.0975,609,0,0,0
151,134,5,42,360,1610,67,6700000,610738,10221361,490446,120292,6089262,60.4051,613,0,0,0
153,134,5,202,350,1600,92,9200000,837790,13996012,673190,164600,8362210,60.3380,697,0,0,0
183,135,5,202,340,1575,60,6000000,566052,9055036,457292,108760,5433948,60.1462,460,0,0,0
162,95,5,101,330,1585,81,8100000,751826,12404016,605942,145884,7348174,60.4955,662,0,0,0
176,92,5,42,350,1605,65,6500000,622386,9888632,505060,117326,5877614,60.3384,607,0,0,0
201,101,5,42,320,1550,70,7000000,661185,10685982,534921,126264,6338815,60.4206,618,0,0,0
166,139,5,42,355,1630,63,6300000,581577,9558689,469156,112421,5718423,60.2741,474,0,0,0
204,101,5,303,330,1560,64,6400000,604501,9763247,489548,114953,5795499,60.4040,496,0,0,0
168,139,5,202,345,1620,65,6500000,604889,9801639,488794,116095,5895111,60.1267,607,0,0,0
169,139,5,303,345,1620,69,6900000,632841,10463465,509127,123714,6267159,60.2614,620,0,0,0
173,138,5,202,325,1585,67,6700000,645326,10053330,524480,120846,6054674,60.0080,610,0,0,0
178,92,5,202,355,1610,70,7000000,657848,10640428,531527,126321,6342152,60.3184,615,0,0,0
159,94,5,303,325,1595,70,7000000,642210,10693399,516889,125321,6357790,60.4372,607,0,0,0
161,95,5,42,345,1600,66,6600000,635823,10056121,516651,119172,5964177,60.3749,612,0,0,0
189,112,5,303,335,1595,61,6100000,584066,9163345,474396,109670,5515934,60.0350,492,0,0,0
156,94,5,42,325,1595,61,6100000,583795,9274421,474702,109093,5516205,60.3237,462,0,0,0
191,127,5,42,375,1585,61,6100000,610180,9122078,500860,109320,5489820,59.9266,470,0,0,0
199,100,5,303,385,1590,68,6800000,642271,10311343,519127,123144,6157729,60.2603,616,0,0,0
184,135,5,303,330,1565,81,8100000,755491,12304142,609223,146268,7344509,60.3022,668,0,0,0
197,100,5,101,385,1590,68,6800000,645179,10243756,522086,123093,6154821,60.1027,610,0,0,0
185,135,5,404,340,1575,77,7700000,715673,11699850,577015,138658,6984327,60.3090,651,0,0,0
154,134,5,303,355,1605,71,7100000,661269,10820338,534547,126722,6438731,60.3802,629,0,0,0
200,100,5,404,380,1585,81,8100000,769158,12269304,622905,146253,7330842,60.2343,691,0,0,0
179,92,5,303,355,1610,85,8500000,793286,12996422,640450,152836,7706714,60.4585,677,0,0,0
194,127,5,303,370,1580,75,7500000,754105,11276027,619694,134411,6745895,60.0554,644,0,0,0
164,95,5,303,340,1595,80,8000000,728975,12150163,584735,144240,7271025,60.2981,658,0,0,0
195,127,5,404,370,1580,61,6100000,605103,9202295,495577,109526,5494897,60.1367,499,0,0,0
198,100,5,202,380,1585,82,8200000,776184,12370057,628736,147448,7423816,60.1362,670,0,0,0
182,135,5,101,355,1590,68,6800000,645330,10326600,522495,122835,6154670,60.2957,612,0,0,0
180,92,5,404,360,1615,70,7000000,663758,10696208,537647,126111,6336242,60.4435,631,0,0,0
177,92,5,101,355,1610,66,6600000,619192,10046684,500371,118821,5980808,60.3525,604,0,0,0
217,209,6,101,200,1710,71,7100000,662560,11255407,533343,129217,6437440,61.3193,569,1,1,0
230,158,6,404,220,1805,74,7400000,716120,11755231,578312,137808,6683880,61.3683,593,1,2,0
213,171,6,202,205,1790,65,6500000,605329,10242171,486468,118861,5894671,61.1759,553,1,3,0
218,209,6,202,215,1725,64,6400000,566054,10098701,450115,115939,5833946,61.2091,451,1,4,0
226,158,6,42,220,1805,64,6400000,619186,10340272,500977,118209,5780814,61.7688,446,1,5,0
268,188,6,202,200,1795,60,6000000,574553,9687223,464860,109693,5425447,61.7523,479,1,6,1
240,206,6,404,210,1730,76,7600000,711548,12268914,573630,137918,6888452,61.7493,602,1,7,0
216,209,6,42,220,1730,56,5600000,510240,8912446,409028,101212,5089760,61.4124,443,1,8,0
211,171,6,42,190,1775,66,6600000,607606,10409019,487162,120444,5992394,61.1971,561,1,9,0
261,155,6,42,205,1785,64,6400000,630597,10241990,514654,115943,5769403,61.5431,482,1,10,0
231,207,6,42,235,1755,76,7600000,724630,12004075,587435,137195,6875370,61.2325,607,1,11,0
241,181,6,42,200,1765,67,6700000,596899,10779406,474013,122886,6103101,61.6692,561,1,12,0
228,158,6,202,220,1805,62,6200000,598911,9983075,484374,114537,5601089,61.6884,446,0,0,0
261,155,6,42,205,1785,64,6400000,630597,10241990,514654,115943,5769403,61.5431,482,1,10,0
231,207,6,42,235,1755,76,7600000,724630,12004075,587435,137195,6875370,61.2325,607,1,11,0
236,206,6,42,240,1760,70,7000000,656542,11321363,529514,127028,6343458,61.7932,568,0,0,0
241,181,6,42,200,1765,67,6700000,596899,10779406,474013,122886,6103101,61.6692,561,1,12,0
248,167,6,202,195,1800,63,6300000,630094,10011153,515611,114483,5669906,61.3761,492,0,0,0
249,167,6,303,195,1800,62,6200000,592464,9774095,479928,112536,5607536,61.1872,482,0,0,0
232,207,6,101,220,1740,69,6900000,646566,10812005,522759,123807,6253434,61.0434,564,0,0,0
267,188,6,101,215,1810,63,6300000,601650,10250914,485977,115673,5698350,61.9356,491,0,0,0
221,157,6,42,250,1835,68,6800000,643581,10922672,518628,124953,6156419,61.6311,568,0,0,0
225,157,6,404,235,1820,73,7300000,698864,11577993,565262,133602,6601136,61.3306,572,0,0,0
251,172,6,42,210,1800,65,6500000,613323,10610557,496268,117055,5886677,62.0118,590,0,0,0
252,172,6,101,210,1800,62,6200000,606379,10104780,494000,112379,5593621,61.9743,486,0,0,0
214,171,6,303,205,1790,81,8100000,747559,12815272,600051,147508,7352441,61.2723,616,0,0,0
235,207,6,404,210,1730,65,6500000,607281,10285759,490366,116915,5892719,61.2767,554,0,0,0
237,206,6,101,220,1740,58,5800000,553394,9368578,447999,105395,5246606,61.7631,426,0,0,0
245,181,6,404,215,1780,74,7400000,671962,11810679,535551,136411,6728038,61.4798,617,0,0,0
224,157,6,303,235,1820,65,6500000,626033,10451589,506569,119464,5873967,61.6555,559,0,0,0
266,188,6,42,215,1810,58,5800000,553420,9445681,446940,106480,5246580,61.9564,456,0,0,0
233,207,6,202,235,1755,69,6900000,669117,10978260,545692,123425,6230883,61.4056,563,0,0,0
215,171,6,404,205,1790,78,7800000,734387,12399019,591726,142661,7065613,61.3843,619,0,0,0
227,158,6,101,235,1820,62,6200000,605217,9985984,491059,114158,5594783,61.6953,440,0,0,0
253,172,6,202,220,1810,57,5700000,551727,9307362,448461,103266,5148273,62.0186,451,0,0,0
255,172,6,404,180,1770,69,6900000,668994,11172998,544022,124972,6231006,61.8215,596,0,0,0
269,188,6,303,215,1810,71,7100000,694659,11571488,564899,129760,6405341,61.9741,611,0,0,0
239,206,6,303,210,1730,70,7000000,660950,11308569,534268,126682,6339050,61.7665,592,0,0,0
254,172,6,303,215,1805,67,6700000,649669,10900354,527878,121791,6050331,61.9326,608,0,0,0
223,157,6,202,250,1835,65,6500000,617014,10447895,497517,119497,5882986,61.6472,573,0,0,0
246,167,6,42,205,1810,62,6200000,621850,9741817,509504,112346,5578150,61.1086,498,0,0,0
250,167,6,404,200,1805,72,7200000,701137,11515948,570468,130669,6498863,61.5301,616,0,0,0
244,181,6,303,215,1780,72,7200000,651334,11528260,519062,132272,6548666,61.5554,575,0,0,0
212,171,6,101,225,1810,53,5300000,490533,8428937,393444,97089,4809467,61.3954,442,0,0,0
238,206,6,202,235,1755,62,6200000,589062,9967679,476071,112991,5610938,61.6519,437,0,0,0
247,167,6,101,205,1810,68,6800000,653388,10756741,529121,124267,6146612,61.2684,599,0,0,0
263,155,6,202,220,1800,67,6700000,655656,10658244,533441,122215,6044344,61.4016,600,0,0,0
222,157,6,101,250,1835,59,5900000,567037,9351932,459260,107777,5332963,61.3164,432,0,0,0
264,155,6,303,200,1780,64,6400000,647223,10255408,530430,116793,5752777,61.5740,493,0,0,0
265,155,6,404,230,1810,72,7200000,722519,11475952,591482,131037,6477481,61.4477,612,0,0,0
260,202,6,404,225,1775,72,7200000,685471,11559682,554256,131215,6514529,61.6198,607,0,0,0
243,181,6,202,230,1795,64,6400000,578458,10208482,461150,117308,5821542,61.4655,464,0,0,0
257,202,6,101,225,1775,68,6800000,637785,10872697,514385,123400,6162215,61.5226,597,0,0,0
270,188,6,404,205,1800,66,6600000,635286,10674843,514320,120966,5964714,61.7942,600,0,0,0
234,207,6,303,235,1755,67,6700000,639881,10561824,518481,121400,6060119,61.1860,558,0,0,0
258,202,6,202,220,1770,62,6200000,580775,9873381,468676,112099,5619225,61.4269,477,0,0,0
242,181,6,101,250,1815,61,6100000,557952,9821945,445574,112378,5542048,61.6881,432,0,0,0
256,202,6,42,240,1790,61,6100000,587026,9765950,476259,110767,5512974,61.5529,469,0,0,0
262,155,6,101,240,1820,54,5400000,537977,8702067,439696,98281,4862023,61.7077,440,0,0,0
259,202,6,303,225,1775,62,6200000,572464,9898510,460442,112022,5627536,61.4871,458,0,0,0
271,217,7,42,320,2030,71,14200000,1503879,23810847,1224475,279404,12696121,62.6422,1187,1,1,0
272,271,8,42,1660,3690,64,12800000,1422140,18609932,1156985,265155,11377860,59.2486,1088,1,1,0
273,217,7,101,320,2030,80,16000000,1705232,26782511,1390420,314812,14294768,62.6015,1279,1,2,0
274,273,8,101,1665,3695,58,11600000,1290744,17571562,1048751,241993,10309256,60.2352,979,1,2,0
275,217,7,202,320,2030,73,14600000,1501001,24661168,1214533,286468,13098999,62.8131,1141,1,3,0
276,275,8,202,1645,3675,68,13600000,1539974,20435950,1254565,285409,12060026,60.0422,1257,1,3,0
277,217,7,303,320,2030,76,15200000,1620815,25670060,1321403,299412,13579185,62.8090,1170,1,4,0
278,277,8,303,1680,3710,78,15600000,1822567,23352452,1498152,324415,13777433,59.9512,1333,1,4,0
279,217,7,404,310,2020,68,13600000,1419420,22836058,1152169,267251,12180580,62.6743,1119,1,5,0
280,279,8,404,1640,3660,72,14400000,1593369,21354117,1296733,296636,12806631,59.7249,1271,1,5,0
281,230,7,42,275,2080,55,11000000,1165626,18634296,947927,217699,9834374,62.8808,807,1,6,0
282,281,8,42,1585,3665,72,14400000,1639994,20961299,1342138,297856,12760006,59.2775,1277,1,6,0
283,230,7,101,270,2075,65,13000000,1382631,22126068,1125780,256851,11617369,62.9904,1116,1,7,0
284,283,8,101,1605,3680,67,13400000,1512099,19954039,1233954,278145,11887901,59.8250,1244,1,7,0
285,230,7,202,255,2060,81,16200000,1706205,27445671,1386181,320024,14493795,62.8829,1204,1,8,0
286,285,8,202,1575,3635,79,15800000,1839798,23407791,1512771,327027,13960202,59.7019,1364,1,8,0
287,230,7,303,260,2065,88,17600000,1827789,29626310,1480116,347673,15772211,62.7326,1268,1,9,0
288,287,8,303,1585,3650,74,14800000,1704732,21912233,1395670,309062,13095268,59.6865,1301,1,9,0
289,230,7,404,270,2075,77,15400000,1638630,25996303,1334482,304148,13761370,62.7986,1190,1,10,0
290,289,8,404,1590,3665,83,16600000,1933002,24544814,1591472,341530,14666998,59.6547,1371,1,10,0
291,213,7,42,295,2085,77,15400000,1655135,26337185,1347524,307611,13744865,63.1024,1229,1,11,0
292,291,8,42,1605,3690,75,15000000,1712014,22470443,1402499,309515,13287986,59.9684,1319,1,11,0
293,213,7,101,295,2085,77,15400000,1648644,26203098,1341597,307047,13751356,62.9835,1208,1,12,0
294,293,8,101,1530,3615,81,16200000,1825073,24196549,1488785,336288,14374927,59.8976,1358,1,12,0
295,213,7,202,295,2085,73,14600000,1569598,24961712,1279841,289757,13030402,63.0956,1154,0,0,0
296,295,8,202,1580,3665,73,14600000,1686198,22059733,1385050,301148,12913802,60.1743,1282,0,0,0
297,213,7,303,290,2080,82,16400000,1781417,28072796,1455355,326062,14618583,63.1235,1211,0,0,0
298,297,8,303,1575,3655,73,14600000,1632913,21739411,1327215,305698,12967087,59.8232,1328,0,0,0
299,213,7,404,305,2095,71,14200000,1531447,24143652,1248667,282780,12668553,62.9665,1130,0,0,0
300,299,8,404,1570,3665,77,15400000,1741648,23406451,1422259,319389,13658352,60.3159,1324,0,0,0
301,218,7,42,255,1980,71,14200000,1539940,24241065,1259124,280816,12660060,63.0603,1137,0,0,0
302,301,8,42,1675,3655,69,13800000,1606604,20829808,1317290,289314,12193396,60.1499,1256,0,0,0
303,218,7,101,245,1970,79,15800000,1716712,26903132,1402768,313944,14083288,63.0004,1212,0,0,0
304,303,8,101,1725,3695,75,15000000,1726964,22280340,1418423,308541,13273036,59.7643,1342,0,0,0
305,218,7,202,240,1965,72,14400000,1546033,24799838,1260373,285660,12853967,63.2652,1133,0,0,0
306,305,8,202,1640,3605,75,15000000,1647037,22049597,1334908,312129,13352963,59.5137,1317,0,0,0
307,218,7,303,240,1965,78,15600000,1666018,26669633,1355537,310481,13933982,63.0941,1207,0,0,0
308,307,8,303,1685,3650,82,16400000,1880425,24091785,1543716,336709,14519575,59.4980,1371,0,0,0
309,218,7,404,240,1965,80,16000000,1752812,27303769,1435064,317748,14247188,63.0517,1239,0,0,0
310,309,8,404,1665,3630,85,17000000,1947773,25090138,1602703,345070,15052227,59.6105,1399,0,0,0
311,226,7,42,225,2030,74,14800000,1610459,25447221,1315885,294574,13189541,63.2273,1172,0,0,0
312,311,8,42,1575,3605,89,17800000,2145250,26643758,1776689,368561,15654750,59.9494,1445,0,0,0
313,226,7,101,240,2045,66,13200000,1422761,22952703,1159850,262911,11777239,63.4882,1122,0,0,0
314,313,8,101,1575,3620,75,15000000,1718868,22577569,1408193,310675,13281132,60.0826,1307,0,0,0
315,226,7,202,225,2030,79,15800000,1745194,27319262,1431026,314168,14054806,63.3574,1243,0,0,0
316,315,8,202,1560,3590,75,15000000,1683043,22098325,1376002,307041,13316957,59.5669,1314,0,0,0
317,226,7,303,210,2015,78,15600000,1651294,27070116,1340733,310561,13948706,63.4405,1211,0,0,0
318,317,8,303,1570,3585,82,16400000,2015533,24552386,1676557,338976,14384467,59.9535,1369,0,0,0
319,226,7,404,210,2015,74,14800000,1577943,25602010,1282674,295269,13222057,63.3682,1165,0,0,0
320,319,8,404,1595,3610,74,14800000,1743826,22267148,1438247,305579,13056174,60.0725,1310,0,0,0
321,268,7,42,195,1990,69,13800000,1409007,23795481,1138288,270719,12390993,63.2935,1133,0,0,0
322,321,8,42,1565,3555,76,15200000,1762661,22735257,1453966,308695,13437339,59.9317,1329,0,0,0
323,268,7,101,195,1990,74,14800000,1491923,25330979,1201296,290627,13308077,63.1208,1149,0,0,0
324,323,8,101,1590,3580,76,15200000,1754157,22522046,1440721,313436,13445843,59.7053,1330,0,0,0
325,268,7,202,185,1980,84,16800000,1770595,28970486,1439724,330871,15029405,63.2951,1237,0,0,0
326,325,8,202,1570,3550,74,14800000,1703104,21793350,1399628,303476,13096896,59.5555,1314,0,0,0
327,268,7,303,195,1990,72,14400000,1487780,24696590,1203341,284439,12912220,63.1681,1137,0,0,1
328,327,8,303,1545,3535,71,14200000,1675935,20971639,1384506,291429,12524065,59.6266,1272,0,0,1
329,268,7,404,185,1980,71,14200000,1430874,24397573,1151798,279076,12769126,63.2101,1126,0,0,0
330,329,8,404,1590,3570,69,13800000,1557664,20569255,1276696,280968,12242336,59.8478,1255,0,0,0
331,240,7,42,230,1960,84,16800000,1831339,28969952,1501047,330292,14968661,63.2947,1224,0,0,0
332,331,8,42,1635,3595,77,15400000,1774030,22797074,1458499,315531,13625970,59.6828,1352,0,0,0
333,240,7,101,230,1960,75,15000000,1635972,25750589,1341052,294920,13364028,63.1907,1190,0,0,0
334,333,8,101,1725,3685,67,13400000,1625752,20403587,1353709,272043,11774248,60.3592,1273,0,0,0
335,240,7,202,225,1955,82,16400000,1749404,28144830,1425766,323638,14650596,63.1832,1229,0,0,0
336,335,8,202,1700,3655,75,15000000,1760984,22671229,1457409,303575,13239016,60.1818,1325,0,0,0
337,240,7,303,225,1955,70,14000000,1494496,23905723,1218810,275686,12505504,63.0663,1128,0,0,0
338,337,8,303,1665,3620,76,15200000,1805645,22995057,1498632,307013,13394355,60.2043,1328,0,0,0
339,240,7,404,210,1940,73,14600000,1548382,25240323,1261424,286958,13051618,63.3537,1164,0,0,0
340,339,8,404,1615,3555,71,14200000,1614913,21073824,1326158,288755,12585087,59.7435,1265,0,0,0
341,216,7,42,275,2005,67,13400000,1389624,23176062,1125241,264383,12010376,63.3640,1120,0,0,0
342,341,8,42,1690,3695,62,12400000,1418786,18450215,1161480,257306,10981214,59.8058,1019,0,0,0
343,216,7,101,280,2010,75,15000000,1575281,25967846,1278904,296377,13424719,63.3859,1181,0,0,0
344,343,8,101,1620,3630,73,14600000,1684123,21427859,1384145,299978,12915877,59.4758,1291,0,0,0
345,216,7,202,270,2000,67,13400000,1402315,23111649,1137370,264945,11997685,63.2994,1122,0,0,0
346,345,8,202,1725,3725,58,11600000,1362737,17734127,1123729,239008,10237263,60.4556,998,0,0,0
347,216,7,303,285,2015,71,14200000,1522415,24482398,1240579,281836,12677585,63.2908,1127,0,0,0
348,347,8,303,1700,3715,78,15600000,1815671,23594146,1496126,319545,13784329,60.1981,1328,0,0,0
349,216,7,404,280,2010,66,13200000,1399197,22770870,1137281,261916,11800803,63.3036,1127,0,0,0
350,349,8,404,1650,3660,68,13600000,1598235,20615844,1316804,281431,12001765,60.2523,1254,0,0,0
351,211,7,42,240,2015,74,14800000,1576134,25077309,1283666,292468,13223866,62.8862,1159,0,0,0
352,351,8,42,1660,3675,68,13600000,1614169,20321761,1332487,281682,11985831,59.9077,1258,0,0,0
353,211,7,101,220,1995,84,16800000,1799538,28295267,1468650,330888,15000462,62.7455,1222,0,0,0
354,353,8,101,1625,3620,68,13600000,1537860,20391282,1255150,282710,12062140,59.9897,1265,0,0,0
355,211,7,202,215,1990,77,15400000,1629354,26093652,1324671,304683,13770646,62.8859,1215,0,0,0
356,355,8,202,1640,3630,68,13600000,1582076,20180552,1302361,279715,12017924,59.7401,1249,0,0,0
357,211,7,303,230,2005,73,14600000,1573730,24744919,1284353,289377,13026270,62.8923,1141,0,0,0
358,357,8,303,1615,3620,87,17400000,1981652,25560410,1623534,358118,15418348,59.4976,1395,0,0,0
359,211,7,404,235,2010,85,17000000,1803136,28957863,1466382,336754,15196864,63.0096,1243,0,0,0
360,359,8,404,1605,3615,78,15600000,1769450,23146384,1449902,319548,13830550,59.7382,1349,0,0,0
361,261,7,42,225,2010,74,14800000,1523373,25368906,1228364,295009,13276627,63.1556,1174,0,0,0
362,361,8,42,1615,3625,75,15000000,1778359,22186362,1470075,308284,13221641,59.6626,1356,0,0,0
363,261,7,101,240,2025,64,12800000,1268370,21895438,1014341,254029,11531630,63.1075,875,0,0,0
364,363,8,101,1630,3655,85,17000000,1967009,25486808,1619296,347713,15032991,59.9876,1397,0,0,0
365,261,7,202,215,2000,84,16800000,1694490,29205939,1360778,333712,15105510,63.4830,1266,0,0,0
366,365,8,202,1635,3635,83,16600000,1940396,24490167,1601927,338469,14659604,59.6010,1387,0,0,0
367,261,7,303,215,2000,68,13600000,1351285,23503943,1080766,270519,12248715,63.3462,1142,0,0,0
368,367,8,303,1635,3635,75,15000000,1717333,22390987,1412865,304468,13282667,59.8834,1314,0,0,0
369,261,7,404,215,2000,77,15400000,1564284,26506537,1258006,306278,13835716,63.2516,1188,0,0,0
370,369,8,404,1590,3590,90,18000000,2123903,26357926,1757307,366596,15876097,59.4210,1472,0,0,0
371,231,7,42,190,1945,66,13200000,1414959,22882687,1155190,259769,11785041,63.4174,1117,0,0,0
372,371,8,42,1640,3585,68,13600000,1565214,20031613,1287518,277696,12034786,59.5619,1251,0,0,0
373,231,7,101,200,1955,71,14200000,1535031,24495241,1254688,280343,12664969,63.3030,1129,0,0,0
374,373,8,101,1630,3585,79,15800000,1822698,23485033,1499050,323648,13977302,59.7811,1336,0,0,0
375,231,7,202,185,1940,78,15600000,1680989,27060716,1373482,307507,13919011,63.4324,1203,0,0,0
376,375,8,202,1635,3575,72,14400000,1677711,21469108,1383244,294467,12722289,59.8540,1282,0,0,0
377,231,7,303,175,1930,79,15800000,1703209,26998381,1392919,310290,14096791,63.0827,1235,0,0,0
378,377,8,303,1660,3590,67,13400000,1551294,20148145,1276097,275197,11848706,60.0574,1252,0,0,0
379,231,7,404,195,1950,77,15400000,1635321,26615059,1332109,303212,13764679,63.3465,1209,0,0,0
380,379,8,404,1685,3635,61,12200000,1371901,17896797,1121959,249942,10828099,59.4641,1017,0,0,0
381,241,7,42,190,1955,75,15000000,1473583,25415117,1179166,294417,13526417,62.8852,1174,0,0,0
382,381,8,42,1645,3600,72,14400000,1674573,21319703,1377481,297092,12725427,59.6861,1266,0,0,0
383,241,7,101,195,1960,67,13400000,1341548,22763068,1077293,264255,12058452,62.9456,1188,0,0,0
384,383,8,101,1645,3605,66,13200000,1484884,19880718,1211765,273119,11715116,60.0976,1251,0,0,0
385,241,7,202,200,1965,76,15200000,1479072,25873620,1179884,299188,13720928,62.9933,1179,0,0,0
386,385,8,202,1660,3625,75,15000000,1710130,22244757,1399669,310461,13289870,59.7259,1322,0,0,0
387,241,7,303,185,1950,79,15800000,1574701,26849943,1263618,311083,14225299,62.9542,1263,0,0,0
388,387,8,303,1660,3610,59,11800000,1382720,17711738,1141846,240874,10417280,60.0159,945,0,0,0
389,241,7,404,195,1960,80,16000000,1596692,27303124,1283303,313389,14403308,63.0512,1222,0,0,0
390,389,8,404,1660,3620,66,13200000,1606182,19817732,1333447,272735,11593818,60.0215,1256,0,0,0
