run_id,instance,seed,beam_width,iterations,temperature,cooling_mode,timestamp,week,worker_id,parent_worker_id,child_worker_id,depth,branch_reason,candidate,temperature_at_event,old_penalty,new_penalty,improvement,elapsed_ms
n012w8-0,n012w8,0,5,500000,100.0,adaptive,2026-07-04T15:19:47+01:00,1,3,-1,1003,0,global_best_update,1,99.997237,3800,3650,150,1
n012w8-0,n012w8,0,5,500000,100.0,adaptive,2026-07-04T15:19:47+01:00,1,3,-1,1004,0,global_best_update,2,99.994474,3650,3500,150,1
n012w8-0,n012w8,0,5,500000,100.0,adaptive,2026-07-04T15:19:47+01:00,1,1,-1,1003,0,global_best_update,4,99.988948,3500,3485,15,1
n012w8-0,n012w8,0,5,500000,100.0,adaptive,2026-07-04T15:19:47+01:00,1,2,-1,1005,0,global_best_update,5,99.986185,3485,3455,30,1
n012w8-0,n012w8,0,5,500000,100.0,adaptive,2026-07-04T15:19:47+01:00,1,3,-1,1007,0,global_best_update,3,99.991711,3455,3320,135,1
n012w8-0,n012w8,0,5,500000,100.0,adaptive,2026-07-04T15:19:47+01:00,1,3,-1,1008,0,global_best_update,4,99.988948,3320,3170,150,1
n012w8-0,n012w8,0,5,500000,100.0,adaptive,2026-07-04T15:19:47+01:00,1,2,-1,1008,0,global_best_update,13,99.964086,3170,2990,180,1
n012w8-0,n012w8,0,5,500000,100.0,adaptive,2026-07-04T15:19:47+01:00,1,3,-1,1010,0,global_best_update,6,99.983423,2990,2825,165,1
n012w8-0,n012w8,0,5,500000,100.0,adaptive,2026-07-04T15:19:47+01:00,1,2,-1,1010,0,global_best_update,20,99.944753,2825,2810,15,1
n012w8-0,n012w8,0,5,500000,100.0,adaptive,2026-07-04T15:19:47+01:00,1,3,-1,1012,0,global_best_update,7,99.980660,2810,2645,165,1
n012w8-0,n012w8,0,5,500000,100.0,adaptive,2026-07-04T15:19:47+01:00,1,2,-1,1012,0,global_best_update,24,99.933708,2645,2510,135,1
n012w8-0,n012w8,0,5,500000,100.0,adaptive,2026-07-04T15:19:47+01:00,1,2,-1,1013,0,global_best_update,28,99.922663,2510,2470,40,1
n012w8-0,n012w8,0,5,500000,100.0,adaptive,2026-07-04T15:19:47+01:00,1,3,-1,1015,0,global_best_update,11,99.969610,2470,2450,20,1
n012w8-0,n012w8,0,5,500000,100.0,adaptive,2026-07-04T15:19:47+01:00,1,2,-1,1015,0,global_best_update,30,99.917141,2450,2415,35,1
n012w8-0,n012w8,0,5,500000,100.0,adaptive,2026-07-04T15:19:47+01:00,1,3,-1,1017,0,global_best_update,12,99.966848,2415,2200,215,1
n012w8-0,n012w8,0,5,500000,100.0,adaptive,2026-07-04T15:19:47+01:00,1,2,-1,1017,0,global_best_update,38,99.895057,2200,2070,130,1
n012w8-0,n012w8,0,5,500000,100.0,adaptive,2026-07-04T15:19:47+01:00,1,2,-1,1018,0,global_best_update,48,99.867459,2070,2040,30,2
n012w8-0,n012w8,0,5,500000,100.0,adaptive,2026-07-04T15:19:47+01:00,1,3,-1,1020,0,global_best_update,17,99.953038,2040,2010,30,2
n012w8-0,n012w8,0,5,500000,100.0,adaptive,2026-07-04T15:19:47+01:00,1,2,-1,1020,0,global_best_update,53,99.853663,2010,1995,15,2
n012w8-0,n012w8,0,5,500000,100.0,adaptive,2026-07-04T15:19:47+01:00,1,3,-1,1022,0,global_best_update,18,99.950277,1995,1965,30,2
n012w8-0,n012w8,0,5,500000,100.0,adaptive,2026-07-04T15:19:47+01:00,1,2,-1,1022,0,global_best_update,56,99.845386,1965,1815,150,2
n012w8-0,n012w8,0,5,500000,100.0,adaptive,2026-07-04T15:19:47+01:00,1,2,-1,1023,0,global_best_update,60,99.834351,1815,1800,15,2
n012w8-0,n012w8,0,5,500000,100.0,adaptive,2026-07-04T15:19:47+01:00,1,1,-1,1023,0,global_best_update,79,99.781953,1800,1685,115,2
n012w8-0,n012w8,0,5,500000,100.0,adaptive,2026-07-04T15:19:47+01:00,1,1,-1,1024,0,global_best_update,84,99.768169,1685,1655,30,2
n012w8-0,n012w8,0,5,500000,100.0,adaptive,2026-07-04T15:19:47+01:00,1,1,-1,1025,0,global_best_update,87,99.759899,1655,1610,45,2
n012w8-0,n012w8,0,5,500000,100.0,adaptive,2026-07-04T15:19:47+01:00,1,1,-1,1026,0,global_best_update,89,99.754386,1610,1530,80,2
n012w8-0,n012w8,0,5,500000,100.0,adaptive,2026-07-04T15:19:47+01:00,1,1,-1,1027,0,global_best_update,91,99.748874,1530,1500,30,2
n012w8-0,n012w8,0,5,500000,100.0,adaptive,2026-07-04T15:19:47+01:00,1,1,-1,1028,0,global_best_update,97,99.732338,1500,1340,160,2
n012w8-0,n012w8,0,5,500000,100.0,adaptive,2026-07-04T15:19:47+01:00,1,3,-1,1031,0,global_best_update,66,99.817801,1340,1335,5,2
n012w8-0,n012w8,0,5,500000,100.0,adaptive,2026-07-04T15:19:47+01:00,1,3,-1,1032,0,global_best_update,150,99.586392,1335,1200,135,2
n012w8-0,n012w8,0,5,500000,100.0,adaptive,2026-07-04T15:19:47+01:00,1,3,-1,1033,0,global_best_update,151,99.583641,1200,1140,60,2
n012w8-0,n012w8,0,5,500000,100.0,adaptive,2026-07-04T15:19:47+01:00,1,3,-1,1034,0,global_best_update,446,98.775219,1140,1110,30,4
n012w8-0,n012w8,0,5,500000,100.0,adaptive,2026-07-04T15:19:47+01:00,1,3,-1,1035,0,global_best_update,610,98.328633,1110,1085,25,5
n012w8-0,n012w8,0,5,500000,100.0,adaptive,2026-07-04T15:19:47+01:00,1,3,-1,1036,0,global_best_update,617,98.309616,1085,1070,15,5
n012w8-0,n012w8,0,5,500000,100.0,adaptive,2026-07-04T15:19:47+01:00,1,3,-1,1037,0,global_best_update,618,98.306900,1070,1025,45,5
n012w8-0,n012w8,0,5,500000,100.0,adaptive,2026-07-04T15:19:47+01:00,1,1,-1,1036,0,global_best_update,5093,86.872836,1025,965,60,10
n012w8-0,n012w8,0,5,500000,100.0,adaptive,2026-07-04T15:19:47+01:00,1,1,-1,1037,0,global_best_update,5094,86.870436,965,950,15,10
n012w8-0,n012w8,0,5,500000,100.0,adaptive,2026-07-04T15:19:47+01:00,1,3,-1,1040,0,global_best_update,2871,92.373628,950,915,35,21
n012w8-0,n012w8,0,5,500000,100.0,adaptive,2026-07-04T15:19:47+01:00,1,3,-1,1041,0,global_best_update,5420,86.091446,915,885,30,38
n012w8-0,n012w8,0,5,500000,100.0,adaptive,2026-07-04T15:19:47+01:00,1,1,-1,1040,0,global_best_update,26098,48.621013,885,860,25,45
n012w8-0,n012w8,0,5,500000,100.0,adaptive,2026-07-04T15:19:47+01:00,1,1,-1,1041,0,global_best_update,26099,48.619669,860,815,45,45
n012w8-0,n012w8,0,5,500000,100.0,adaptive,2026-07-04T15:19:47+01:00,1,1,-1,1042,0,global_best_update,26114,48.599522,815,800,15,45
n012w8-0,n012w8,0,5,500000,100.0,adaptive,2026-07-04T15:19:47+01:00,1,5,3,1047,1,global_best_update,24,99.933708,800,785,15,45
n012w8-0,n012w8,0,5,500000,100.0,adaptive,2026-07-04T15:19:47+01:00,1,5,3,1048,1,global_best_update,218,99.399454,785,770,15,46
n012w8-0,n012w8,0,5,500000,100.0,adaptive,2026-07-04T15:19:47+01:00,1,5,3,1049,1,global_best_update,433,98.810705,770,765,5,46
n012w8-0,n012w8,0,5,500000,100.0,adaptive,2026-07-04T15:19:47+01:00,1,5,3,1050,1,global_best_update,478,98.687921,765,750,15,46
n012w8-0,n012w8,0,5,500000,100.0,adaptive,2026-07-04T15:19:47+01:00,1,5,3,1051,1,global_best_update,518,98.578907,750,730,20,46
n012w8-0,n012w8,0,5,500000,100.0,adaptive,2026-07-04T15:19:47+01:00,1,5,3,1052,1,global_best_update,520,98.573460,730,700,30,46
n012w8-0,n012w8,0,5,500000,100.0,adaptive,2026-07-04T15:19:47+01:00,1,5,3,1053,1,global_best_update,2040,94.519192,700,635,65,49
n012w8-0,n012w8,0,5,500000,100.0,adaptive,2026-07-04T15:19:47+01:00,1,5,3,1054,1,global_best_update,8073,80.006266,635,620,15,58
n012w8-0,n012w8,0,5,500000,100.0,adaptive,2026-07-04T15:19:47+01:00,1,5,3,1055,1,global_best_update,18576,59.853286,620,590,30,79
n012w8-0,n012w8,0,5,500000,100.0,adaptive,2026-07-04T15:19:47+01:00,1,5,3,1056,1,global_best_update,24392,50.967813,590,580,10,88
n012w8-0,n012w8,0,5,500000,100.0,adaptive,2026-07-04T15:19:47+01:00,1,5,3,1057,1,global_best_update,24644,50.614156,580,565,15,88
n012w8-0,n012w8,0,5,500000,100.0,adaptive,2026-07-04T15:19:47+01:00,1,5,3,1058,1,global_best_update,24647,50.609961,565,535,30,88
n012w8-0,n012w8,0,5,500000,100.0,adaptive,2026-07-04T15:19:47+01:00,1,1,-1,1055,0,global_best_update,49397,25.540888,535,530,5,90
n012w8-0,n012w8,0,5,500000,100.0,adaptive,2026-07-04T15:19:47+01:00,1,1,-1,1056,0,global_best_update,49411,25.531010,530,500,30,90
n012w8-0,n012w8,0,5,500000,100.0,adaptive,2026-07-04T15:19:47+01:00,1,1,-1,1057,0,global_best_update,49432,25.516200,500,485,15,90
n012w8-0,n012w8,0,5,500000,100.0,adaptive,2026-07-04T15:19:47+01:00,1,1,-1,1058,0,global_best_update,59647,19.241370,485,470,15,111
n012w8-0,n012w8,0,5,500000,100.0,adaptive,2026-07-04T15:19:47+01:00,1,8,6,1066,3,global_best_update,125,99.655208,470,455,15,111
n012w8-0,n012w8,0,5,500000,100.0,adaptive,2026-07-04T15:19:47+01:00,1,8,6,1067,3,global_best_update,594,98.372113,455,440,15,113
n012w8-0,n012w8,0,5,500000,100.0,adaptive,2026-07-04T15:19:47+01:00,1,8,6,1068,3,global_best_update,943,97.428048,440,430,10,113
n012w8-0,n012w8,0,5,500000,100.0,adaptive,2026-07-04T15:19:47+01:00,2,1,-1,1001,0,global_best_update,1,99.997237,3770,3620,150,1
n012w8-0,n012w8,0,5,500000,100.0,adaptive,2026-07-04T15:19:47+01:00,2,1,-1,1002,0,global_best_update,2,99.994474,3620,3545,75,1
n012w8-0,n012w8,0,5,500000,100.0,adaptive,2026-07-04T15:19:47+01:00,2,3,-1,1005,0,global_best_update,1,99.997237,3545,3470,75,1
n012w8-0,n012w8,0,5,500000,100.0,adaptive,2026-07-04T15:19:47+01:00,2,1,-1,1004,0,global_best_update,5,99.986185,3470,3185,285,1
n012w8-0,n012w8,0,5,500000,100.0,adaptive,2026-07-04T15:19:47+01:00,2,1,-1,1005,0,global_best_update,6,99.983423,3185,3125,60,1
n012w8-0,n012w8,0,5,500000,100.0,adaptive,2026-07-04T15:19:47+01:00,2,1,-1,1006,0,global_best_update,7,99.980660,3125,2990,135,1
n012w8-0,n012w8,0,5,500000,100.0,adaptive,2026-07-04T15:19:47+01:00,2,1,-1,1007,0,global_best_update,8,99.977898,2990,2840,150,1
n012w8-0,n012w8,0,5,500000,100.0,adaptive,2026-07-04T15:19:47+01:00,2,1,-1,1008,0,global_best_update,9,99.975135,2840,2800,40,1
n012w8-0,n012w8,0,5,500000,100.0,adaptive,2026-07-04T15:19:47+01:00,2,1,-1,1009,0,global_best_update,18,99.950277,2800,2785,15,1
n012w8-0,n012w8,0,5,500000,100.0,adaptive,2026-07-04T15:19:47+01:00,2,1,-1,1010,0,global_best_update,20,99.944753,2785,2770,15,1
n012w8-0,n012w8,0,5,500000,100.0,adaptive,2026-07-04T15:19:47+01:00,2,1,-1,1011,0,global_best_update,22,99.939230,2770,2760,10,1
n012w8-0,n012w8,0,5,500000,100.0,adaptive,2026-07-04T15:19:47+01:00,2,1,-1,1012,0,global_best_update,25,99.930946,2760,2565,195,1
n012w8-0,n012w8,0,5,500000,100.0,adaptive,2026-07-04T15:19:47+01:00,2,1,-1,1013,0,global_best_update,27,99.925424,2565,2370,195,1
n012w8-0,n012w8,0,5,500000,100.0,adaptive,2026-07-04T15:19:47+01:00,2,1,-1,1014,0,global_best_update,29,99.919902,2370,2295,75,1
n012w8-0,n012w8,0,5,500000,100.0,adaptive,2026-07-04T15:19:47+01:00,2,1,-1,1015,0,global_best_update,30,99.917141,2295,2245,50,1
n012w8-0,n012w8,0,5,500000,100.0,adaptive,2026-07-04T15:19:47+01:00,2,1,-1,1016,0,global_best_update,31,99.914381,2245,2005,240,1
n012w8-0,n012w8,0,5,500000,100.0,adaptive,2026-07-04T15:19:47+01:00,2,1,-1,1017,0,global_best_update,33,99.908859,2005,1915,90,1
n012w8-0,n012w8,0,5,500000,100.0,adaptive,2026-07-04T15:19:47+01:00,2,1,-1,1018,0,global_best_update,35,99.903338,1915,1885,30,1
n012w8-0,n012w8,0,5,500000,100.0,adaptive,2026-07-04T15:19:47+01:00,2,1,-1,1019,0,global_best_update,39,99.892297,1885,1765,120,1
n012w8-0,n012w8,0,5,500000,100.0,adaptive,2026-07-04T15:19:47+01:00,2,1,-1,1020,0,global_best_update,40,99.889537,1765,1705,60,1
n012w8-0,n012w8,0,5,500000,100.0,adaptive,2026-07-04T15:19:47+01:00,2,1,-1,1021,0,global_best_update,41,99.886777,1705,1675,30,1
n012w8-0,n012w8,0,5,500000,100.0,adaptive,2026-07-04T15:19:47+01:00,2,1,-1,1022,0,global_best_update,42,99.884017,1675,1645,30,1
n012w8-0,n012w8,0,5,500000,100.0,adaptive,2026-07-04T15:19:47+01:00,2,1,-1,1023,0,global_best_update,44,99.878497,1645,1630,15,1
n012w8-0,n012w8,0,5,500000,100.0,adaptive,2026-07-04T15:19:47+01:00,2,1,-1,1024,0,global_best_update,49,99.864700,1630,1615,15,1
n012w8-0,n012w8,0,5,500000,100.0,adaptive,2026-07-04T15:19:47+01:00,2,1,-1,1025,0,global_best_update,52,99.856422,1615,1555,60,1
n012w8-0,n012w8,0,5,500000,100.0,adaptive,2026-07-04T15:19:47+01:00,2,1,-1,1026,0,global_best_update,53,99.853663,1555,1540,15,1
n012w8-0,n012w8,0,5,500000,100.0,adaptive,2026-07-04T15:19:47+01:00,2,1,-1,1027,0,global_best_update,55,99.848145,1540,1390,150,1
n012w8-0,n012w8,0,5,500000,100.0,adaptive,2026-07-04T15:19:47+01:00,2,1,-1,1028,0,global_best_update,59,99.837110,1390,1240,150,1
n012w8-0,n012w8,0,5,500000,100.0,adaptive,2026-07-04T15:19:47+01:00,2,3,-1,1031,0,global_best_update,32,99.911620,1240,1180,60,1
n012w8-0,n012w8,0,5,500000,100.0,adaptive,2026-07-04T15:19:47+01:00,2,3,-1,1032,0,global_best_update,34,99.906099,1180,1135,45,1
n012w8-0,n012w8,0,5,500000,100.0,adaptive,2026-07-04T15:19:47+01:00,2,3,-1,1033,0,global_best_update,35,99.903338,1135,1105,30,1
n012w8-0,n012w8,0,5,500000,100.0,adaptive,2026-07-04T15:19:47+01:00,2,3,-1,1034,0,global_best_update,37,99.897817,1105,1060,45,1
n012w8-0,n012w8,0,5,500000,100.0,adaptive,2026-07-04T15:19:47+01:00,2,3,-1,1035,0,global_best_update,38,99.895057,1060,1030,30,1
n012w8-0,n012w8,0,5,500000,100.0,adaptive,2026-07-04T15:19:47+01:00,2,3,-1,1036,0,global_best_update,39,99.892297,1030,960,70,1
n012w8-0,n012w8,0,5,500000,100.0,adaptive,2026-07-04T15:19:47+01:00,2,3,-1,1037,0,global_best_update,40,99.889537,960,930,30,1
n012w8-0,n012w8,0,5,500000,100.0,adaptive,2026-07-04T15:19:47+01:00,2,3,-1,1038,0,global_best_update,43,99.881257,930,915,15,1
n012w8-0,n012w8,0,5,500000,100.0,adaptive,2026-07-04T15:19:47+01:00,2,3,-1,1039,0,global_best_update,44,99.878497,915,810,105,1
n012w8-0,n012w8,0,5,500000,100.0,adaptive,2026-07-04T15:19:47+01:00,2,3,-1,1040,0,global_best_update,49,99.864700,810,795,15,1
n012w8-0,n012w8,0,5,500000,100.0,adaptive,2026-07-04T15:19:47+01:00,2,3,-1,1041,0,global_best_update,185,99.490130,795,735,60,2
n012w8-0,n012w8,0,5,500000,100.0,adaptive,2026-07-04T15:19:47+01:00,2,3,-1,1042,0,global_best_update,1277,96.533044,735,710,25,10
n012w8-0,n012w8,0,5,500000,100.0,adaptive,2026-07-04T15:19:47+01:00,2,3,-1,1043,0,global_best_update,2565,93.157967,710,620,90,18
n012w8-0,n012w8,0,5,500000,100.0,adaptive,2026-07-04T15:19:47+01:00,2,3,-1,1044,0,global_best_update,3343,91.176727,620,595,25,22
n012w8-0,n012w8,0,5,500000,100.0,adaptive,2026-07-04T15:19:47+01:00,2,3,-1,1045,0,global_best_update,3344,91.174208,595,580,15,22
n012w8-0,n012w8,0,5,500000,100.0,adaptive,2026-07-04T15:19:47+01:00,2,1,-1,1044,0,global_best_update,38441,34.570686,580,565,15,70
n012w8-0,n012w8,0,5,500000,100.0,adaptive,2026-07-04T15:19:47+01:00,2,6,4,1050,2,global_best_update,1,99.997237,565,535,30,70
n012w8-0,n012w8,0,5,500000,100.0,adaptive,2026-07-04T15:19:47+01:00,2,5,3,1050,1,global_best_update,53,99.853663,535,505,30,70
n012w8-0,n012w8,0,5,500000,100.0,adaptive,2026-07-04T15:19:47+01:00,2,5,3,1051,1,global_best_update,148,99.591896,505,475,30,70
n012w8-0,n012w8,0,5,500000,100.0,adaptive,2026-07-04T15:19:47+01:00,2,5,3,1052,1,global_best_update,648,98.225444,475,470,5,71
n012w8-0,n012w8,0,5,500000,100.0,adaptive,2026-07-04T15:19:47+01:00,2,5,3,1053,1,global_best_update,721,98.027516,470,465,5,71
n012w8-0,n012w8,0,5,500000,100.0,adaptive,2026-07-04T15:19:47+01:00,2,5,3,1054,1,global_best_update,1869,94.966843,465,435,30,73
n012w8-0,n012w8,0,5,500000,100.0,adaptive,2026-07-04T15:19:47+01:00,2,5,3,1055,1,global_best_update,2052,94.487857,435,420,15,73
n012w8-0,n012w8,0,5,500000,100.0,adaptive,2026-07-04T15:19:47+01:00,2,5,3,1056,1,global_best_update,2061,94.464363,420,405,15,73
n012w8-0,n012w8,0,5,500000,100.0,adaptive,2026-07-04T15:19:47+01:00,2,5,3,1057,1,global_best_update,21513,55.187917,405,390,15,101
n012w8-0,n012w8,0,5,500000,100.0,adaptive,2026-07-04T15:19:47+01:00,2,5,3,1058,1,global_best_update,24926,50.221306,390,375,15,108
n012w8-0,n012w8,0,5,500000,100.0,adaptive,2026-07-04T15:19:47+01:00,2,5,3,1059,1,global_best_update,28828,45.088314,375,355,20,113
n012w8-0,n012w8,0,5,500000,100.0,adaptive,2026-07-04T15:19:47+01:00,2,1,-1,1056,0,global_best_update,66407,15.963055,355,350,5,115
n012w8-0,n012w8,0,5,500000,100.0,adaptive,2026-07-04T15:19:47+01:00,2,1,-1,1057,0,global_best_update,66735,15.819035,350,305,45,115
n012w8-0,n012w8,0,5,500000,100.0,adaptive,2026-07-04T15:19:47+01:00,2,1,-1,1058,0,global_best_update,66807,15.787596,305,290,15,115
n012w8-0,n012w8,0,5,500000,100.0,adaptive,2026-07-04T15:19:47+01:00,2,1,-1,1059,0,global_best_update,66831,15.777130,290,275,15,115
n012w8-0,n012w8,0,5,500000,100.0,adaptive,2026-07-04T15:19:47+01:00,2,5,3,1064,1,global_best_update,44493,29.247180,275,265,10,139
n012w8-0,n012w8,0,5,500000,100.0,adaptive,2026-07-04T15:19:47+01:00,2,5,3,1065,1,global_best_update,44775,29.020173,265,260,5,139
n012w8-0,n012w8,0,5,500000,100.0,adaptive,2026-07-04T15:19:47+01:00,2,1,-1,1062,0,global_best_update,83806,9.870247,260,250,10,146
n012w8-0,n012w8,0,5,500000,100.0,adaptive,2026-07-04T15:19:47+01:00,2,1,-1,1063,0,global_best_update,85548,9.406412,250,245,5,150
n012w8-0,n012w8,0,5,500000,100.0,adaptive,2026-07-04T15:19:47+01:00,2,4,2,1067,1,global_best_update,84165,9.772822,245,235,10,241
n012w8-0,n012w8,0,5,500000,100.0,adaptive,2026-07-04T15:19:47+01:00,2,4,2,1068,1,global_best_update,103336,5.753975,235,230,5,286
n012w8-0,n012w8,0,5,500000,100.0,adaptive,2026-07-04T15:19:47+01:00,3,2,-1,1002,0,global_best_update,1,99.997237,4370,4070,300,1
n012w8-0,n012w8,0,5,500000,100.0,adaptive,2026-07-04T15:19:47+01:00,3,3,-1,1004,0,global_best_update,1,99.997237,4070,4010,60,1
n012w8-0,n012w8,0,5,500000,100.0,adaptive,2026-07-04T15:19:47+01:00,3,3,-1,1005,0,global_best_update,2,99.994474,4010,3830,180,1
n012w8-0,n012w8,0,5,500000,100.0,adaptive,2026-07-04T15:19:47+01:00,3,2,-1,1005,0,global_best_update,5,99.986185,3830,3730,100,1
n012w8-0,n012w8,0,5,500000,100.0,adaptive,2026-07-04T15:19:47+01:00,3,2,-1,1006,0,global_best_update,6,99.983423,3730,3550,180,1
n012w8-0,n012w8,0,5,500000,100.0,adaptive,2026-07-04T15:19:47+01:00,3,2,-1,1007,0,global_best_update,12,99.966848,3550,3505,45,1
n012w8-0,n012w8,0,5,500000,100.0,adaptive,2026-07-04T15:19:47+01:00,3,2,-1,1008,0,global_best_update,14,99.961324,3505,3305,200,1
n012w8-0,n012w8,0,5,500000,100.0,adaptive,2026-07-04T15:19:47+01:00,3,2,-1,1009,0,global_best_update,16,99.955800,3305,3185,120,1
n012w8-0,n012w8,0,5,500000,100.0,adaptive,2026-07-04T15:19:47+01:00,3,2,-1,1010,0,global_best_update,17,99.953038,3185,3170,15,1
n012w8-0,n012w8,0,5,500000,100.0,adaptive,2026-07-04T15:19:47+01:00,3,2,-1,1011,0,global_best_update,18,99.950277,3170,3140,30,1
n012w8-0,n012w8,0,5,500000,100.0,adaptive,2026-07-04T15:19:47+01:00,3,2,-1,1012,0,global_best_update,19,99.947515,3140,3065,75,1
n012w8-0,n012w8,0,5,500000,100.0,adaptive,2026-07-04T15:19:47+01:00,3,2,-1,1013,0,global_best_update,21,99.941992,3065,3025,40,1
n012w8-0,n012w8,0,5,500000,100.0,adaptive,2026-07-04T15:19:47+01:00,3,2,-1,1014,0,global_best_update,22,99.939230,3025,2785,240,1
n012w8-0,n012w8,0,5,500000,100.0,adaptive,2026-07-04T15:19:47+01:00,3,2,-1,1015,0,global_best_update,26,99.928185,2785,2680,105,1
n012w8-0,n012w8,0,5,500000,100.0,adaptive,2026-07-04T15:19:47+01:00,3,2,-1,1016,0,global_best_update,27,99.925424,2680,2650,30,1
n012w8-0,n012w8,0,5,500000,100.0,adaptive,2026-07-04T15:19:47+01:00,3,2,-1,1017,0,global_best_update,35,99.903338,2650,2605,45,1
n012w8-0,n012w8,0,5,500000,100.0,adaptive,2026-07-04T15:19:47+01:00,3,2,-1,1018,0,global_best_update,36,99.900578,2605,2575,30,1
n012w8-0,n012w8,0,5,500000,100.0,adaptive,2026-07-04T15:19:47+01:00,3,3,-1,1020,0,global_best_update,14,99.961324,2575,2440,135,1
n012w8-0,n012w8,0,5,500000,100.0,adaptive,2026-07-04T15:19:47+01:00,3,3,-1,1021,0,global_best_update,17,99.953038,2440,2395,45,1
n012w8-0,n012w8,0,5,500000,100.0,adaptive,2026-07-04T15:19:47+01:00,3,3,-1,1022,0,global_best_update,18,99.950277,2395,2215,180,1
n012w8-0,n012w8,0,5,500000,100.0,adaptive,2026-07-04T15:19:47+01:00,3,3,-1,1023,0,global_best_update,19,99.947515,2215,2195,20,1
n012w8-0,n012w8,0,5,500000,100.0,adaptive,2026-07-04T15:19:47+01:00,3,3,-1,1024,0,global_best_update,20,99.944753,2195,2050,145,1
n012w8-0,n012w8,0,5,500000,100.0,adaptive,2026-07-04T15:19:47+01:00,3,3,-1,1025,0,global_best_update,22,99.939230,2050,1930,120,1
n012w8-0,n012w8,0,5,500000,100.0,adaptive,2026-07-04T15:19:47+01:00,3,3,-1,1026,0,global_best_update,23,99.936469,1930,1810,120,1
n012w8-0,n012w8,0,5,500000,100.0,adaptive,2026-07-04T15:19:47+01:00,3,3,-1,1027,0,global_best_update,24,99.933708,1810,1735,75,1
n012w8-0,n012w8,0,5,500000,100.0,adaptive,2026-07-04T15:19:47+01:00,3,3,-1,1028,0,global_best_update,29,99.919902,1735,1705,30,1
n012w8-0,n012w8,0,5,500000,100.0,adaptive,2026-07-04T15:19:47+01:00,3,3,-1,1029,0,global_best_update,30,99.917141,1705,1645,60,1
n012w8-0,n012w8,0,5,500000,100.0,adaptive,2026-07-04T15:19:47+01:00,3,3,-1,1030,0,global_best_update,31,99.914381,1645,1615,30,1
n012w8-0,n012w8,0,5,500000,100.0,adaptive,2026-07-04T15:19:47+01:00,3,3,-1,1031,0,global_best_update,33,99.908859,1615,1585,30,1
n012w8-0,n012w8,0,5,500000,100.0,adaptive,2026-07-04T15:19:47+01:00,3,3,-1,1032,0,global_best_update,37,99.897817,1585,1525,60,1
n012w8-0,n012w8,0,5,500000,100.0,adaptive,2026-07-04T15:19:47+01:00,3,3,-1,1033,0,global_best_update,40,99.889537,1525,1435,90,1
n012w8-0,n012w8,0,5,500000,100.0,adaptive,2026-07-04T15:19:47+01:00,3,3,-1,1034,0,global_best_update,41,99.886777,1435,1375,60,1
n012w8-0,n012w8,0,5,500000,100.0,adaptive,2026-07-04T15:19:47+01:00,3,3,-1,1035,0,global_best_update,42,99.884017,1375,1235,140,1
n012w8-0,n012w8,0,5,500000,100.0,adaptive,2026-07-04T15:19:47+01:00,3,3,-1,1036,0,global_best_update,54,99.850904,1235,1230,5,1
n012w8-0,n012w8,0,5,500000,100.0,adaptive,2026-07-04T15:19:47+01:00,3,3,-1,1037,0,global_best_update,55,99.848145,1230,1115,115,1
n012w8-0,n012w8,0,5,500000,100.0,adaptive,2026-07-04T15:19:47+01:00,3,3,-1,1038,0,global_best_update,62,99.828834,1115,1025,90,1
n012w8-0,n012w8,0,5,500000,100.0,adaptive,2026-07-04T15:19:47+01:00,3,3,-1,1039,0,global_best_update,275,99.243027,1025,1005,20,2
n012w8-0,n012w8,0,5,500000,100.0,adaptive,2026-07-04T15:19:47+01:00,3,3,-1,1040,0,global_best_update,278,99.234800,1005,960,45,2
n012w8-0,n012w8,0,5,500000,100.0,adaptive,2026-07-04T15:19:47+01:00,3,3,-1,1041,0,global_best_update,542,98.513557,960,920,40,5
n012w8-0,n012w8,0,5,500000,100.0,adaptive,2026-07-04T15:19:47+01:00,3,3,-1,1042,0,global_best_update,2010,94.597574,920,880,40,15
n012w8-0,n012w8,0,5,500000,100.0,adaptive,2026-07-04T15:19:47+01:00,3,3,-1,1043,0,global_best_update,3477,90.839765,880,855,25,25
n012w8-0,n012w8,0,5,500000,100.0,adaptive,2026-07-04T15:19:47+01:00,3,3,-1,1044,0,global_best_update,5044,86.990535,855,830,25,38
n012w8-0,n012w8,0,5,500000,100.0,adaptive,2026-07-04T15:19:47+01:00,3,1,-1,1043,0,global_best_update,30644,42.881701,830,820,10,56
n012w8-0,n012w8,0,5,500000,100.0,adaptive,2026-07-04T15:19:47+01:00,3,5,3,1048,1,global_best_update,8,99.977898,820,805,15,56
n012w8-0,n012w8,0,5,500000,100.0,adaptive,2026-07-04T15:19:47+01:00,3,5,3,1049,1,global_best_update,21,99.941992,805,775,30,56
n012w8-0,n012w8,0,5,500000,100.0,adaptive,2026-07-04T15:19:47+01:00,3,1,-1,1046,0,global_best_update,30896,42.584152,775,760,15,56
n012w8-0,n012w8,0,5,500000,100.0,adaptive,2026-07-04T15:19:47+01:00,3,5,3,1051,1,global_best_update,311,99.144357,760,730,30,56
n012w8-0,n012w8,0,5,500000,100.0,adaptive,2026-07-04T15:19:47+01:00,3,5,3,1052,1,global_best_update,674,98.154903,730,685,45,57
n012w8-0,n012w8,0,5,500000,100.0,adaptive,2026-07-04T15:19:47+01:00,3,5,3,1053,1,global_best_update,2818,92.509003,685,680,5,60
n012w8-0,n012w8,0,5,500000,100.0,adaptive,2026-07-04T15:19:47+01:00,3,5,3,1054,1,global_best_update,3096,91.801124,680,620,60,61
n012w8-0,n012w8,0,5,500000,100.0,adaptive,2026-07-04T15:19:47+01:00,3,5,3,1055,1,global_best_update,11693,72.390904,620,595,25,75
n012w8-0,n012w8,0,5,500000,100.0,adaptive,2026-07-04T15:19:47+01:00,3,5,3,1056,1,global_best_update,20564,56.654185,595,580,15,90
n012w8-0,n012w8,0,5,500000,100.0,adaptive,2026-07-04T15:19:47+01:00,3,5,3,1057,1,global_best_update,21643,54.990035,580,575,5,92
n012w8-0,n012w8,0,5,500000,100.0,adaptive,2026-07-04T15:19:47+01:00,3,5,3,1058,1,global_best_update,23597,52.099793,575,560,15,95
n012w8-0,n012w8,0,5,500000,100.0,adaptive,2026-07-04T15:19:47+01:00,3,5,3,1059,1,global_best_update,28821,45.097036,560,545,15,103
n012w8-0,n012w8,0,5,500000,100.0,adaptive,2026-07-04T15:19:47+01:00,3,5,3,1060,1,global_best_update,28849,45.062159,545,530,15,103
n012w8-0,n012w8,0,5,500000,100.0,adaptive,2026-07-04T15:19:47+01:00,3,8,6,1064,3,global_best_update,34,99.906099,530,515,15,103
n012w8-0,n012w8,0,5,500000,100.0,adaptive,2026-07-04T15:19:47+01:00,3,8,6,1065,3,global_best_update,274,99.245769,515,510,5,104
n012w8-0,n012w8,0,5,500000,100.0,adaptive,2026-07-04T15:19:47+01:00,3,8,6,1066,3,global_best_update,276,99.240284,510,485,25,104
n012w8-0,n012w8,0,5,500000,100.0,adaptive,2026-07-04T15:19:47+01:00,3,8,6,1067,3,global_best_update,279,99.232058,485,470,15,104
n012w8-0,n012w8,0,5,500000,100.0,adaptive,2026-07-04T15:19:47+01:00,3,8,6,1068,3,global_best_update,6372,83.856359,470,465,5,117
n012w8-0,n012w8,0,5,500000,100.0,adaptive,2026-07-04T15:19:47+01:00,3,8,6,1069,3,global_best_update,21527,55.166572,465,460,5,146
n012w8-0,n012w8,0,5,500000,100.0,adaptive,2026-07-04T15:19:47+01:00,3,8,6,1070,3,global_best_update,25841,48.967508,460,445,15,154
n012w8-0,n012w8,0,5,500000,100.0,adaptive,2026-07-04T15:19:47+01:00,4,2,-1,1002,0,global_best_update,1,99.997237,3405,3210,195,1
n012w8-0,n012w8,0,5,500000,100.0,adaptive,2026-07-04T15:19:47+01:00,4,1,-1,1002,0,global_best_update,2,99.994474,3210,3045,165,1
n012w8-0,n012w8,0,5,500000,100.0,adaptive,2026-07-04T15:19:47+01:00,4,1,-1,1003,0,global_best_update,4,99.988948,3045,3030,15,1
n012w8-0,n012w8,0,5,500000,100.0,adaptive,2026-07-04T15:19:47+01:00,4,1,-1,1004,0,global_best_update,6,99.983423,3030,2925,105,1
n012w8-0,n012w8,0,5,500000,100.0,adaptive,2026-07-04T15:19:47+01:00,4,1,-1,1005,0,global_best_update,7,99.980660,2925,2865,60,1
n012w8-0,n012w8,0,5,500000,100.0,adaptive,2026-07-04T15:19:47+01:00,4,2,-1,1007,0,global_best_update,10,99.972373,2865,2860,5,1
n012w8-0,n012w8,0,5,500000,100.0,adaptive,2026-07-04T15:19:47+01:00,4,1,-1,1007,0,global_best_update,10,99.972373,2860,2535,325,1
n012w8-0,n012w8,0,5,500000,100.0,adaptive,2026-07-04T15:19:47+01:00,4,1,-1,1008,0,global_best_update,11,99.969610,2535,2505,30,1
n012w8-0,n012w8,0,5,500000,100.0,adaptive,2026-07-04T15:19:47+01:00,4,1,-1,1009,0,global_best_update,14,99.961324,2505,2325,180,1
n012w8-0,n012w8,0,5,500000,100.0,adaptive,2026-07-04T15:19:47+01:00,4,1,-1,1010,0,global_best_update,16,99.955800,2325,2295,30,1
n012w8-0,n012w8,0,5,500000,100.0,adaptive,2026-07-04T15:19:47+01:00,4,1,-1,1011,0,global_best_update,21,99.941992,2295,2250,45,1
n012w8-0,n012w8,0,5,500000,100.0,adaptive,2026-07-04T15:19:47+01:00,4,2,-1,1013,0,global_best_update,22,99.939230,2250,2165,85,1
n012w8-0,n012w8,0,5,500000,100.0,adaptive,2026-07-04T15:19:47+01:00,4,1,-1,1013,0,global_best_update,23,99.936469,2165,2085,80,1
n012w8-0,n012w8,0,5,500000,100.0,adaptive,2026-07-04T15:19:47+01:00,4,1,-1,1014,0,global_best_update,24,99.933708,2085,2055,30,1
n012w8-0,n012w8,0,5,500000,100.0,adaptive,2026-07-04T15:19:47+01:00,4,1,-1,1015,0,global_best_update,26,99.928185,2055,1965,90,1
n012w8-0,n012w8,0,5,500000,100.0,adaptive,2026-07-04T15:19:47+01:00,4,1,-1,1016,0,global_best_update,36,99.900578,1965,1935,30,1
n012w8-0,n012w8,0,5,500000,100.0,adaptive,2026-07-04T15:19:47+01:00,4,1,-1,1017,0,global_best_update,37,99.897817,1935,1920,15,1
n012w8-0,n012w8,0,5,500000,100.0,adaptive,2026-07-04T15:19:47+01:00,4,1,-1,1018,0,global_best_update,40,99.889537,1920,1800,120,1
n012w8-0,n012w8,0,5,500000,100.0,adaptive,2026-07-04T15:19:47+01:00,4,1,-1,1019,0,global_best_update,43,99.881257,1800,1725,75,1
n012w8-0,n012w8,0,5,500000,100.0,adaptive,2026-07-04T15:19:47+01:00,4,1,-1,1020,0,global_best_update,46,99.872978,1725,1710,15,1
n012w8-0,n012w8,0,5,500000,100.0,adaptive,2026-07-04T15:19:47+01:00,4,1,-1,1021,0,global_best_update,53,99.853663,1710,1650,60,1
n012w8-0,n012w8,0,5,500000,100.0,adaptive,2026-07-04T15:19:47+01:00,4,1,-1,1022,0,global_best_update,67,99.815043,1650,1630,20,1
n012w8-0,n012w8,0,5,500000,100.0,adaptive,2026-07-04T15:19:47+01:00,4,1,-1,1023,0,global_best_update,68,99.812285,1630,1570,60,1
n012w8-0,n012w8,0,5,500000,100.0,adaptive,2026-07-04T15:19:47+01:00,4,3,-1,1026,0,global_best_update,23,99.936469,1570,1515,55,1
n012w8-0,n012w8,0,5,500000,100.0,adaptive,2026-07-04T15:19:47+01:00,4,1,-1,1025,0,global_best_update,97,99.732338,1515,1470,45,1
n012w8-0,n012w8,0,5,500000,100.0,adaptive,2026-07-04T15:19:47+01:00,4,1,-1,1026,0,global_best_update,99,99.726827,1470,1455,15,1
n012w8-0,n012w8,0,5,500000,100.0,adaptive,2026-07-04T15:19:47+01:00,4,3,-1,1029,0,global_best_update,30,99.917141,1455,1425,30,1
n012w8-0,n012w8,0,5,500000,100.0,adaptive,2026-07-04T15:19:47+01:00,4,1,-1,1028,0,global_best_update,110,99.696520,1425,1395,30,1
n012w8-0,n012w8,0,5,500000,100.0,adaptive,2026-07-04T15:19:47+01:00,4,3,-1,1031,0,global_best_update,39,99.892297,1395,1380,15,1
n012w8-0,n012w8,0,5,500000,100.0,adaptive,2026-07-04T15:19:47+01:00,4,3,-1,1032,0,global_best_update,40,99.889537,1380,1305,75,1
n012w8-0,n012w8,0,5,500000,100.0,adaptive,2026-07-04T15:19:47+01:00,4,3,-1,1033,0,global_best_update,41,99.886777,1305,1290,15,1
n012w8-0,n012w8,0,5,500000,100.0,adaptive,2026-07-04T15:19:47+01:00,4,3,-1,1034,0,global_best_update,42,99.884017,1290,1185,105,1
n012w8-0,n012w8,0,5,500000,100.0,adaptive,2026-07-04T15:19:47+01:00,4,3,-1,1035,0,global_best_update,43,99.881257,1185,1110,75,1
n012w8-0,n012w8,0,5,500000,100.0,adaptive,2026-07-04T15:19:47+01:00,4,3,-1,1036,0,global_best_update,44,99.878497,1110,1080,30,1
n012w8-0,n012w8,0,5,500000,100.0,adaptive,2026-07-04T15:19:47+01:00,4,3,-1,1037,0,global_best_update,45,99.875738,1080,1035,45,1
n012w8-0,n012w8,0,5,500000,100.0,adaptive,2026-07-04T15:19:47+01:00,4,3,-1,1038,0,global_best_update,46,99.872978,1035,870,165,1
n012w8-0,n012w8,0,5,500000,100.0,adaptive,2026-07-04T15:19:47+01:00,4,3,-1,1039,0,global_best_update,125,99.655208,870,825,45,1
n012w8-0,n012w8,0,5,500000,100.0,adaptive,2026-07-04T15:19:47+01:00,4,3,-1,1040,0,global_best_update,127,99.649701,825,795,30,2
n012w8-0,n012w8,0,5,500000,100.0,adaptive,2026-07-04T15:19:47+01:00,4,3,-1,1041,0,global_best_update,128,99.646948,795,745,50,2
n012w8-0,n012w8,0,5,500000,100.0,adaptive,2026-07-04T15:19:47+01:00,4,3,-1,1042,0,global_best_update,130,99.641441,745,730,15,2
n012w8-0,n012w8,0,5,500000,100.0,adaptive,2026-07-04T15:19:47+01:00,4,3,-1,1043,0,global_best_update,131,99.638688,730,725,5,2
n012w8-0,n012w8,0,5,500000,100.0,adaptive,2026-07-04T15:19:47+01:00,4,3,-1,1044,0,global_best_update,132,99.635935,725,695,30,2
n012w8-0,n012w8,0,5,500000,100.0,adaptive,2026-07-04T15:19:47+01:00,4,3,-1,1045,0,global_best_update,133,99.633182,695,680,15,2
n012w8-0,n012w8,0,5,500000,100.0,adaptive,2026-07-04T15:19:47+01:00,4,3,-1,1046,0,global_best_update,1600,95.675337,680,670,10,10
n012w8-0,n012w8,0,5,500000,100.0,adaptive,2026-07-04T15:19:47+01:00,4,3,-1,1047,0,global_best_update,1602,95.670050,670,655,15,10
n012w8-0,n012w8,0,5,500000,100.0,adaptive,2026-07-04T15:19:47+01:00,4,3,-1,1048,0,global_best_update,3972,89.605775,655,615,40,23
n012w8-0,n012w8,0,5,500000,100.0,adaptive,2026-07-04T15:19:47+01:00,4,1,-1,1047,0,global_best_update,28643,45.319384,615,600,15,43
n012w8-0,n012w8,0,5,500000,100.0,adaptive,2026-07-04T15:19:47+01:00,4,5,3,1052,1,global_best_update,3,99.991711,600,570,30,43
n012w8-0,n012w8,0,5,500000,100.0,adaptive,2026-07-04T15:19:47+01:00,4,5,3,1053,1,global_best_update,75,99.792982,570,520,50,43
n012w8-0,n012w8,0,5,500000,100.0,adaptive,2026-07-04T15:19:47+01:00,4,5,3,1054,1,global_best_update,334,99.081369,520,480,40,43
n012w8-0,n012w8,0,5,500000,100.0,adaptive,2026-07-04T15:19:47+01:00,4,5,3,1055,1,global_best_update,679,98.141344,480,465,15,45
n012w8-0,n012w8,0,5,500000,100.0,adaptive,2026-07-04T15:19:47+01:00,4,5,3,1056,1,global_best_update,2227,94.032071,465,450,15,47
n012w8-0,n012w8,0,5,500000,100.0,adaptive,2026-07-04T15:19:47+01:00,4,5,3,1057,1,global_best_update,3899,89.786698,450,430,20,50
n012w8-0,n012w8,0,5,500000,100.0,adaptive,2026-07-04T15:19:47+01:00,4,5,3,1058,1,global_best_update,5079,86.906448,430,420,10,51
n012w8-0,n012w8,0,5,500000,100.0,adaptive,2026-07-04T15:19:47+01:00,4,5,3,1059,1,global_best_update,5240,86.520695,420,405,15,51
n012w8-0,n012w8,0,5,500000,100.0,adaptive,2026-07-04T15:19:47+01:00,4,5,3,1060,1,global_best_update,6075,84.547350,405,360,45,53
n012w8-0,n012w8,0,5,500000,100.0,adaptive,2026-07-04T15:19:47+01:00,4,5,3,1061,1,global_best_update,12864,70.086117,360,330,30,62
n012w8-0,n012w8,0,5,500000,100.0,adaptive,2026-07-04T15:19:47+01:00,4,5,3,1062,1,global_best_update,31568,41.800743,330,315,15,88
n012w8-0,n012w8,0,5,500000,100.0,adaptive,2026-07-04T15:19:47+01:00,4,8,6,1066,3,global_best_update,13,99.964086,315,285,30,88
n012w8-0,n012w8,0,5,500000,100.0,adaptive,2026-07-04T15:19:47+01:00,4,8,6,1067,3,global_best_update,72,99.801254,285,255,30,88
n012w8-0,n012w8,0,5,500000,100.0,adaptive,2026-07-04T15:19:47+01:00,4,1,-1,1061,0,global_best_update,63704,17.200933,255,235,20,98
n012w8-0,n012w8,0,5,500000,100.0,adaptive,2026-07-04T15:19:47+01:00,4,1,-1,1062,0,global_best_update,63776,17.166747,235,220,15,98
n012w8-0,n012w8,0,5,500000,100.0,adaptive,2026-07-04T15:19:47+01:00,4,1,-1,1063,0,global_best_update,67482,15.495871,220,215,5,106
n012w8-0,n012w8,0,5,500000,100.0,adaptive,2026-07-04T15:19:47+01:00,4,1,-1,1064,0,global_best_update,67536,15.472768,215,200,15,106
n012w8-0,n012w8,0,5,500000,100.0,adaptive,2026-07-04T15:19:47+01:00,4,8,6,1072,3,global_best_update,13191,69.455717,200,195,5,108
n012w8-0,n012w8,0,5,500000,100.0,adaptive,2026-07-04T15:19:47+01:00,4,1,-1,1066,0,global_best_update,73005,13.302706,195,190,5,116
n012w8-0,n012w8,0,5,500000,100.0,adaptive,2026-07-04T15:19:47+01:00,4,8,6,1074,3,global_best_update,18657,59.719478,190,165,25,119
n012w8-0,n012w8,0,5,500000,100.0,adaptive,2026-07-04T15:19:47+01:00,4,2,-1,1069,0,global_best_update,228115,0.183071,165,160,5,401
n012w8-0,n012w8,0,5,500000,100.0,adaptive,2026-07-04T15:19:47+01:00,4,2,-1,1070,0,global_best_update,229729,0.175086,160,150,10,404
n012w8-0,n012w8,0,5,500000,100.0,adaptive,2026-07-04T15:19:47+01:00,4,2,-1,1071,0,global_best_update,232261,0.163256,150,145,5,408
n012w8-0,n012w8,0,5,500000,100.0,adaptive,2026-07-04T15:19:47+01:00,4,2,-1,1072,0,global_best_update,270287,0.057089,145,135,10,476
n012w8-0,n012w8,0,5,500000,100.0,adaptive,2026-07-04T15:19:47+01:00,4,17,15,1088,7,global_best_update,25,99.930946,135,120,15,476
n012w8-0,n012w8,0,5,500000,100.0,adaptive,2026-07-04T15:19:47+01:00,5,1,-1,1001,0,global_best_update,1,99.997237,4395,4245,150,1
n012w8-0,n012w8,0,5,500000,100.0,adaptive,2026-07-04T15:19:47+01:00,5,1,-1,1002,0,global_best_update,2,99.994474,4245,3975,270,1
n012w8-0,n012w8,0,5,500000,100.0,adaptive,2026-07-04T15:19:47+01:00,5,1,-1,1003,0,global_best_update,4,99.988948,3975,3915,60,1
n012w8-0,n012w8,0,5,500000,100.0,adaptive,2026-07-04T15:19:47+01:00,5,2,-1,1005,0,global_best_update,3,99.991711,3915,3870,45,1
n012w8-0,n012w8,0,5,500000,100.0,adaptive,2026-07-04T15:19:47+01:00,5,3,-1,1007,0,global_best_update,2,99.994474,3870,3675,195,1
n012w8-0,n012w8,0,5,500000,100.0,adaptive,2026-07-04T15:19:47+01:00,5,1,-1,1006,0,global_best_update,6,99.983423,3675,3450,225,1
n012w8-0,n012w8,0,5,500000,100.0,adaptive,2026-07-04T15:19:47+01:00,5,1,-1,1007,0,global_best_update,8,99.977898,3450,3390,60,1
n012w8-0,n012w8,0,5,500000,100.0,adaptive,2026-07-04T15:19:47+01:00,5,2,-1,1009,0,global_best_update,9,99.975135,3390,3285,105,1
n012w8-0,n012w8,0,5,500000,100.0,adaptive,2026-07-04T15:19:47+01:00,5,1,-1,1009,0,global_best_update,10,99.972373,3285,3195,90,1
n012w8-0,n012w8,0,5,500000,100.0,adaptive,2026-07-04T15:19:47+01:00,5,1,-1,1010,0,global_best_update,12,99.966848,3195,3035,160,1
n012w8-0,n012w8,0,5,500000,100.0,adaptive,2026-07-04T15:19:47+01:00,5,3,-1,1013,0,global_best_update,5,99.986185,3035,2985,50,1
n012w8-0,n012w8,0,5,500000,100.0,adaptive,2026-07-04T15:19:47+01:00,5,2,-1,1013,0,global_best_update,17,99.953038,2985,2905,80,1
n012w8-0,n012w8,0,5,500000,100.0,adaptive,2026-07-04T15:19:47+01:00,5,3,-1,1015,0,global_best_update,6,99.983423,2905,2670,235,1
n012w8-0,n012w8,0,5,500000,100.0,adaptive,2026-07-04T15:19:47+01:00,5,3,-1,1016,0,global_best_update,7,99.980660,2670,2310,360,1
n012w8-0,n012w8,0,5,500000,100.0,adaptive,2026-07-04T15:19:47+01:00,5,3,-1,1017,0,global_best_update,8,99.977898,2310,2130,180,1
n012w8-0,n012w8,0,5,500000,100.0,adaptive,2026-07-04T15:19:47+01:00,5,3,-1,1018,0,global_best_update,9,99.975135,2130,1950,180,1
n012w8-0,n012w8,0,5,500000,100.0,adaptive,2026-07-04T15:19:47+01:00,5,3,-1,1019,0,global_best_update,10,99.972373,1950,1860,90,1
n012w8-0,n012w8,0,5,500000,100.0,adaptive,2026-07-04T15:19:47+01:00,5,3,-1,1020,0,global_best_update,11,99.969610,1860,1710,150,1
n012w8-0,n012w8,0,5,500000,100.0,adaptive,2026-07-04T15:19:47+01:00,5,3,-1,1021,0,global_best_update,12,99.966848,1710,1650,60,1
n012w8-0,n012w8,0,5,500000,100.0,adaptive,2026-07-04T15:19:47+01:00,5,3,-1,1022,0,global_best_update,13,99.964086,1650,1560,90,1
n012w8-0,n012w8,0,5,500000,100.0,adaptive,2026-07-04T15:19:47+01:00,5,3,-1,1023,0,global_best_update,14,99.961324,1560,1530,30,1
n012w8-0,n012w8,0,5,500000,100.0,adaptive,2026-07-04T15:19:47+01:00,5,3,-1,1024,0,global_best_update,16,99.955800,1530,1515,15,1
n012w8-0,n012w8,0,5,500000,100.0,adaptive,2026-07-04T15:19:47+01:00,5,3,-1,1025,0,global_best_update,19,99.947515,1515,1455,60,1
n012w8-0,n012w8,0,5,500000,100.0,adaptive,2026-07-04T15:19:47+01:00,5,3,-1,1026,0,global_best_update,34,99.906099,1455,1365,90,1
n012w8-0,n012w8,0,5,500000,100.0,adaptive,2026-07-04T15:19:47+01:00,5,3,-1,1027,0,global_best_update,35,99.903338,1365,1290,75,1
n012w8-0,n012w8,0,5,500000,100.0,adaptive,2026-07-04T15:19:47+01:00,5,3,-1,1028,0,global_best_update,43,99.881257,1290,1200,90,2
n012w8-0,n012w8,0,5,500000,100.0,adaptive,2026-07-04T15:19:47+01:00,5,3,-1,1029,0,global_best_update,49,99.864700,1200,1190,10,2
n012w8-0,n012w8,0,5,500000,100.0,adaptive,2026-07-04T15:19:47+01:00,5,3,-1,1030,0,global_best_update,69,99.809528,1190,1120,70,2
n012w8-0,n012w8,0,5,500000,100.0,adaptive,2026-07-04T15:19:47+01:00,5,3,-1,1031,0,global_best_update,70,99.806770,1120,1090,30,2
n012w8-0,n012w8,0,5,500000,100.0,adaptive,2026-07-04T15:19:47+01:00,5,3,-1,1032,0,global_best_update,72,99.801254,1090,1075,15,2
n012w8-0,n012w8,0,5,500000,100.0,adaptive,2026-07-04T15:19:47+01:00,5,3,-1,1033,0,global_best_update,107,99.704785,1075,1060,15,2
n012w8-0,n012w8,0,5,500000,100.0,adaptive,2026-07-04T15:19:47+01:00,5,3,-1,1034,0,global_best_update,108,99.702030,1060,1045,15,2
n012w8-0,n012w8,0,5,500000,100.0,adaptive,2026-07-04T15:19:47+01:00,5,3,-1,1035,0,global_best_update,130,99.641441,1045,1010,35,2
n012w8-0,n012w8,0,5,500000,100.0,adaptive,2026-07-04T15:19:47+01:00,5,3,-1,1036,0,global_best_update,241,99.336305,1010,1005,5,2
n012w8-0,n012w8,0,5,500000,100.0,adaptive,2026-07-04T15:19:47+01:00,5,3,-1,1037,0,global_best_update,249,99.314349,1005,935,70,2
n012w8-0,n012w8,0,5,500000,100.0,adaptive,2026-07-04T15:19:47+01:00,5,3,-1,1038,0,global_best_update,524,98.562566,935,930,5,4
n012w8-0,n012w8,0,5,500000,100.0,adaptive,2026-07-04T15:19:47+01:00,5,3,-1,1039,0,global_best_update,716,98.041060,930,920,10,6
n012w8-0,n012w8,0,5,500000,100.0,adaptive,2026-07-04T15:19:47+01:00,5,3,-1,1040,0,global_best_update,718,98.035643,920,905,15,6
n012w8-0,n012w8,0,5,500000,100.0,adaptive,2026-07-04T15:19:47+01:00,5,3,-1,1041,0,global_best_update,873,97.616673,905,880,25,7
n012w8-0,n012w8,0,5,500000,100.0,adaptive,2026-07-04T15:19:47+01:00,5,3,-1,1042,0,global_best_update,874,97.613975,880,820,60,7
n012w8-0,n012w8,0,5,500000,100.0,adaptive,2026-07-04T15:19:47+01:00,5,3,-1,1043,0,global_best_update,875,97.611278,820,790,30,7
n012w8-0,n012w8,0,5,500000,100.0,adaptive,2026-07-04T15:19:47+01:00,5,3,-1,1044,0,global_best_update,1221,96.682529,790,760,30,8
n012w8-0,n012w8,0,5,500000,100.0,adaptive,2026-07-04T15:19:47+01:00,5,1,-1,1043,0,global_best_update,22810,53.245143,760,755,5,38
n012w8-0,n012w8,0,5,500000,100.0,adaptive,2026-07-04T15:19:47+01:00,5,1,-1,1044,0,global_best_update,22812,53.242201,755,695,60,38
n012w8-0,n012w8,0,5,500000,100.0,adaptive,2026-07-04T15:19:47+01:00,5,1,-1,1045,0,global_best_update,22817,53.234846,695,675,20,38
n012w8-0,n012w8,0,5,500000,100.0,adaptive,2026-07-04T15:19:47+01:00,5,1,-1,1046,0,global_best_update,25503,49.426971,675,655,20,42
n012w8-0,n012w8,0,5,500000,100.0,adaptive,2026-07-04T15:19:47+01:00,5,1,-1,1047,0,global_best_update,25512,49.414681,655,610,45,42
n012w8-0,n012w8,0,5,500000,100.0,adaptive,2026-07-04T15:19:47+01:00,5,1,-1,1048,0,global_best_update,25515,49.410585,610,595,15,42
n012w8-0,n012w8,0,5,500000,100.0,adaptive,2026-07-04T15:19:47+01:00,5,5,3,1053,1,global_best_update,36,99.900578,595,580,15,42
n012w8-0,n012w8,0,5,500000,100.0,adaptive,2026-07-04T15:19:47+01:00,5,5,3,1054,1,global_best_update,76,99.790225,580,575,5,42
n012w8-0,n012w8,0,5,500000,100.0,adaptive,2026-07-04T15:19:47+01:00,5,5,3,1055,1,global_best_update,83,99.770925,575,545,30,42
n012w8-0,n012w8,0,5,500000,100.0,adaptive,2026-07-04T15:19:47+01:00,5,5,3,1056,1,global_best_update,152,99.580889,545,540,5,42
n012w8-0,n012w8,0,5,500000,100.0,adaptive,2026-07-04T15:19:47+01:00,5,5,3,1057,1,global_best_update,154,99.575386,540,525,15,42
n012w8-0,n012w8,0,5,500000,100.0,adaptive,2026-07-04T15:19:47+01:00,5,5,3,1058,1,global_best_update,155,99.572635,525,495,30,42
n012w8-0,n012w8,0,5,500000,100.0,adaptive,2026-07-04T15:19:47+01:00,5,5,3,1059,1,global_best_update,5902,84.952468,495,475,20,51
n012w8-0,n012w8,0,5,500000,100.0,adaptive,2026-07-04T15:19:47+01:00,5,5,3,1060,1,global_best_update,13023,69.778881,475,465,10,61
n012w8-0,n012w8,0,5,500000,100.0,adaptive,2026-07-04T15:19:47+01:00,5,5,3,1061,1,global_best_update,17046,62.437859,465,455,10,67
n012w8-0,n012w8,0,5,500000,100.0,adaptive,2026-07-04T15:19:47+01:00,5,5,3,1062,1,global_best_update,18119,60.613868,455,440,15,69
n012w8-0,n012w8,0,5,500000,100.0,adaptive,2026-07-04T15:19:47+01:00,5,5,3,1063,1,global_best_update,23728,51.911550,440,435,5,76
n012w8-0,n012w8,0,5,500000,100.0,adaptive,2026-07-04T15:19:47+01:00,5,5,3,1064,1,global_best_update,26328,48.312999,435,420,15,80
n012w8-0,n012w8,0,5,500000,100.0,adaptive,2026-07-04T15:19:47+01:00,5,7,5,1067,2,global_best_update,2,99.994474,420,390,30,80
n012w8-0,n012w8,0,5,500000,100.0,adaptive,2026-07-04T15:19:47+01:00,5,8,6,1069,3,global_best_update,3847,89.915797,390,375,15,87
n012w8-0,n012w8,0,5,500000,100.0,adaptive,2026-07-04T15:19:47+01:00,5,8,6,1070,3,global_best_update,5886,84.990033,375,360,15,90
n012w8-0,n012w8,0,5,500000,100.0,adaptive,2026-07-04T15:19:47+01:00,5,5,3,1068,1,global_best_update,66766,15.805491,360,355,5,153
n012w8-0,n012w8,0,5,500000,100.0,adaptive,2026-07-04T15:19:47+01:00,5,5,3,1069,1,global_best_update,68372,15.119450,355,330,25,156
n012w8-0,n012w8,0,5,500000,100.0,adaptive,2026-07-04T15:19:47+01:00,5,2,-1,1067,0,global_best_update,134333,2.443453,330,325,5,216
n012w8-0,n012w8,0,5,500000,100.0,adaptive,2026-07-04T15:19:47+01:00,5,5,3,1071,1,global_best_update,125886,3.085802,325,315,10,249
n012w8-0,n012w8,0,5,500000,100.0,adaptive,2026-07-04T15:19:47+01:00,6,3,-1,1003,0,global_best_update,1,99.997237,3430,3145,285,1
n012w8-0,n012w8,0,5,500000,100.0,adaptive,2026-07-04T15:19:47+01:00,6,2,-1,1003,0,global_best_update,2,99.994474,3145,3130,15,1
n012w8-0,n012w8,0,5,500000,100.0,adaptive,2026-07-04T15:19:47+01:00,6,1,-1,1003,0,global_best_update,4,99.988948,3130,3115,15,1
n012w8-0,n012w8,0,5,500000,100.0,adaptive,2026-07-04T15:19:47+01:00,6,2,-1,1005,0,global_best_update,5,99.986185,3115,2995,120,1
n012w8-0,n012w8,0,5,500000,100.0,adaptive,2026-07-04T15:19:47+01:00,6,1,-1,1005,0,global_best_update,5,99.986185,2995,2815,180,1
n012w8-0,n012w8,0,5,500000,100.0,adaptive,2026-07-04T15:19:47+01:00,6,1,-1,1006,0,global_best_update,6,99.983423,2815,2605,210,1
n012w8-0,n012w8,0,5,500000,100.0,adaptive,2026-07-04T15:19:47+01:00,6,1,-1,1007,0,global_best_update,7,99.980660,2605,2530,75,1
n012w8-0,n012w8,0,5,500000,100.0,adaptive,2026-07-04T15:19:47+01:00,6,1,-1,1008,0,global_best_update,9,99.975135,2530,2485,45,1
n012w8-0,n012w8,0,5,500000,100.0,adaptive,2026-07-04T15:19:47+01:00,6,1,-1,1009,0,global_best_update,11,99.969610,2485,2365,120,1
n012w8-0,n012w8,0,5,500000,100.0,adaptive,2026-07-04T15:19:47+01:00,6,1,-1,1010,0,global_best_update,12,99.966848,2365,2350,15,1
n012w8-0,n012w8,0,5,500000,100.0,adaptive,2026-07-04T15:19:47+01:00,6,1,-1,1011,0,global_best_update,13,99.964086,2350,2305,45,1
n012w8-0,n012w8,0,5,500000,100.0,adaptive,2026-07-04T15:19:47+01:00,6,1,-1,1012,0,global_best_update,16,99.955800,2305,2290,15,1
n012w8-0,n012w8,0,5,500000,100.0,adaptive,2026-07-04T15:19:47+01:00,6,1,-1,1013,0,global_best_update,17,99.953038,2290,2230,60,1
n012w8-0,n012w8,0,5,500000,100.0,adaptive,2026-07-04T15:19:47+01:00,6,1,-1,1014,0,global_best_update,18,99.950277,2230,2065,165,1
n012w8-0,n012w8,0,5,500000,100.0,adaptive,2026-07-04T15:19:47+01:00,6,1,-1,1015,0,global_best_update,34,99.906099,2065,1980,85,1
n012w8-0,n012w8,0,5,500000,100.0,adaptive,2026-07-04T15:19:47+01:00,6,3,-1,1018,0,global_best_update,14,99.961324,1980,1960,20,1
n012w8-0,n012w8,0,5,500000,100.0,adaptive,2026-07-04T15:19:47+01:00,6,1,-1,1017,0,global_best_update,35,99.903338,1960,1875,85,1
n012w8-0,n012w8,0,5,500000,100.0,adaptive,2026-07-04T15:19:47+01:00,6,1,-1,1018,0,global_best_update,36,99.900578,1875,1635,240,1
n012w8-0,n012w8,0,5,500000,100.0,adaptive,2026-07-04T15:19:47+01:00,6,1,-1,1019,0,global_best_update,38,99.895057,1635,1605,30,1
n012w8-0,n012w8,0,5,500000,100.0,adaptive,2026-07-04T15:19:47+01:00,6,1,-1,1020,0,global_best_update,67,99.815043,1605,1545,60,1
n012w8-0,n012w8,0,5,500000,100.0,adaptive,2026-07-04T15:19:47+01:00,6,1,-1,1021,0,global_best_update,68,99.812285,1545,1455,90,1
n012w8-0,n012w8,0,5,500000,100.0,adaptive,2026-07-04T15:19:47+01:00,6,1,-1,1022,0,global_best_update,71,99.804012,1455,1440,15,1
n012w8-0,n012w8,0,5,500000,100.0,adaptive,2026-07-04T15:19:47+01:00,6,1,-1,1023,0,global_best_update,72,99.801254,1440,1350,90,1
n012w8-0,n012w8,0,5,500000,100.0,adaptive,2026-07-04T15:19:47+01:00,6,3,-1,1026,0,global_best_update,32,99.911620,1350,1285,65,1
n012w8-0,n012w8,0,5,500000,100.0,adaptive,2026-07-04T15:19:47+01:00,6,3,-1,1027,0,global_best_update,33,99.908859,1285,1255,30,2
n012w8-0,n012w8,0,5,500000,100.0,adaptive,2026-07-04T15:19:47+01:00,6,3,-1,1028,0,global_best_update,53,99.853663,1255,1205,50,2
n012w8-0,n012w8,0,5,500000,100.0,adaptive,2026-07-04T15:19:47+01:00,6,3,-1,1029,0,global_best_update,54,99.850904,1205,1115,90,2
n012w8-0,n012w8,0,5,500000,100.0,adaptive,2026-07-04T15:19:47+01:00,6,3,-1,1030,0,global_best_update,55,99.848145,1115,980,135,2
n012w8-0,n012w8,0,5,500000,100.0,adaptive,2026-07-04T15:19:47+01:00,6,3,-1,1031,0,global_best_update,57,99.842627,980,950,30,2
n012w8-0,n012w8,0,5,500000,100.0,adaptive,2026-07-04T15:19:47+01:00,6,3,-1,1032,0,global_best_update,59,99.837110,950,905,45,2
n012w8-0,n012w8,0,5,500000,100.0,adaptive,2026-07-04T15:19:47+01:00,6,3,-1,1033,0,global_best_update,60,99.834351,905,875,30,2
n012w8-0,n012w8,0,5,500000,100.0,adaptive,2026-07-04T15:19:47+01:00,6,3,-1,1034,0,global_best_update,191,99.473638,875,870,5,2
n012w8-0,n012w8,0,5,500000,100.0,adaptive,2026-07-04T15:19:47+01:00,6,3,-1,1035,0,global_best_update,239,99.341794,870,855,15,2
n012w8-0,n012w8,0,5,500000,100.0,adaptive,2026-07-04T15:19:47+01:00,6,3,-1,1036,0,global_best_update,240,99.339049,855,810,45,2
n012w8-0,n012w8,0,5,500000,100.0,adaptive,2026-07-04T15:19:47+01:00,6,3,-1,1037,0,global_best_update,241,99.336305,810,780,30,2
n012w8-0,n012w8,0,5,500000,100.0,adaptive,2026-07-04T15:19:47+01:00,6,3,-1,1038,0,global_best_update,689,98.114230,780,745,35,5
n012w8-0,n012w8,0,5,500000,100.0,adaptive,2026-07-04T15:19:47+01:00,6,3,-1,1039,0,global_best_update,690,98.111519,745,740,5,5
n012w8-0,n012w8,0,5,500000,100.0,adaptive,2026-07-04T15:19:47+01:00,6,3,-1,1040,0,global_best_update,696,98.095255,740,665,75,5
n012w8-0,n012w8,0,5,500000,100.0,adaptive,2026-07-04T15:19:47+01:00,6,3,-1,1041,0,global_best_update,697,98.092544,665,620,45,5
n012w8-0,n012w8,0,5,500000,100.0,adaptive,2026-07-04T15:19:47+01:00,6,3,-1,1042,0,global_best_update,698,98.089834,620,605,15,5
n012w8-0,n012w8,0,5,500000,100.0,adaptive,2026-07-04T15:19:47+01:00,6,3,-1,1043,0,global_best_update,4474,88.371454,605,580,25,26
n012w8-0,n012w8,0,5,500000,100.0,adaptive,2026-07-04T15:19:47+01:00,6,3,-1,1044,0,global_best_update,4476,88.366570,580,550,30,26
n012w8-0,n012w8,0,5,500000,100.0,adaptive,2026-07-04T15:19:47+01:00,6,3,-1,1045,0,global_best_update,4485,88.344598,550,510,40,26
n012w8-0,n012w8,0,5,500000,100.0,adaptive,2026-07-04T15:19:47+01:00,6,3,-1,1046,0,global_best_update,4488,88.337275,510,465,45,26
n012w8-0,n012w8,0,5,500000,100.0,adaptive,2026-07-04T15:19:47+01:00,6,1,-1,1045,0,global_best_update,41907,31.413476,465,460,5,64
n012w8-0,n012w8,0,5,500000,100.0,adaptive,2026-07-04T15:19:47+01:00,6,5,3,1050,1,global_best_update,23,99.936469,460,445,15,65
n012w8-0,n012w8,0,5,500000,100.0,adaptive,2026-07-04T15:19:47+01:00,6,5,3,1051,1,global_best_update,96,99.735094,445,420,25,65
n012w8-0,n012w8,0,5,500000,100.0,adaptive,2026-07-04T15:19:47+01:00,6,5,3,1052,1,global_best_update,391,98.925442,420,415,5,65
n012w8-0,n012w8,0,5,500000,100.0,adaptive,2026-07-04T15:19:47+01:00,6,5,3,1053,1,global_best_update,412,98.868057,415,400,15,65
n012w8-0,n012w8,0,5,500000,100.0,adaptive,2026-07-04T15:19:47+01:00,6,5,3,1054,1,global_best_update,1596,95.685912,400,385,15,67
n012w8-0,n012w8,0,5,500000,100.0,adaptive,2026-07-04T15:19:47+01:00,6,5,3,1055,1,global_best_update,2209,94.078850,385,355,30,67
n012w8-0,n012w8,0,5,500000,100.0,adaptive,2026-07-04T15:19:47+01:00,6,5,3,1056,1,global_best_update,7093,82.202306,355,345,10,73
n012w8-0,n012w8,0,5,500000,100.0,adaptive,2026-07-04T15:19:47+01:00,6,5,3,1057,1,global_best_update,7104,82.177325,345,330,15,73
n012w8-0,n012w8,0,5,500000,100.0,adaptive,2026-07-04T15:19:47+01:00,6,5,3,1058,1,global_best_update,8377,79.337041,330,325,5,75
n012w8-0,n012w8,0,5,500000,100.0,adaptive,2026-07-04T15:19:47+01:00,6,5,3,1059,1,global_best_update,9234,77.480426,325,280,45,76
n012w8-0,n012w8,0,5,500000,100.0,adaptive,2026-07-04T15:19:47+01:00,6,1,-1,1056,0,global_best_update,66140,16.081257,280,255,25,99
n012w8-0,n012w8,0,5,500000,100.0,adaptive,2026-07-04T15:19:47+01:00,6,1,-1,1057,0,global_best_update,67252,15.594663,255,250,5,100
n012w8-0,n012w8,0,5,500000,100.0,adaptive,2026-07-04T15:19:47+01:00,6,8,6,1065,3,global_best_update,1870,94.964219,250,235,15,104
n012w8-0,n012w8,0,5,500000,100.0,adaptive,2026-07-04T15:19:47+01:00,6,8,6,1066,3,global_best_update,4532,88.229943,235,220,15,108
n012w8-0,n012w8,0,5,500000,100.0,adaptive,2026-07-04T15:19:47+01:00,6,8,6,1067,3,global_best_update,33452,39.680396,220,210,10,145
n012w8-0,n012w8,0,5,500000,100.0,adaptive,2026-07-04T15:19:47+01:00,7,2,-1,1002,0,global_best_update,1,99.997237,3370,3365,5,2
n012w8-0,n012w8,0,5,500000,100.0,adaptive,2026-07-04T15:19:47+01:00,7,1,-1,1002,0,global_best_update,2,99.994474,3365,3325,40,2
n012w8-0,n012w8,0,5,500000,100.0,adaptive,2026-07-04T15:19:47+01:00,7,1,-1,1003,0,global_best_update,5,99.986185,3325,3295,30,2
n012w8-0,n012w8,0,5,500000,100.0,adaptive,2026-07-04T15:19:47+01:00,7,1,-1,1004,0,global_best_update,7,99.980660,3295,3175,120,2
n012w8-0,n012w8,0,5,500000,100.0,adaptive,2026-07-04T15:19:47+01:00,7,2,-1,1006,0,global_best_update,13,99.964086,3175,3070,105,2
n012w8-0,n012w8,0,5,500000,100.0,adaptive,2026-07-04T15:19:47+01:00,7,3,-1,1008,0,global_best_update,9,99.975135,3070,3040,30,2
n012w8-0,n012w8,0,5,500000,100.0,adaptive,2026-07-04T15:19:47+01:00,7,3,-1,1009,0,global_best_update,10,99.972373,3040,2890,150,2
n012w8-0,n012w8,0,5,500000,100.0,adaptive,2026-07-04T15:19:47+01:00,7,3,-1,1010,0,global_best_update,11,99.969610,2890,2770,120,2
n012w8-0,n012w8,0,5,500000,100.0,adaptive,2026-07-04T15:19:47+01:00,7,3,-1,1011,0,global_best_update,12,99.966848,2770,2620,150,2
n012w8-0,n012w8,0,5,500000,100.0,adaptive,2026-07-04T15:19:47+01:00,7,3,-1,1012,0,global_best_update,15,99.958562,2620,2575,45,2
n012w8-0,n012w8,0,5,500000,100.0,adaptive,2026-07-04T15:19:47+01:00,7,2,-1,1012,0,global_best_update,48,99.867459,2575,2525,50,2
n012w8-0,n012w8,0,5,500000,100.0,adaptive,2026-07-04T15:19:47+01:00,7,2,-1,1013,0,global_best_update,49,99.864700,2525,2375,150,2
n012w8-0,n012w8,0,5,500000,100.0,adaptive,2026-07-04T15:19:47+01:00,7,2,-1,1014,0,global_best_update,57,99.842627,2375,2300,75,2
n012w8-0,n012w8,0,5,500000,100.0,adaptive,2026-07-04T15:19:47+01:00,7,2,-1,1015,0,global_best_update,62,99.828834,2300,2135,165,2
n012w8-0,n012w8,0,5,500000,100.0,adaptive,2026-07-04T15:19:47+01:00,7,2,-1,1016,0,global_best_update,63,99.826076,2135,2105,30,2
n012w8-0,n012w8,0,5,500000,100.0,adaptive,2026-07-04T15:19:47+01:00,7,2,-1,1017,0,global_best_update,73,99.798497,2105,2050,55,2
n012w8-0,n012w8,0,5,500000,100.0,adaptive,2026-07-04T15:19:47+01:00,7,2,-1,1018,0,global_best_update,75,99.792982,2050,1885,165,2
n012w8-0,n012w8,0,5,500000,100.0,adaptive,2026-07-04T15:19:47+01:00,7,2,-1,1019,0,global_best_update,76,99.790225,1885,1870,15,2
n012w8-0,n012w8,0,5,500000,100.0,adaptive,2026-07-04T15:19:47+01:00,7,2,-1,1020,0,global_best_update,87,99.759899,1870,1720,150,2
n012w8-0,n012w8,0,5,500000,100.0,adaptive,2026-07-04T15:19:47+01:00,7,2,-1,1021,0,global_best_update,89,99.754386,1720,1675,45,2
n012w8-0,n012w8,0,5,500000,100.0,adaptive,2026-07-04T15:19:47+01:00,7,2,-1,1022,0,global_best_update,90,99.751630,1675,1630,45,2
n012w8-0,n012w8,0,5,500000,100.0,adaptive,2026-07-04T15:19:47+01:00,7,2,-1,1023,0,global_best_update,91,99.748874,1630,1480,150,2
n012w8-0,n012w8,0,5,500000,100.0,adaptive,2026-07-04T15:19:47+01:00,7,3,-1,1025,0,global_best_update,33,99.908859,1480,1325,155,2
n012w8-0,n012w8,0,5,500000,100.0,adaptive,2026-07-04T15:19:47+01:00,7,3,-1,1026,0,global_best_update,36,99.900578,1325,1115,210,2
n012w8-0,n012w8,0,5,500000,100.0,adaptive,2026-07-04T15:19:47+01:00,7,3,-1,1027,0,global_best_update,37,99.897817,1115,1045,70,2
n012w8-0,n012w8,0,5,500000,100.0,adaptive,2026-07-04T15:19:47+01:00,7,3,-1,1028,0,global_best_update,43,99.881257,1045,955,90,2
n012w8-0,n012w8,0,5,500000,100.0,adaptive,2026-07-04T15:19:47+01:00,7,3,-1,1029,0,global_best_update,288,99.207384,955,905,50,3
n012w8-0,n012w8,0,5,500000,100.0,adaptive,2026-07-04T15:19:47+01:00,7,3,-1,1030,0,global_best_update,296,99.185457,905,840,65,3
n012w8-0,n012w8,0,5,500000,100.0,adaptive,2026-07-04T15:19:47+01:00,7,3,-1,1031,0,global_best_update,300,99.174496,840,825,15,3
n012w8-0,n012w8,0,5,500000,100.0,adaptive,2026-07-04T15:19:47+01:00,7,3,-1,1032,0,global_best_update,303,99.166275,825,810,15,4
n012w8-0,n012w8,0,5,500000,100.0,adaptive,2026-07-04T15:19:47+01:00,7,3,-1,1033,0,global_best_update,762,97.916527,810,805,5,8
n012w8-0,n012w8,0,5,500000,100.0,adaptive,2026-07-04T15:19:47+01:00,7,3,-1,1034,0,global_best_update,815,97.773238,805,780,25,9
n012w8-0,n012w8,0,5,500000,100.0,adaptive,2026-07-04T15:19:47+01:00,7,3,-1,1035,0,global_best_update,816,97.770537,780,775,5,9
n012w8-0,n012w8,0,5,500000,100.0,adaptive,2026-07-04T15:19:47+01:00,7,3,-1,1036,0,global_best_update,835,97.719222,775,765,10,9
n012w8-0,n012w8,0,5,500000,100.0,adaptive,2026-07-04T15:19:47+01:00,7,3,-1,1037,0,global_best_update,1051,97.137741,765,750,15,10
n012w8-0,n012w8,0,5,500000,100.0,adaptive,2026-07-04T15:19:47+01:00,7,3,-1,1038,0,global_best_update,1061,97.110905,750,705,45,10
n012w8-0,n012w8,0,5,500000,100.0,adaptive,2026-07-04T15:19:47+01:00,7,3,-1,1039,0,global_best_update,2380,93.635385,705,700,5,17
n012w8-0,n012w8,0,5,500000,100.0,adaptive,2026-07-04T15:19:47+01:00,7,3,-1,1040,0,global_best_update,2382,93.630211,700,685,15,17
n012w8-0,n012w8,0,5,500000,100.0,adaptive,2026-07-04T15:19:47+01:00,7,3,-1,1041,0,global_best_update,2689,92.839331,685,655,30,20
n012w8-0,n012w8,0,5,500000,100.0,adaptive,2026-07-04T15:19:47+01:00,7,1,-1,1040,0,global_best_update,21375,55.398754,655,625,30,42
n012w8-0,n012w8,0,5,500000,100.0,adaptive,2026-07-04T15:19:47+01:00,7,2,-1,1042,0,global_best_update,34650,38.388399,625,620,5,65
n012w8-0,n012w8,0,5,500000,100.0,adaptive,2026-07-04T15:19:47+01:00,7,5,3,1046,1,global_best_update,21,99.941992,620,530,90,65
n012w8-0,n012w8,0,5,500000,100.0,adaptive,2026-07-04T15:19:47+01:00,7,5,3,1047,1,global_best_update,412,98.868057,530,520,10,66
n012w8-0,n012w8,0,5,500000,100.0,adaptive,2026-07-04T15:19:47+01:00,7,5,3,1048,1,global_best_update,507,98.608874,520,505,15,66
n012w8-0,n012w8,0,5,500000,100.0,adaptive,2026-07-04T15:19:47+01:00,7,5,3,1049,1,global_best_update,1004,97.263972,505,475,30,66
n012w8-0,n012w8,0,5,500000,100.0,adaptive,2026-07-04T15:19:47+01:00,7,5,3,1050,1,global_best_update,6824,82.815571,475,470,5,75
n012w8-0,n012w8,0,5,500000,100.0,adaptive,2026-07-04T15:19:47+01:00,7,5,3,1051,1,global_best_update,7085,82.220479,470,455,15,75
n012w8-0,n012w8,0,5,500000,100.0,adaptive,2026-07-04T15:19:47+01:00,7,5,3,1052,1,global_best_update,8320,79.462093,455,425,30,76
n012w8-0,n012w8,0,5,500000,100.0,adaptive,2026-07-04T15:19:47+01:00,7,5,3,1053,1,global_best_update,8325,79.451116,425,370,55,76
n012w8-0,n012w8,0,5,500000,100.0,adaptive,2026-07-04T15:19:47+01:00,7,5,3,1054,1,global_best_update,20272,57.113135,370,365,5,94
n012w8-0,n012w8,0,5,500000,100.0,adaptive,2026-07-04T15:19:47+01:00,7,5,3,1055,1,global_best_update,20567,56.649489,365,350,15,95
n012w8-0,n012w8,0,5,500000,100.0,adaptive,2026-07-04T15:19:47+01:00,7,5,3,1056,1,global_best_update,24645,50.612758,350,335,15,104
n012w8-0,n012w8,0,5,500000,100.0,adaptive,2026-07-04T15:19:47+01:00,7,5,3,1057,1,global_best_update,26686,47.837448,335,265,70,106
n012w8-0,n012w8,0,5,500000,100.0,adaptive,2026-07-04T15:19:47+01:00,7,8,6,1061,3,global_best_update,166,99.542375,265,250,15,107
n012w8-0,n012w8,0,5,500000,100.0,adaptive,2026-07-04T15:19:47+01:00,7,8,6,1062,3,global_best_update,475,98.696102,250,220,30,108
n012w8-0,n012w8,0,5,500000,100.0,adaptive,2026-07-04T15:19:47+01:00,7,1,-1,1056,0,global_best_update,78730,11.356382,220,215,5,154
n012w8-0,n012w8,0,5,500000,100.0,adaptive,2026-07-04T15:19:47+01:00,7,1,-1,1057,0,global_best_update,102392,5.906035,215,210,5,195
n012w8-0,n012w8,0,5,500000,100.0,adaptive,2026-07-04T15:19:47+01:00,7,10,8,1067,4,global_best_update,71521,13.859514,210,205,5,294
n012w8-0,n012w8,0,5,500000,100.0,adaptive,2026-07-04T15:19:47+01:00,7,14,12,1072,6,global_best_update,4,99.988948,205,200,5,294
n012w8-0,n012w8,0,5,500000,100.0,adaptive,2026-07-04T15:19:47+01:00,7,14,12,1073,6,global_best_update,536,98.529890,200,185,15,295
n012w8-0,n012w8,0,5,500000,100.0,adaptive,2026-07-04T15:19:47+01:00,7,10,8,1070,4,global_best_update,78208,11.521367,185,180,5,307
n012w8-0,n012w8,0,5,500000,100.0,adaptive,2026-07-04T15:19:47+01:00,7,10,8,1071,4,global_best_update,90825,8.130177,180,175,5,323
n012w8-0,n012w8,0,5,500000,100.0,adaptive,2026-07-04T15:19:47+01:00,7,10,8,1072,4,global_best_update,91135,8.060834,175,170,5,324
n012w8-0,n012w8,0,5,500000,100.0,adaptive,2026-07-04T15:19:47+01:00,7,10,8,1073,4,global_best_update,92015,7.867197,170,155,15,324
n012w8-0,n012w8,0,5,500000,100.0,adaptive,2026-07-04T15:19:47+01:00,7,10,8,1074,4,global_best_update,93146,7.625143,155,140,15,326
n012w8-0,n012w8,0,5,500000,100.0,adaptive,2026-07-04T15:19:47+01:00,8,1,-1,1001,0,global_best_update,3,99.991711,4710,4655,55,2
n012w8-0,n012w8,0,5,500000,100.0,adaptive,2026-07-04T15:19:47+01:00,8,1,-1,1002,0,global_best_update,4,99.988948,4655,4640,15,2
n012w8-0,n012w8,0,5,500000,100.0,adaptive,2026-07-04T15:19:47+01:00,8,1,-1,1003,0,global_best_update,5,99.986185,4640,4530,110,2
n012w8-0,n012w8,0,5,500000,100.0,adaptive,2026-07-04T15:19:47+01:00,8,2,-1,1005,0,global_best_update,4,99.988948,4530,4370,160,2
n012w8-0,n012w8,0,5,500000,100.0,adaptive,2026-07-04T15:19:47+01:00,8,1,-1,1005,0,global_best_update,9,99.975135,4370,4055,315,2
n012w8-0,n012w8,0,5,500000,100.0,adaptive,2026-07-04T15:19:47+01:00,8,1,-1,1006,0,global_best_update,10,99.972373,4055,4040,15,2
n012w8-0,n012w8,0,5,500000,100.0,adaptive,2026-07-04T15:19:47+01:00,8,1,-1,1007,0,global_best_update,13,99.964086,4040,3895,145,2
n012w8-0,n012w8,0,5,500000,100.0,adaptive,2026-07-04T15:19:47+01:00,8,1,-1,1008,0,global_best_update,16,99.955800,3895,3800,95,2
n012w8-0,n012w8,0,5,500000,100.0,adaptive,2026-07-04T15:19:47+01:00,8,1,-1,1009,0,global_best_update,19,99.947515,3800,3755,45,2
n012w8-0,n012w8,0,5,500000,100.0,adaptive,2026-07-04T15:19:47+01:00,8,1,-1,1010,0,global_best_update,21,99.941992,3755,3695,60,2
n012w8-0,n012w8,0,5,500000,100.0,adaptive,2026-07-04T15:19:47+01:00,8,1,-1,1011,0,global_best_update,22,99.939230,3695,3515,180,2
n012w8-0,n012w8,0,5,500000,100.0,adaptive,2026-07-04T15:19:47+01:00,8,1,-1,1012,0,global_best_update,24,99.933708,3515,3405,110,2
n012w8-0,n012w8,0,5,500000,100.0,adaptive,2026-07-04T15:19:47+01:00,8,1,-1,1013,0,global_best_update,29,99.919902,3405,3165,240,2
n012w8-0,n012w8,0,5,500000,100.0,adaptive,2026-07-04T15:19:47+01:00,8,1,-1,1014,0,global_best_update,34,99.906099,3165,3075,90,2
n012w8-0,n012w8,0,5,500000,100.0,adaptive,2026-07-04T15:19:47+01:00,8,1,-1,1015,0,global_best_update,35,99.903338,3075,3060,15,2
n012w8-0,n012w8,0,5,500000,100.0,adaptive,2026-07-04T15:19:47+01:00,8,1,-1,1016,0,global_best_update,39,99.892297,3060,3000,60,2
n012w8-0,n012w8,0,5,500000,100.0,adaptive,2026-07-04T15:19:47+01:00,8,1,-1,1017,0,global_best_update,56,99.845386,3000,2865,135,2
n012w8-0,n012w8,0,5,500000,100.0,adaptive,2026-07-04T15:19:47+01:00,8,1,-1,1018,0,global_best_update,57,99.842627,2865,2715,150,2
n012w8-0,n012w8,0,5,500000,100.0,adaptive,2026-07-04T15:19:47+01:00,8,1,-1,1019,0,global_best_update,66,99.817801,2715,2680,35,2
n012w8-0,n012w8,0,5,500000,100.0,adaptive,2026-07-04T15:19:47+01:00,8,1,-1,1020,0,global_best_update,108,99.702030,2680,2600,80,2
n012w8-0,n012w8,0,5,500000,100.0,adaptive,2026-07-04T15:19:47+01:00,8,3,-1,1023,0,global_best_update,36,99.900578,2600,2535,65,2
n012w8-0,n012w8,0,5,500000,100.0,adaptive,2026-07-04T15:19:47+01:00,8,3,-1,1024,0,global_best_update,87,99.759899,2535,2455,80,2
n012w8-0,n012w8,0,5,500000,100.0,adaptive,2026-07-04T15:19:47+01:00,8,3,-1,1025,0,global_best_update,88,99.757142,2455,2445,10,2
n012w8-0,n012w8,0,5,500000,100.0,adaptive,2026-07-04T15:19:47+01:00,8,3,-1,1026,0,global_best_update,97,99.732338,2445,2365,80,2
n012w8-0,n012w8,0,5,500000,100.0,adaptive,2026-07-04T15:19:47+01:00,8,3,-1,1027,0,global_best_update,126,99.652454,2365,2340,25,2
n012w8-0,n012w8,0,5,500000,100.0,adaptive,2026-07-04T15:19:47+01:00,8,3,-1,1028,0,global_best_update,157,99.567133,2340,2335,5,2
n012w8-0,n012w8,0,5,500000,100.0,adaptive,2026-07-04T15:19:47+01:00,8,3,-1,1029,0,global_best_update,158,99.564381,2335,2295,40,2
n012w8-0,n012w8,0,5,500000,100.0,adaptive,2026-07-04T15:19:47+01:00,8,3,-1,1030,0,global_best_update,340,99.064944,2295,2290,5,3
n012w8-0,n012w8,0,5,500000,100.0,adaptive,2026-07-04T15:19:47+01:00,8,3,-1,1031,0,global_best_update,393,98.919975,2290,2255,35,3
n012w8-0,n012w8,0,5,500000,100.0,adaptive,2026-07-04T15:19:47+01:00,8,3,-1,1032,0,global_best_update,627,98.282456,2255,2245,10,5
n012w8-0,n012w8,0,5,500000,100.0,adaptive,2026-07-04T15:19:47+01:00,8,3,-1,1033,0,global_best_update,628,98.279740,2245,2215,30,5
n012w8-0,n012w8,0,5,500000,100.0,adaptive,2026-07-04T15:19:47+01:00,8,3,-1,1034,0,global_best_update,630,98.274309,2215,2175,40,5
n012w8-0,n012w8,0,5,500000,100.0,adaptive,2026-07-04T15:19:47+01:00,8,3,-1,1035,0,global_best_update,667,98.173890,2175,2165,10,5
n012w8-0,n012w8,0,5,500000,100.0,adaptive,2026-07-04T15:19:47+01:00,8,3,-1,1036,0,global_best_update,1221,96.682529,2165,2155,10,9
n012w8-0,n012w8,0,5,500000,100.0,adaptive,2026-07-04T15:19:47+01:00,8,3,-1,1037,0,global_best_update,1223,96.677186,2155,2045,110,9
n012w8-0,n012w8,0,5,500000,100.0,adaptive,2026-07-04T15:19:47+01:00,8,3,-1,1038,0,global_best_update,2479,93.379598,2045,2015,30,17
n012w8-0,n012w8,0,5,500000,100.0,adaptive,2026-07-04T15:19:47+01:00,8,3,-1,1039,0,global_best_update,2482,93.371858,2015,2000,15,17
n012w8-0,n012w8,0,5,500000,100.0,adaptive,2026-07-04T15:19:47+01:00,8,3,-1,1040,0,global_best_update,3034,91.958526,2000,1955,45,21
n012w8-0,n012w8,0,5,500000,100.0,adaptive,2026-07-04T15:19:47+01:00,8,3,-1,1041,0,global_best_update,4142,89.185859,1955,1950,5,27
n012w8-0,n012w8,0,5,500000,100.0,adaptive,2026-07-04T15:19:47+01:00,8,3,-1,1042,0,global_best_update,9107,77.752793,1950,1915,35,62
n012w8-0,n012w8,0,5,500000,100.0,adaptive,2026-07-04T15:19:47+01:00,8,1,-1,1041,0,global_best_update,42499,30.903808,1915,1870,45,71
n012w8-0,n012w8,0,5,500000,100.0,adaptive,2026-07-04T15:19:47+01:00,8,5,3,1046,1,global_best_update,25,99.930946,1870,1865,5,71
n012w8-0,n012w8,0,5,500000,100.0,adaptive,2026-07-04T15:19:47+01:00,8,5,3,1047,1,global_best_update,41,99.886777,1865,1850,15,71
n012w8-0,n012w8,0,5,500000,100.0,adaptive,2026-07-04T15:19:47+01:00,8,5,3,1048,1,global_best_update,55,99.848145,1850,1840,10,71
n012w8-0,n012w8,0,5,500000,100.0,adaptive,2026-07-04T15:19:47+01:00,8,5,3,1049,1,global_best_update,316,99.130661,1840,1835,5,72
n012w8-0,n012w8,0,5,500000,100.0,adaptive,2026-07-04T15:19:47+01:00,8,5,3,1050,1,global_best_update,326,99.103274,1835,1825,10,72
n012w8-0,n012w8,0,5,500000,100.0,adaptive,2026-07-04T15:19:47+01:00,8,5,3,1051,1,global_best_update,329,99.095059,1825,1810,15,72
n012w8-0,n012w8,0,5,500000,100.0,adaptive,2026-07-04T15:19:47+01:00,8,5,3,1052,1,global_best_update,1245,96.618435,1810,1800,10,73
n012w8-0,n012w8,0,5,500000,100.0,adaptive,2026-07-04T15:19:47+01:00,8,5,3,1053,1,global_best_update,3404,91.023179,1800,1790,10,76
n012w8-0,n012w8,0,5,500000,100.0,adaptive,2026-07-04T15:19:47+01:00,8,5,3,1054,1,global_best_update,4102,89.284485,1790,1780,10,77
n012w8-0,n012w8,0,5,500000,100.0,adaptive,2026-07-04T15:19:47+01:00,8,5,3,1055,1,global_best_update,8553,78.952157,1780,1755,25,84
n012w8-0,n012w8,0,5,500000,100.0,adaptive,2026-07-04T15:19:47+01:00,8,5,3,1056,1,global_best_update,9897,76.073956,1755,1735,20,85
n012w8-0,n012w8,0,5,500000,100.0,adaptive,2026-07-04T15:19:47+01:00,8,5,3,1057,1,global_best_update,13655,68.570924,1735,1725,10,91
n012w8-0,n012w8,0,5,500000,100.0,adaptive,2026-07-04T15:19:47+01:00,8,5,3,1058,1,global_best_update,15194,65.716133,1725,1715,10,93
n012w8-0,n012w8,0,5,500000,100.0,adaptive,2026-07-04T15:19:47+01:00,8,5,3,1059,1,global_best_update,33879,39.214980,1715,1710,5,121
n012w8-0,n012w8,0,5,500000,100.0,adaptive,2026-07-04T15:19:47+01:00,8,4,2,1059,1,global_best_update,78244,11.509912,1710,1695,15,203
n012w8-0,n012w8,0,5,500000,100.0,adaptive,2026-07-04T15:19:47+01:00,8,11,9,1067,4,global_best_update,2006,94.608030,1695,1690,5,207
n012w8-0,n012w8,0,5,500000,100.0,adaptive,2026-07-04T15:19:47+01:00,8,7,5,1064,2,global_best_update,70814,14.132923,1690,1685,5,272
n012w8-0,n012w8,0,5,500000,100.0,adaptive,2026-07-04T15:19:47+01:00,8,7,5,1065,2,global_best_update,70860,14.114971,1685,1670,15,272
n012w8-0,n012w8,0,5,500000,100.0,adaptive,2026-07-04T15:19:47+01:00,8,7,5,1066,2,global_best_update,72782,13.384927,1670,1650,20,276
n012w8-0,n012w8,0,5,500000,100.0,adaptive,2026-07-04T15:19:47+01:00,8,7,5,1067,2,global_best_update,97209,6.815410,1650,1645,5,324
n012w8-0,n012w8,0,5,500000,100.0,adaptive,2026-07-04T15:19:47+01:00,8,7,5,1068,2,global_best_update,100349,6.249021,1645,1630,15,328
n012w8-0,n012w8,0,5,500000,100.0,adaptive,2026-07-04T15:19:47+01:00,8,7,5,1069,2,global_best_update,106169,5.320740,1630,1620,10,336
