week,worker_id,parent_worker_id,depth,candidate,temperature,current_penalty,local_best,global_best,cands_since_improve
1,31,29,0,179607,0.699384,470,470,385,100000
1,31,29,0,279607,0.044128,470,470,385,100000
1,31,29,0,379607,0.002784,470,470,385,100000
1,31,29,0,479607,0.000176,470,470,385,100000
1,7,5,0,185320,0.597255,415,400,385,100000
1,7,5,0,285320,0.037684,415,400,385,100000
1,7,5,0,385320,0.002378,415,400,385,100000
1,7,5,0,485320,0.000150,415,400,385,100000
1,14,12,0,178981,0.711587,415,385,385,100000
1,14,12,0,278981,0.044898,415,385,385,100000
1,14,12,0,378981,0.002833,415,385,385,100000
1,14,12,0,478981,0.000179,415,385,385,100000
1,2,0,0,168222,0.957935,485,485,385,100000
1,2,0,0,268222,0.060442,485,485,385,100000
1,2,0,0,368222,0.003814,485,485,385,100000
1,2,0,0,468222,0.000241,485,485,385,100000
1,5,3,0,171454,0.876097,440,410,385,100000
1,5,3,0,271454,0.055278,440,410,385,100000
1,5,3,0,371454,0.003488,440,410,385,100000
1,5,3,0,471454,0.000220,440,410,385,100000
1,3,1,0,153284,1.447411,510,505,385,100000
1,3,1,0,253284,0.091325,510,505,385,100000
1,3,1,0,353284,0.005762,510,505,385,100000
1,3,1,0,453284,0.000364,510,505,385,100000
1,23,21,0,188658,0.544633,440,440,385,100000
1,23,21,0,288658,0.034364,440,440,385,100000
1,23,21,0,388658,0.002168,440,440,385,100000
1,23,21,0,488658,0.000137,440,440,385,100000
1,9,7,0,183669,0.625132,470,470,385,100000
1,9,7,0,283669,0.039443,470,470,385,100000
1,9,7,0,383669,0.002489,470,470,385,100000
1,9,7,0,483669,0.000157,470,470,385,100000
1,24,22,0,182699,0.642114,495,480,385,100000
1,24,22,0,282699,0.040515,495,480,385,100000
1,24,22,0,382699,0.002556,495,480,385,100000
1,24,22,0,482699,0.000161,495,480,385,100000
1,22,20,0,181714,0.659830,410,410,385,100000
1,22,20,0,281714,0.041632,410,410,385,100000
1,22,20,0,381714,0.002627,410,410,385,100000
1,22,20,0,481714,0.000166,410,410,385,100000
1,27,25,0,168615,0.947589,415,410,385,100000
1,27,25,0,268615,0.059789,415,410,385,100000
1,27,25,0,368615,0.003772,415,410,385,100000
1,27,25,0,468615,0.000238,415,410,385,100000
1,17,15,0,175703,0.779048,410,400,385,100000
1,17,15,0,275703,0.049155,410,400,385,100000
1,17,15,0,375703,0.003101,410,400,385,100000
1,17,15,0,475703,0.000196,410,400,385,100000
1,0,-1,0,189280,0.535353,475,475,385,100000
1,0,-1,0,289280,0.033778,475,475,385,100000
1,0,-1,0,389280,0.002131,475,475,385,100000
1,0,-1,0,489280,0.000134,475,475,385,100000
1,20,18,0,172594,0.848930,440,440,385,100000
1,20,18,0,272594,0.053564,440,440,385,100000
1,20,18,0,372594,0.003380,440,440,385,100000
1,20,18,0,472594,0.000213,440,440,385,100000
1,18,16,0,169281,0.930311,415,400,385,100000
1,18,16,0,269281,0.058699,415,400,385,100000
1,18,16,0,369281,0.003704,415,400,385,100000
1,18,16,0,469281,0.000234,415,400,385,100000
1,6,4,0,178019,0.730755,400,400,385,100000
1,6,4,0,278019,0.046108,400,400,385,100000
1,6,4,0,378019,0.002909,400,400,385,100000
1,6,4,0,478019,0.000184,400,400,385,100000
1,19,17,0,150172,1.577379,510,470,385,100000
1,19,17,0,250172,0.099526,510,470,385,100000
1,19,17,0,350172,0.006280,510,470,385,100000
1,19,17,0,450172,0.000396,510,470,385,100000
1,4,2,0,167086,0.988480,470,445,385,100000
1,4,2,0,267086,0.062369,470,445,385,100000
1,4,2,0,367086,0.003935,470,445,385,100000
1,4,2,0,467086,0.000248,470,445,385,100000
1,25,23,0,180247,0.687125,400,400,385,100000
1,25,23,0,280247,0.043355,400,400,385,100000
1,25,23,0,380247,0.002735,400,400,385,100000
1,25,23,0,480247,0.000173,400,400,385,100000
1,32,30,0,165073,1.045019,415,415,385,100000
1,32,30,0,265073,0.065936,415,415,385,100000
1,32,30,0,365073,0.004160,415,415,385,100000
1,32,30,0,465073,0.000262,415,415,385,100000
1,15,13,0,164368,1.065575,470,415,385,100000
1,15,13,0,264368,0.067233,470,415,385,100000
1,15,13,0,364368,0.004242,470,415,385,100000
1,15,13,0,464368,0.000268,470,415,385,100000
1,16,14,0,171784,0.868144,505,470,385,100000
1,16,14,0,271784,0.054776,505,470,385,100000
1,16,14,0,371784,0.003456,505,470,385,100000
1,16,14,0,471784,0.000218,505,470,385,100000
1,30,28,0,171892,0.865558,445,435,385,100000
1,30,28,0,271892,0.054613,445,435,385,100000
1,30,28,0,371892,0.003446,445,435,385,100000
1,30,28,0,471892,0.000217,445,435,385,100000
1,28,26,0,185115,0.600648,425,425,385,100000
1,28,26,0,285115,0.037898,425,425,385,100000
1,28,26,0,385115,0.002391,425,425,385,100000
1,28,26,0,485115,0.000151,425,425,385,100000
1,10,8,0,180534,0.681698,440,440,385,100000
1,10,8,0,280534,0.043012,440,440,385,100000
1,10,8,0,380534,0.002714,440,440,385,100000
1,10,8,0,480534,0.000171,440,440,385,100000
1,12,10,0,170719,0.894071,410,410,385,100000
1,12,10,0,270719,0.056412,410,410,385,100000
1,12,10,0,370719,0.003559,410,410,385,100000
1,12,10,0,470719,0.000225,410,410,385,100000
1,11,9,0,194343,0.465462,385,385,385,100000
1,11,9,0,294343,0.029369,385,385,385,100000
1,11,9,0,394343,0.001853,385,385,385,100000
1,11,9,0,494343,0.000117,385,385,385,100000
1,29,27,0,155842,1.348640,460,460,385,100000
1,29,27,0,255842,0.085093,460,460,385,100000
1,29,27,0,355842,0.005369,460,460,385,100000
1,29,27,0,455842,0.000339,460,460,385,100000
1,8,6,0,184408,0.612497,400,400,385,100000
1,8,6,0,284408,0.038646,400,400,385,100000
1,8,6,0,384408,0.002438,400,400,385,100000
1,8,6,0,484408,0.000154,400,400,385,100000
1,13,11,0,192225,0.493515,410,410,385,100000
1,13,11,0,292225,0.031139,410,410,385,100000
1,13,11,0,392225,0.001965,410,410,385,100000
1,13,11,0,492225,0.000124,410,410,385,100000
1,21,19,0,188167,0.552072,465,465,385,100000
1,21,19,0,288167,0.034833,465,465,385,100000
1,21,19,0,388167,0.002198,465,465,385,100000
1,21,19,0,488167,0.000139,465,465,385,100000
1,26,24,0,178259,0.725925,495,495,385,100000
1,26,24,0,278259,0.045803,495,495,385,100000
1,26,24,0,378259,0.002890,495,495,385,100000
1,26,24,0,478259,0.000182,495,495,385,100000
1,33,31,0,157136,1.301272,485,470,385,100000
1,33,31,0,257136,0.082105,485,470,385,100000
1,33,31,0,357136,0.005180,485,470,385,100000
1,33,31,0,457136,0.000327,485,470,385,100000
1,34,32,0,195293,0.453403,410,400,385,100000
1,34,32,0,295293,0.028608,410,400,385,100000
1,34,32,0,395293,0.001805,410,400,385,100000
1,34,32,0,495293,0.000114,410,400,385,100000
1,37,35,0,205848,0.338707,440,425,385,100000
1,37,35,0,305848,0.021371,440,425,385,100000
1,37,35,0,405848,0.001348,440,425,385,100000
1,36,34,0,171750,0.868960,400,400,385,100000
1,36,34,0,271750,0.054828,400,400,385,100000
1,36,34,0,371750,0.003459,400,400,385,100000
1,36,34,0,471750,0.000218,400,400,385,100000
1,35,33,0,166415,1.006978,505,470,385,100000
1,35,33,0,266415,0.063536,505,470,385,100000
1,35,33,0,366415,0.004009,505,470,385,100000
1,35,33,0,466415,0.000253,505,470,385,100000
1,40,38,0,172444,0.852456,430,430,385,100000
1,40,38,0,272444,0.053786,430,430,385,100000
1,40,38,0,372444,0.003394,430,430,385,100000
1,40,38,0,472444,0.000214,430,430,385,100000
1,44,42,0,192497,0.489819,455,455,385,100000
1,44,42,0,292497,0.030906,455,455,385,100000
1,44,42,0,392497,0.001950,455,455,385,100000
1,44,42,0,492497,0.000123,455,455,385,100000
1,56,54,0,173342,0.831565,400,400,385,100000
1,56,54,0,273342,0.052468,400,400,385,100000
1,56,54,0,373342,0.003311,400,400,385,100000
1,56,54,0,473342,0.000209,400,400,385,100000
1,55,53,0,167878,0.967084,470,470,385,100000
1,55,53,0,267878,0.061019,470,470,385,100000
1,55,53,0,367878,0.003850,470,470,385,100000
1,55,53,0,467878,0.000243,470,470,385,100000
1,43,41,0,203180,0.364620,445,445,385,100000
1,43,41,0,303180,0.023006,445,445,385,100000
1,43,41,0,403180,0.001452,445,445,385,100000
1,42,40,0,161682,1.147667,445,415,385,100000
1,42,40,0,261682,0.072413,445,415,385,100000
1,42,40,0,361682,0.004569,445,415,385,100000
1,42,40,0,461682,0.000288,445,415,385,100000
1,54,52,0,179413,0.703144,445,400,385,100000
1,54,52,0,279413,0.044365,445,400,385,100000
1,54,52,0,379413,0.002799,445,400,385,100000
1,54,52,0,479413,0.000177,445,400,385,100000
1,60,58,0,174145,0.813317,440,440,385,100000
1,60,58,0,274145,0.051317,440,440,385,100000
1,60,58,0,374145,0.003238,440,440,385,100000
1,60,58,0,474145,0.000204,440,440,385,100000
1,41,39,0,190410,0.518896,430,430,385,100000
1,41,39,0,290410,0.032740,430,430,385,100000
1,41,39,0,390410,0.002066,430,430,385,100000
1,41,39,0,490410,0.000130,430,430,385,100000
1,39,37,0,181163,0.669952,470,470,385,100000
1,39,37,0,281163,0.042271,470,470,385,100000
1,39,37,0,381163,0.002667,470,470,385,100000
1,39,37,0,481163,0.000168,470,470,385,100000
1,45,43,0,174937,0.795712,410,410,385,100000
1,45,43,0,274937,0.050206,410,410,385,100000
1,45,43,0,374937,0.003168,410,410,385,100000
1,45,43,0,474937,0.000200,410,410,385,100000
1,38,36,0,180874,0.675324,480,480,385,100000
1,38,36,0,280874,0.042610,480,480,385,100000
1,38,36,0,380874,0.002689,480,480,385,100000
1,38,36,0,480874,0.000170,480,480,385,100000
1,46,44,0,158081,1.267734,490,460,385,100000
1,46,44,0,258081,0.079989,490,460,385,100000
1,46,44,0,358081,0.005047,490,460,385,100000
1,46,44,0,458081,0.000318,490,460,385,100000
1,52,50,0,165495,1.032904,465,430,385,100000
1,52,50,0,265495,0.065172,465,430,385,100000
1,52,50,0,365495,0.004112,465,430,385,100000
1,52,50,0,465495,0.000259,465,430,385,100000
1,51,49,0,169902,0.914484,470,440,385,100000
1,51,49,0,269902,0.057700,470,440,385,100000
1,51,49,0,369902,0.003641,470,440,385,100000
1,51,49,0,469902,0.000230,470,440,385,100000
1,49,47,0,196034,0.444214,410,410,385,100000
1,49,47,0,296034,0.028028,410,410,385,100000
1,49,47,0,396034,0.001768,410,410,385,100000
1,49,47,0,496034,0.000112,410,410,385,100000
1,63,61,0,174848,0.797671,470,455,385,100000
1,63,61,0,274848,0.050330,470,455,385,100000
1,63,61,0,374848,0.003176,470,455,385,100000
1,63,61,0,474848,0.000200,470,455,385,100000
1,47,45,0,172435,0.852668,460,440,385,100000
1,47,45,0,272435,0.053800,460,440,385,100000
1,47,45,0,372435,0.003395,460,440,385,100000
1,47,45,0,472435,0.000214,460,440,385,100000
1,50,48,0,186916,0.571489,455,455,385,100000
1,50,48,0,286916,0.036059,455,455,385,100000
1,50,48,0,386916,0.002275,455,455,385,100000
1,50,48,0,486916,0.000144,455,455,385,100000
1,57,55,0,180428,0.683698,445,430,385,100000
1,57,55,0,280428,0.043138,445,430,385,100000
1,57,55,0,380428,0.002722,445,430,385,100000
1,57,55,0,480428,0.000172,445,430,385,100000
1,58,56,0,179874,0.694244,470,470,385,100000
1,58,56,0,279874,0.043804,470,470,385,100000
1,58,56,0,379874,0.002764,470,470,385,100000
1,58,56,0,479874,0.000174,470,470,385,100000
1,48,46,0,179082,0.709604,470,470,385,100000
1,48,46,0,279082,0.044773,470,470,385,100000
1,48,46,0,379082,0.002825,470,470,385,100000
1,48,46,0,479082,0.000178,470,470,385,100000
1,59,57,0,169056,0.936112,520,440,385,100000
1,59,57,0,269056,0.059065,520,440,385,100000
1,59,57,0,369056,0.003727,520,440,385,100000
1,59,57,0,469056,0.000235,520,440,385,100000
1,53,51,0,170408,0.901787,425,410,385,100000
1,53,51,0,270408,0.056899,425,410,385,100000
1,53,51,0,370408,0.003590,425,410,385,100000
1,53,51,0,470408,0.000227,425,410,385,100000
1,64,62,0,178835,0.714463,445,440,385,100000
1,64,62,0,278835,0.045080,445,440,385,100000
1,64,62,0,378835,0.002844,445,440,385,100000
1,64,62,0,478835,0.000179,445,440,385,100000
1,62,60,0,171355,0.878496,455,455,385,100000
1,62,60,0,271355,0.055429,455,455,385,100000
1,62,60,0,371355,0.003497,455,455,385,100000
1,62,60,0,471355,0.000221,455,455,385,100000
1,61,59,0,185801,0.589370,430,415,385,100000
1,61,59,0,285801,0.037187,430,415,385,100000
1,61,59,0,385801,0.002346,430,415,385,100000
1,61,59,0,485801,0.000148,430,415,385,100000
1,65,63,0,185539,0.593652,440,440,385,100000
1,65,63,0,285539,0.037457,440,440,385,100000
1,65,63,0,385539,0.002363,440,440,385,100000
1,65,63,0,485539,0.000149,440,440,385,100000
1,69,67,0,177696,0.737306,455,445,385,100000
1,69,67,0,277696,0.046521,455,445,385,100000
1,69,67,0,377696,0.002935,455,445,385,100000
1,69,67,0,477696,0.000185,455,445,385,100000
1,79,77,0,150172,1.577379,500,395,385,100000
1,79,77,0,250172,0.099526,500,395,385,100000
1,79,77,0,350172,0.006280,500,395,385,100000
1,79,77,0,450172,0.000396,500,395,385,100000
1,68,66,0,150172,1.577379,495,475,385,100000
1,68,66,0,250172,0.099526,495,475,385,100000
1,68,66,0,350172,0.006280,495,475,385,100000
1,68,66,0,450172,0.000396,495,475,385,100000
1,67,65,0,169043,0.936449,470,410,385,100000
1,67,65,0,269043,0.059086,470,410,385,100000
1,67,65,0,369043,0.003728,470,410,385,100000
1,67,65,0,469043,0.000235,470,410,385,100000
1,71,69,0,180232,0.687410,440,430,385,100000
1,71,69,0,280232,0.043373,440,430,385,100000
1,71,69,0,380232,0.002737,440,430,385,100000
1,71,69,0,480232,0.000173,440,430,385,100000
1,73,71,0,174707,0.800785,410,410,385,100000
1,73,71,0,274707,0.050526,410,410,385,100000
1,73,71,0,374707,0.003188,410,410,385,100000
1,73,71,0,474707,0.000201,410,410,385,100000
1,70,68,0,168797,0.942836,410,410,385,100000
1,70,68,0,268797,0.059489,410,410,385,100000
1,70,68,0,368797,0.003753,410,410,385,100000
1,70,68,0,468797,0.000237,410,410,385,100000
1,75,73,0,185133,0.600349,430,430,385,100000
1,75,73,0,285133,0.037879,430,430,385,100000
1,75,73,0,385133,0.002390,430,430,385,100000
1,75,73,0,485133,0.000151,430,430,385,100000
1,76,74,0,150172,1.577379,445,415,385,100000
1,76,74,0,250172,0.099526,440,415,385,100000
1,76,74,0,350172,0.006280,440,415,385,100000
1,76,74,0,450172,0.000396,440,415,385,100000
1,74,72,0,170561,0.897983,440,440,385,100000
1,74,72,0,270561,0.056659,440,440,385,100000
1,74,72,0,370561,0.003575,440,440,385,100000
1,74,72,0,470561,0.000226,440,440,385,100000
1,78,76,0,150172,1.577379,470,400,385,100000
1,78,76,0,250172,0.099526,470,400,385,100000
1,78,76,0,350172,0.006280,470,400,385,100000
1,78,76,0,450172,0.000396,470,400,385,100000
1,77,75,0,150172,1.577379,445,410,385,100000
1,77,75,0,250172,0.099526,445,410,385,100000
1,77,75,0,350172,0.006280,445,410,385,100000
1,77,75,0,450172,0.000396,445,410,385,100000
1,72,70,0,195934,0.445443,450,450,385,100000
1,72,70,0,295934,0.028106,450,450,385,100000
1,72,70,0,395934,0.001773,450,450,385,100000
1,72,70,0,495934,0.000112,450,450,385,100000
1,66,64,0,199142,0.407658,490,475,385,100000
1,66,64,0,299142,0.025721,490,475,385,100000
1,66,64,0,399142,0.001623,490,475,385,100000
1,66,64,0,499142,0.000102,490,475,385,100000
1,80,78,0,150172,1.577379,445,385,385,100000
1,80,78,0,250172,0.099526,445,385,385,100000
1,80,78,0,350172,0.006280,445,385,385,100000
1,80,78,0,450172,0.000396,445,385,385,100000
2,13,11,0,215751,0.257625,320,320,250,100000
2,13,11,0,315751,0.016255,320,320,250,100000
2,13,11,0,415751,0.001026,320,320,250,100000
2,7,5,0,182723,0.641688,340,310,250,100000
2,7,5,0,282723,0.040488,340,310,250,100000
2,7,5,0,382723,0.002555,340,310,250,100000
2,7,5,0,482723,0.000161,340,310,250,100000
2,10,8,0,184887,0.604444,295,280,250,100000
2,10,8,0,284887,0.038138,295,280,250,100000
2,10,8,0,384887,0.002406,295,280,250,100000
2,10,8,0,484887,0.000152,295,280,250,100000
2,30,28,0,194600,0.462168,305,290,250,100000
2,30,28,0,294600,0.029161,305,290,250,100000
2,30,28,0,394600,0.001840,305,290,250,100000
2,30,28,0,494600,0.000116,305,290,250,100000
2,26,24,0,158809,1.242487,360,345,250,100000
2,26,24,0,258809,0.078396,360,345,250,100000
2,26,24,0,358809,0.004946,360,345,250,100000
2,26,24,0,458809,0.000312,360,345,250,100000
2,31,29,0,184735,0.606988,335,320,250,100000
2,31,29,0,284735,0.038298,335,320,250,100000
2,31,29,0,384735,0.002416,335,320,250,100000
2,31,29,0,484735,0.000152,335,320,250,100000
2,14,12,0,180365,0.684889,355,320,250,100000
2,14,12,0,280365,0.043214,355,320,250,100000
2,14,12,0,380365,0.002727,355,320,250,100000
2,14,12,0,480365,0.000172,355,320,250,100000
2,0,-1,0,175022,0.793846,375,345,250,100000
2,0,-1,0,275022,0.050088,375,345,250,100000
2,0,-1,0,375022,0.003160,375,345,250,100000
2,0,-1,0,475022,0.000199,375,345,250,100000
2,15,13,0,183050,0.635916,325,325,250,100000
2,15,13,0,283050,0.040124,325,325,250,100000
2,15,13,0,383050,0.002532,325,325,250,100000
2,15,13,0,483050,0.000160,325,325,250,100000
2,18,16,0,181488,0.663963,330,330,250,100000
2,18,16,0,281488,0.041893,330,330,250,100000
2,18,16,0,381488,0.002643,330,330,250,100000
2,18,16,0,481488,0.000167,330,330,250,100000
2,20,18,0,204277,0.353733,285,285,250,100000
2,20,18,0,304277,0.022319,285,285,250,100000
2,20,18,0,404277,0.001408,285,285,250,100000
2,12,10,0,198543,0.414461,250,250,250,100000
2,12,10,0,298543,0.026151,250,250,250,100000
2,12,10,0,398543,0.001650,250,250,250,100000
2,12,10,0,498543,0.000104,250,250,250,100000
2,24,22,0,174949,0.795448,380,350,250,100000
2,24,22,0,274949,0.050189,380,350,250,100000
2,24,22,0,374949,0.003167,380,350,250,100000
2,24,22,0,474949,0.000200,380,350,250,100000
2,22,20,0,194212,0.467150,295,295,250,100000
2,22,20,0,294212,0.029475,295,295,250,100000
2,22,20,0,394212,0.001860,295,295,250,100000
2,22,20,0,494212,0.000117,295,295,250,100000
2,17,15,0,196513,0.438373,320,320,250,100000
2,17,15,0,296513,0.027659,320,320,250,100000
2,17,15,0,396513,0.001745,320,320,250,100000
2,17,15,0,496513,0.000110,320,320,250,100000
2,32,30,0,185705,0.590935,305,285,250,100000
2,32,30,0,285705,0.037286,305,285,250,100000
2,32,30,0,385705,0.002353,305,285,250,100000
2,32,30,0,485705,0.000148,305,285,250,100000
2,9,7,0,152843,1.465156,375,335,250,100000
2,9,7,0,252843,0.092445,375,335,250,100000
2,9,7,0,352843,0.005833,375,335,250,100000
2,9,7,0,452843,0.000368,375,335,250,100000
2,25,23,0,187148,0.567837,300,300,250,100000
2,25,23,0,287148,0.035828,300,300,250,100000
2,25,23,0,387148,0.002261,300,300,250,100000
2,25,23,0,487148,0.000143,300,300,250,100000
2,8,6,0,198759,0.411995,315,315,250,100000
2,8,6,0,298759,0.025995,315,315,250,100000
2,8,6,0,398759,0.001640,315,315,250,100000
2,8,6,0,498759,0.000103,315,315,250,100000
2,11,9,0,183549,0.627209,285,285,250,100000
2,11,9,0,283549,0.039574,285,285,250,100000
2,11,9,0,383549,0.002497,285,285,250,100000
2,11,9,0,483549,0.000158,285,285,250,100000
2,2,0,0,179276,0.705810,345,330,250,100000
2,2,0,0,279276,0.044534,345,330,250,100000
2,2,0,0,379276,0.002810,345,330,250,100000
2,2,0,0,479276,0.000177,345,330,250,100000
2,29,27,0,182449,0.646565,285,285,250,100000
2,29,27,0,282449,0.040795,285,285,250,100000
2,29,27,0,382449,0.002574,285,285,250,100000
2,29,27,0,482449,0.000162,285,285,250,100000
2,6,4,0,178631,0.718502,345,345,250,100000
2,6,4,0,278631,0.045334,345,345,250,100000
2,6,4,0,378631,0.002860,345,345,250,100000
2,6,4,0,478631,0.000180,345,345,250,100000
2,21,19,0,172376,0.854059,360,360,250,100000
2,21,19,0,272376,0.053887,360,360,250,100000
2,21,19,0,372376,0.003400,360,360,250,100000
2,21,19,0,472376,0.000215,360,360,250,100000
2,16,14,0,218854,0.236457,330,330,250,100000
2,16,14,0,318854,0.014919,330,330,250,100000
2,16,14,0,418854,0.000941,330,330,250,100000
2,19,17,0,175642,0.780362,360,330,250,100000
2,19,17,0,275642,0.049238,360,330,250,100000
2,19,17,0,375642,0.003107,360,330,250,100000
2,19,17,0,475642,0.000196,360,330,250,100000
2,5,3,0,182883,0.638858,335,315,250,100000
2,5,3,0,282883,0.040309,335,315,250,100000
2,5,3,0,382883,0.002543,335,315,250,100000
2,5,3,0,482883,0.000160,335,315,250,100000
2,23,21,0,177566,0.739960,295,295,250,100000
2,23,21,0,277566,0.046688,295,295,250,100000
2,23,21,0,377566,0.002946,295,295,250,100000
2,23,21,0,477566,0.000186,295,295,250,100000
2,28,26,0,194353,0.465333,350,350,250,100000
2,28,26,0,294353,0.029361,350,350,250,100000
2,28,26,0,394353,0.001853,350,350,250,100000
2,28,26,0,494353,0.000117,350,350,250,100000
2,4,2,0,192790,0.485870,300,285,250,100000
2,4,2,0,292790,0.030656,300,285,250,100000
2,4,2,0,392790,0.001934,300,285,250,100000
2,4,2,0,492790,0.000122,300,285,250,100000
2,27,25,0,198271,0.417588,285,285,250,100000
2,27,25,0,298271,0.026348,285,285,250,100000
2,27,25,0,398271,0.001662,285,285,250,100000
2,27,25,0,498271,0.000105,285,285,250,100000
2,3,1,0,202807,0.368397,285,285,250,100000
2,3,1,0,302807,0.023244,285,285,250,100000
2,3,1,0,402807,0.001467,285,285,250,100000
2,35,33,0,194037,0.469414,330,330,250,100000
2,35,33,0,294037,0.029618,330,330,250,100000
2,35,33,0,394037,0.001869,330,330,250,100000
2,35,33,0,494037,0.000118,330,330,250,100000
2,33,31,0,154013,1.418548,365,360,250,100000
2,33,31,0,254013,0.089504,365,360,250,100000
2,33,31,0,354013,0.005647,365,360,250,100000
2,33,31,0,454013,0.000356,365,360,250,100000
2,38,36,0,183234,0.632692,340,325,250,100000
2,38,36,0,283234,0.039920,340,325,250,100000
2,38,36,0,383234,0.002519,340,325,250,100000
2,38,36,0,483234,0.000159,340,325,250,100000
2,37,35,0,195329,0.452952,345,345,250,100000
2,37,35,0,295329,0.028579,345,345,250,100000
2,37,35,0,395329,0.001803,345,345,250,100000
2,37,35,0,495329,0.000114,345,345,250,100000
2,42,40,0,188701,0.543986,300,285,250,100000
2,42,40,0,288701,0.034323,300,285,250,100000
2,42,40,0,388701,0.002166,300,285,250,100000
2,42,40,0,488701,0.000137,300,285,250,100000
2,34,32,0,193568,0.475537,360,345,250,100000
2,34,32,0,293568,0.030004,360,345,250,100000
2,34,32,0,393568,0.001893,360,345,250,100000
2,34,32,0,493568,0.000119,360,345,250,100000
2,44,42,0,177711,0.737001,300,300,250,100000
2,44,42,0,277711,0.046502,300,300,250,100000
2,44,42,0,377711,0.002934,300,300,250,100000
2,44,42,0,477711,0.000185,300,300,250,100000
2,51,49,0,193858,0.471741,330,305,250,100000
2,51,49,0,293858,0.029765,330,305,250,100000
2,51,49,0,393858,0.001878,330,305,250,100000
2,51,49,0,493858,0.000118,330,305,250,100000
2,49,47,0,162212,1.130983,350,350,250,100000
2,49,47,0,262212,0.071360,350,350,250,100000
2,49,47,0,362212,0.004503,350,350,250,100000
2,49,47,0,462212,0.000284,350,350,250,100000
2,52,50,0,167603,0.974460,380,325,250,100000
2,52,50,0,267603,0.061484,380,325,250,100000
2,52,50,0,367603,0.003879,380,325,250,100000
2,52,50,0,467603,0.000245,380,325,250,100000
2,40,38,0,181031,0.672400,320,320,250,100000
2,40,38,0,281031,0.042426,320,320,250,100000
2,40,38,0,381031,0.002677,320,320,250,100000
2,40,38,0,481031,0.000169,320,320,250,100000
2,46,44,0,179836,0.694973,315,315,250,100000
2,46,44,0,279836,0.043850,315,315,250,100000
2,46,44,0,379836,0.002767,315,315,250,100000
2,46,44,0,479836,0.000175,315,315,250,100000
2,36,34,0,186676,0.575292,330,280,250,100000
2,36,34,0,286676,0.036298,330,280,250,100000
2,36,34,0,386676,0.002290,330,280,250,100000
2,36,34,0,486676,0.000145,330,280,250,100000
2,41,39,0,169280,0.930336,315,300,250,100000
2,41,39,0,269280,0.058700,315,300,250,100000
2,41,39,0,369280,0.003704,315,300,250,100000
2,41,39,0,469280,0.000234,315,300,250,100000
2,45,43,0,186746,0.574180,330,330,250,100000
2,45,43,0,286746,0.036228,330,330,250,100000
2,45,43,0,386746,0.002286,330,330,250,100000
2,45,43,0,486746,0.000144,330,330,250,100000
2,48,46,0,214867,0.263995,285,285,250,100000
2,48,46,0,314867,0.016657,285,285,250,100000
2,48,46,0,414867,0.001051,285,285,250,100000
2,53,51,0,183583,0.626620,345,345,250,100000
2,53,51,0,283583,0.039537,345,345,250,100000
2,53,51,0,383583,0.002495,345,345,250,100000
2,53,51,0,483583,0.000157,345,345,250,100000
2,43,41,0,171598,0.872618,345,315,250,100000
2,43,41,0,271598,0.055058,345,315,250,100000
2,43,41,0,371598,0.003474,345,315,250,100000
2,43,41,0,471598,0.000219,345,315,250,100000
2,50,48,0,199213,0.406859,290,290,250,100000
2,50,48,0,299213,0.025671,290,290,250,100000
2,50,48,0,399213,0.001620,290,290,250,100000
2,50,48,0,499213,0.000102,290,290,250,100000
2,58,56,0,190008,0.524691,325,325,250,100000
2,58,56,0,290008,0.033106,325,325,250,100000
2,58,56,0,390008,0.002089,325,325,250,100000
2,58,56,0,490008,0.000132,325,325,250,100000
2,47,45,0,171246,0.881146,280,265,250,100000
2,47,45,0,271246,0.055597,280,265,250,100000
2,47,45,0,371246,0.003508,280,265,250,100000
2,47,45,0,471246,0.000221,280,265,250,100000
2,39,37,0,170186,0.907336,405,380,250,100000
2,39,37,0,270186,0.057249,405,380,250,100000
2,39,37,0,370186,0.003612,405,380,250,100000
2,39,37,0,470186,0.000228,405,380,250,100000
2,55,53,0,210058,0.301512,295,295,250,100000
2,55,53,0,310058,0.019024,295,295,250,100000
2,55,53,0,410058,0.001200,295,295,250,100000
2,63,61,0,190269,0.520921,250,250,250,100000
2,63,61,0,290269,0.032868,250,250,250,100000
2,63,61,0,390269,0.002074,250,250,250,100000
2,63,61,0,490269,0.000131,250,250,250,100000
2,56,54,0,186686,0.575133,290,290,250,100000
2,56,54,0,286686,0.036288,290,290,250,100000
2,56,54,0,386686,0.002290,290,290,250,100000
2,56,54,0,486686,0.000144,290,290,250,100000
2,62,60,0,181620,0.661546,285,285,250,100000
2,62,60,0,281620,0.041741,285,285,250,100000
2,62,60,0,381620,0.002634,285,285,250,100000
2,62,60,0,481620,0.000166,285,285,250,100000
2,57,55,0,208072,0.318519,295,295,250,100000
2,57,55,0,308072,0.020097,295,295,250,100000
2,57,55,0,408072,0.001268,295,295,250,100000
2,54,52,0,170898,0.889660,315,300,250,100000
2,54,52,0,270898,0.056134,315,300,250,100000
2,54,52,0,370898,0.003542,315,300,250,100000
2,54,52,0,470898,0.000223,315,300,250,100000
2,60,58,0,184312,0.614124,375,375,250,100000
2,60,58,0,284312,0.038749,375,375,250,100000
2,60,58,0,384312,0.002445,375,375,250,100000
2,60,58,0,484312,0.000154,375,375,250,100000
2,59,57,0,180478,0.682754,285,285,250,100000
2,59,57,0,280478,0.043079,285,285,250,100000
2,59,57,0,380478,0.002718,285,285,250,100000
2,59,57,0,480478,0.000171,285,285,250,100000
2,61,59,0,184802,0.605865,285,285,250,100000
2,61,59,0,284802,0.038228,285,285,250,100000
2,61,59,0,384802,0.002412,285,285,250,100000
2,61,59,0,484802,0.000152,285,285,250,100000
2,64,62,0,170531,0.898727,345,335,250,100000
2,64,62,0,270531,0.056706,345,335,250,100000
2,64,62,0,370531,0.003578,345,335,250,100000
2,64,62,0,470531,0.000226,345,335,250,100000
2,65,63,0,177518,0.740942,295,275,250,100000
2,65,63,0,277518,0.046750,295,275,250,100000
2,65,63,0,377518,0.002950,295,275,250,100000
2,65,63,0,477518,0.000186,295,275,250,100000
2,72,70,0,150172,1.577379,370,265,250,100000
2,72,70,0,250172,0.099526,370,265,250,100000
2,72,70,0,350172,0.006280,370,265,250,100000
2,72,70,0,450172,0.000396,370,265,250,100000
2,71,69,0,184342,0.613615,255,255,250,100000
2,71,69,0,284342,0.038716,255,255,250,100000
2,71,69,0,384342,0.002443,255,255,250,100000
2,71,69,0,484342,0.000154,255,255,250,100000
2,68,66,0,211432,0.290279,315,315,250,100000
2,68,66,0,311432,0.018315,315,315,250,100000
2,68,66,0,411432,0.001156,315,315,250,100000
2,70,68,0,176795,0.755892,260,260,250,100000
2,70,68,0,276795,0.047694,260,260,250,100000
2,70,68,0,376795,0.003009,260,260,250,100000
2,70,68,0,476795,0.000190,260,260,250,100000
2,67,65,0,177795,0.735292,390,370,250,100000
2,67,65,0,277795,0.046394,390,370,250,100000
2,67,65,0,377795,0.002927,390,370,250,100000
2,67,65,0,477795,0.000185,390,370,250,100000
2,66,64,0,172352,0.854626,360,360,250,100000
2,66,64,0,272352,0.053923,360,360,250,100000
2,66,64,0,372352,0.003402,360,360,250,100000
2,66,64,0,472352,0.000215,360,360,250,100000
2,73,71,0,150172,1.577379,295,250,250,100000
2,73,71,0,250172,0.099526,295,250,250,100000
2,73,71,0,350172,0.006280,295,250,250,100000
2,73,71,0,450172,0.000396,295,250,250,100000
2,69,67,0,187649,0.560031,315,315,250,100000
2,69,67,0,287649,0.035336,315,315,250,100000
2,69,67,0,387649,0.002230,315,315,250,100000
2,69,67,0,487649,0.000141,315,315,250,100000
3,26,24,0,185419,0.595624,505,505,475,100000
3,26,24,0,285419,0.037581,505,505,475,100000
3,26,24,0,385419,0.002371,505,505,475,100000
3,26,24,0,485419,0.000150,505,505,475,100000
3,2,0,0,185950,0.586949,495,495,475,100000
3,2,0,0,285950,0.037034,495,495,475,100000
3,2,0,0,385950,0.002337,495,495,475,100000
3,2,0,0,485950,0.000147,495,495,475,100000
3,31,29,0,157835,1.276380,560,550,475,100000
3,31,29,0,257835,0.080534,560,550,475,100000
3,31,29,0,357835,0.005081,560,550,475,100000
3,31,29,0,457835,0.000321,560,550,475,100000
3,22,20,0,187946,0.555454,505,505,475,100000
3,22,20,0,287946,0.035047,505,505,475,100000
3,22,20,0,387946,0.002211,505,505,475,100000
3,22,20,0,487946,0.000140,505,505,475,100000
3,28,26,0,203754,0.358882,535,520,475,100000
3,28,26,0,303754,0.022644,535,520,475,100000
3,28,26,0,403754,0.001429,535,520,475,100000
3,23,21,0,165411,1.035304,555,490,475,100000
3,23,21,0,265411,0.065323,555,490,475,100000
3,23,21,0,365411,0.004122,555,490,475,100000
3,23,21,0,465411,0.000260,555,490,475,100000
3,9,7,0,182301,0.649214,505,490,475,100000
3,9,7,0,282301,0.040963,505,490,475,100000
3,9,7,0,382301,0.002585,505,490,475,100000
3,9,7,0,482301,0.000163,505,490,475,100000
3,32,30,0,178623,0.718661,475,475,475,100000
3,32,30,0,278623,0.045344,475,475,475,100000
3,32,30,0,378623,0.002861,475,475,475,100000
3,32,30,0,478623,0.000181,475,475,475,100000
3,10,8,0,181568,0.662497,520,505,475,100000
3,10,8,0,281568,0.041801,520,505,475,100000
3,10,8,0,381568,0.002637,520,505,475,100000
3,10,8,0,481568,0.000166,520,505,475,100000
3,19,17,0,207437,0.324157,520,520,475,100000
3,19,17,0,307437,0.020453,520,520,475,100000
3,19,17,0,407437,0.001290,520,520,475,100000
3,27,25,0,186434,0.579151,565,550,475,100000
3,27,25,0,286434,0.036542,565,550,475,100000
3,27,25,0,386434,0.002306,565,550,475,100000
3,27,25,0,486434,0.000145,565,550,475,100000
3,13,11,0,180796,0.676781,520,520,475,100000
3,13,11,0,280796,0.042702,520,520,475,100000
3,13,11,0,380796,0.002694,520,520,475,100000
3,13,11,0,480796,0.000170,520,520,475,100000
3,12,10,0,181171,0.669804,545,510,475,100000
3,12,10,0,281171,0.042262,545,510,475,100000
3,12,10,0,381171,0.002667,545,510,475,100000
3,12,10,0,481171,0.000168,545,510,475,100000
3,20,18,0,189689,0.529337,565,565,475,100000
3,20,18,0,289689,0.033399,565,565,475,100000
3,20,18,0,389689,0.002107,565,565,475,100000
3,20,18,0,489689,0.000133,565,565,475,100000
3,17,15,0,187521,0.562015,530,530,475,100000
3,17,15,0,287521,0.035461,530,530,475,100000
3,17,15,0,387521,0.002237,530,530,475,100000
3,17,15,0,487521,0.000141,530,530,475,100000
3,21,19,0,216183,0.254568,485,485,475,100000
3,21,19,0,316183,0.016062,485,485,475,100000
3,21,19,0,416183,0.001013,485,485,475,100000
3,14,12,0,159875,1.206424,580,550,475,100000
3,14,12,0,259875,0.076120,580,550,475,100000
3,14,12,0,359875,0.004803,580,550,475,100000
3,14,12,0,459875,0.000303,580,550,475,100000
3,29,27,0,178860,0.713970,550,550,475,100000
3,29,27,0,278860,0.045048,550,550,475,100000
3,29,27,0,378860,0.002842,550,550,475,100000
3,29,27,0,478860,0.000179,550,550,475,100000
3,15,13,0,204558,0.350997,565,565,475,100000
3,15,13,0,304558,0.022146,565,565,475,100000
3,15,13,0,404558,0.001397,565,565,475,100000
3,7,5,0,187585,0.561022,545,530,475,100000
3,7,5,0,287585,0.035398,545,530,475,100000
3,7,5,0,387585,0.002233,545,530,475,100000
3,7,5,0,487585,0.000141,545,530,475,100000
3,25,23,0,179380,0.703785,525,525,475,100000
3,25,23,0,279380,0.044406,525,525,475,100000
3,25,23,0,379380,0.002802,525,525,475,100000
3,25,23,0,479380,0.000177,525,525,475,100000
3,11,9,0,196780,0.435151,530,530,475,100000
3,11,9,0,296780,0.027456,530,530,475,100000
3,11,9,0,396780,0.001732,530,530,475,100000
3,11,9,0,496780,0.000109,530,530,475,100000
3,5,3,0,200110,0.396899,515,515,475,100000
3,5,3,0,300110,0.025043,515,515,475,100000
3,5,3,0,400110,0.001580,515,515,475,100000
3,6,4,0,186127,0.584085,490,490,475,100000
3,6,4,0,286127,0.036853,490,490,475,100000
3,6,4,0,386127,0.002325,490,490,475,100000
3,6,4,0,486127,0.000147,490,490,475,100000
3,18,16,0,200261,0.395246,510,510,475,100000
3,18,16,0,300261,0.024938,510,510,475,100000
3,18,16,0,400261,0.001574,510,510,475,100000
3,16,14,0,165945,1.020141,610,535,475,100000
3,16,14,0,265945,0.064367,610,535,475,100000
3,16,14,0,365945,0.004061,610,535,475,100000
3,16,14,0,465945,0.000256,610,535,475,100000
3,30,28,0,198596,0.413855,535,505,475,100000
3,30,28,0,298596,0.026112,535,505,475,100000
3,30,28,0,398596,0.001648,535,505,475,100000
3,30,28,0,498596,0.000104,535,505,475,100000
3,8,6,0,181661,0.660797,535,535,475,100000
3,8,6,0,281661,0.041693,535,535,475,100000
3,8,6,0,381661,0.002631,535,535,475,100000
3,8,6,0,481661,0.000166,535,535,475,100000
3,4,2,0,183273,0.632010,515,515,475,100000
3,4,2,0,283273,0.039877,515,515,475,100000
3,4,2,0,383273,0.002516,515,515,475,100000
3,4,2,0,483273,0.000159,515,515,475,100000
3,3,1,0,181187,0.669508,495,495,475,100000
3,3,1,0,281187,0.042243,495,495,475,100000
3,3,1,0,381187,0.002665,495,495,475,100000
3,3,1,0,481187,0.000168,495,495,475,100000
3,0,-1,0,163928,1.078609,575,505,475,100000
3,0,-1,0,263928,0.068056,575,505,475,100000
3,0,-1,0,363928,0.004294,575,505,475,100000
3,0,-1,0,463928,0.000271,575,505,475,100000
3,24,22,0,171366,0.878229,510,505,475,100000
3,24,22,0,271366,0.055413,510,505,475,100000
3,24,22,0,371366,0.003496,510,505,475,100000
3,24,22,0,471366,0.000221,510,505,475,100000
3,53,51,0,198614,0.413649,490,490,455,100000
3,53,51,0,298614,0.026099,490,490,455,100000
3,53,51,0,398614,0.001647,490,490,455,100000
3,53,51,0,498614,0.000104,490,490,455,100000
3,35,33,0,185740,0.590364,510,510,455,100000
3,35,33,0,285740,0.037249,510,510,455,100000
3,35,33,0,385740,0.002350,510,510,455,100000
3,35,33,0,485740,0.000148,510,510,455,100000
3,33,31,0,173133,0.836381,540,535,455,100000
3,33,31,0,273133,0.052772,540,535,455,100000
3,33,31,0,373133,0.003330,540,535,455,100000
3,33,31,0,473133,0.000210,540,535,455,100000
3,34,32,0,191167,0.508155,525,510,455,100000
3,34,32,0,291167,0.032062,525,510,455,100000
3,34,32,0,391167,0.002023,525,510,455,100000
3,34,32,0,491167,0.000128,525,510,455,100000
3,38,36,0,157632,1.283559,565,535,455,100000
3,38,36,0,257632,0.080987,565,535,455,100000
3,38,36,0,357632,0.005110,565,535,455,100000
3,38,36,0,457632,0.000322,565,535,455,100000
3,37,35,0,195209,0.454456,605,605,455,100000
3,37,35,0,295209,0.028674,605,605,455,100000
3,37,35,0,395209,0.001809,605,605,455,100000
3,37,35,0,495209,0.000114,605,605,455,100000
3,40,38,0,191067,0.509561,585,580,455,100000
3,40,38,0,291067,0.032151,585,580,455,100000
3,40,38,0,391067,0.002029,585,580,455,100000
3,40,38,0,491067,0.000128,585,580,455,100000
3,52,50,0,198659,0.413135,480,480,455,100000
3,52,50,0,298659,0.026067,480,480,455,100000
3,52,50,0,398659,0.001645,480,480,455,100000
3,52,50,0,498659,0.000104,480,480,455,100000
3,36,34,0,176135,0.769804,490,490,455,100000
3,36,34,0,276135,0.048571,490,490,455,100000
3,36,34,0,376135,0.003065,490,490,455,100000
3,36,34,0,476135,0.000193,490,490,455,100000
3,42,40,0,186035,0.585572,455,455,455,100000
3,42,40,0,286035,0.036947,455,455,455,100000
3,42,40,0,386035,0.002331,455,455,455,100000
3,42,40,0,486035,0.000147,455,455,455,100000
3,57,55,0,200886,0.388479,530,530,455,100000
3,57,55,0,300886,0.024511,530,530,455,100000
3,57,55,0,400886,0.001547,530,530,455,100000
3,39,37,0,173133,0.836381,505,505,455,100000
3,39,37,0,273133,0.052772,505,505,455,100000
3,39,37,0,373133,0.003330,505,505,455,100000
3,39,37,0,473133,0.000210,505,505,455,100000
3,50,48,0,186233,0.582377,520,520,455,100000
3,50,48,0,286233,0.036745,520,520,455,100000
3,50,48,0,386233,0.002318,520,520,455,100000
3,50,48,0,486233,0.000146,520,520,455,100000
3,54,52,0,161980,1.138256,580,570,455,100000
3,54,52,0,261980,0.071819,580,570,455,100000
3,54,52,0,361980,0.004531,580,570,455,100000
3,54,52,0,461980,0.000286,580,570,455,100000
3,55,53,0,176813,0.755517,515,515,455,100000
3,55,53,0,276813,0.047670,515,515,455,100000
3,55,53,0,376813,0.003008,515,515,455,100000
3,55,53,0,476813,0.000190,515,515,455,100000
3,41,39,0,185625,0.592243,535,505,455,100000
3,41,39,0,285625,0.037368,535,505,455,100000
3,41,39,0,385625,0.002358,535,505,455,100000
3,41,39,0,485625,0.000149,535,505,455,100000
3,60,58,0,187732,0.558748,520,520,455,100000
3,60,58,0,287732,0.035255,520,520,455,100000
3,60,58,0,387732,0.002224,520,520,455,100000
3,60,58,0,487732,0.000140,520,520,455,100000
3,49,47,0,212388,0.282712,540,540,455,100000
3,49,47,0,312388,0.017838,540,540,455,100000
3,49,47,0,412388,0.001125,540,540,455,100000
3,47,45,0,187692,0.559366,560,555,455,100000
3,47,45,0,287692,0.035294,560,555,455,100000
3,47,45,0,387692,0.002227,560,555,455,100000
3,47,45,0,487692,0.000141,560,555,455,100000
3,56,54,0,197098,0.431344,520,520,455,100000
3,56,54,0,297098,0.027216,520,520,455,100000
3,56,54,0,397098,0.001717,520,520,455,100000
3,56,54,0,497098,0.000108,520,520,455,100000
3,48,46,0,178750,0.716143,600,560,455,100000
3,48,46,0,278750,0.045186,600,560,455,100000
3,48,46,0,378750,0.002851,600,560,455,100000
3,48,46,0,478750,0.000180,600,560,455,100000
3,45,43,0,179973,0.692347,550,520,455,100000
3,45,43,0,279973,0.043684,550,520,455,100000
3,45,43,0,379973,0.002756,550,520,455,100000
3,45,43,0,479973,0.000174,550,520,455,100000
3,51,49,0,185859,0.588426,550,550,455,100000
3,51,49,0,285859,0.037127,550,550,455,100000
3,51,49,0,385859,0.002343,550,550,455,100000
3,51,49,0,485859,0.000148,550,550,455,100000
3,43,41,0,178222,0.726668,555,555,455,100000
3,43,41,0,278222,0.045850,555,555,455,100000
3,43,41,0,378222,0.002893,555,555,455,100000
3,43,41,0,478222,0.000183,555,555,455,100000
3,58,56,0,230236,0.172651,590,590,455,100000
3,58,56,0,330236,0.010894,590,590,455,100000
3,58,56,0,430236,0.000687,590,590,455,100000
3,46,44,0,164157,1.071806,535,515,455,100000
3,46,44,0,264157,0.067626,535,515,455,100000
3,46,44,0,364157,0.004267,535,515,455,100000
3,46,44,0,464157,0.000269,535,515,455,100000
3,63,61,0,208276,0.316729,565,565,455,100000
3,63,61,0,308276,0.019984,565,565,455,100000
3,63,61,0,408276,0.001261,565,565,455,100000
3,59,57,0,186969,0.570653,535,535,455,100000
3,59,57,0,286969,0.036006,535,535,455,100000
3,59,57,0,386969,0.002272,535,535,455,100000
3,59,57,0,486969,0.000143,535,535,455,100000
3,62,60,0,207551,0.323138,500,500,455,100000
3,62,60,0,307551,0.020389,500,500,455,100000
3,62,60,0,407551,0.001286,500,500,455,100000
3,44,42,0,177229,0.746882,505,495,455,100000
3,44,42,0,277229,0.047125,505,495,455,100000
3,44,42,0,377229,0.002973,505,495,455,100000
3,44,42,0,477229,0.000188,505,495,455,100000
3,61,59,0,196620,0.437079,510,510,455,100000
3,61,59,0,296620,0.027578,510,510,455,100000
3,61,59,0,396620,0.001740,510,510,455,100000
3,61,59,0,496620,0.000110,510,510,455,100000
3,64,62,0,191276,0.506627,555,525,455,100000
3,64,62,0,291276,0.031966,555,525,455,100000
3,64,62,0,391276,0.002017,555,525,455,100000
3,64,62,0,491276,0.000127,555,525,455,100000
3,66,64,0,191622,0.501806,505,505,455,100000
3,66,64,0,291622,0.031662,505,505,455,100000
3,66,64,0,391622,0.001998,505,505,455,100000
3,66,64,0,491622,0.000126,505,505,455,100000
3,70,68,0,150172,1.577379,525,490,455,100000
3,70,68,0,250172,0.099526,525,490,455,100000
3,70,68,0,350172,0.006280,525,490,455,100000
3,70,68,0,450172,0.000396,525,490,455,100000
3,68,66,0,180198,0.688056,540,515,455,100000
3,68,66,0,280198,0.043413,540,515,455,100000
3,68,66,0,380198,0.002739,540,515,455,100000
3,68,66,0,480198,0.000173,540,515,455,100000
3,65,63,0,191001,0.510491,495,495,455,100000
3,65,63,0,291001,0.032210,495,495,455,100000
3,65,63,0,391001,0.002032,495,495,455,100000
3,65,63,0,491001,0.000128,495,495,455,100000
3,71,69,0,150172,1.577379,565,475,455,100000
3,71,69,0,250172,0.099526,565,475,455,100000
3,71,69,0,350172,0.006280,565,475,455,100000
3,71,69,0,450172,0.000396,565,475,455,100000
3,69,67,0,150172,1.577379,555,505,455,100000
3,69,67,0,250172,0.099526,555,505,455,100000
3,69,67,0,350172,0.006280,555,505,455,100000
3,69,67,0,450172,0.000396,555,505,455,100000
3,67,65,0,197775,0.423350,495,495,455,100000
3,67,65,0,297775,0.026712,495,495,455,100000
3,67,65,0,397775,0.001685,495,495,455,100000
3,67,65,0,497775,0.000106,495,495,455,100000
3,73,71,0,150172,1.577379,600,455,455,100000
3,73,71,0,250172,0.099526,600,455,455,100000
3,73,71,0,350172,0.006280,600,455,455,100000
3,73,71,0,450172,0.000396,600,455,455,100000
3,72,70,0,150172,1.577379,515,470,455,100000
3,72,70,0,250172,0.099526,515,470,455,100000
3,72,70,0,350172,0.006280,515,470,455,100000
3,72,70,0,450172,0.000396,515,470,455,100000
4,2,0,0,173845,0.820087,210,150,105,100000
4,2,0,0,273845,0.051744,210,150,105,100000
4,2,0,0,373845,0.003265,210,150,105,100000
4,2,0,0,473845,0.000206,210,150,105,100000
4,23,21,0,169318,0.929360,240,210,105,100000
4,23,21,0,269318,0.058639,240,210,105,100000
4,23,21,0,369318,0.003700,240,210,105,100000
4,23,21,0,469318,0.000233,240,210,105,100000
4,18,16,0,170772,0.892763,165,150,105,100000
4,18,16,0,270772,0.056330,165,150,105,100000
4,18,16,0,370772,0.003554,165,150,105,100000
4,18,16,0,470772,0.000224,165,150,105,100000
4,26,24,0,168957,0.938677,210,180,105,100000
4,26,24,0,268957,0.059226,210,180,105,100000
4,26,24,0,368957,0.003737,210,180,105,100000
4,26,24,0,468957,0.000236,210,180,105,100000
4,12,10,0,153199,1.450815,180,180,105,100000
4,12,10,0,253199,0.091540,180,180,105,100000
4,12,10,0,353199,0.005776,180,180,105,100000
4,12,10,0,453199,0.000364,180,180,105,100000
4,15,13,0,185276,0.597982,135,135,105,100000
4,15,13,0,285276,0.037730,135,135,105,100000
4,15,13,0,385276,0.002381,135,135,105,100000
4,15,13,0,485276,0.000150,135,135,105,100000
4,6,4,0,170638,0.896074,240,195,105,100000
4,6,4,0,270638,0.056538,240,195,105,100000
4,6,4,0,370638,0.003567,240,195,105,100000
4,6,4,0,470638,0.000225,240,195,105,100000
4,5,3,0,193627,0.474762,135,135,105,100000
4,5,3,0,293627,0.029955,135,135,105,100000
4,5,3,0,393627,0.001890,135,135,105,100000
4,5,3,0,493627,0.000119,135,135,105,100000
4,28,26,0,166316,1.009736,195,135,105,100000
4,28,26,0,266316,0.063710,195,135,105,100000
4,28,26,0,366316,0.004020,195,135,105,100000
4,28,26,0,466316,0.000254,195,135,105,100000
4,4,2,0,176051,0.771593,150,120,105,100000
4,4,2,0,276051,0.048684,150,120,105,100000
4,4,2,0,376051,0.003072,150,120,105,100000
4,4,2,0,476051,0.000194,150,120,105,100000
4,8,6,0,197714,0.424065,150,150,105,100000
4,8,6,0,297714,0.026757,150,150,105,100000
4,8,6,0,397714,0.001688,150,150,105,100000
4,8,6,0,497714,0.000107,150,150,105,100000
4,21,19,0,202053,0.376153,150,150,105,100000
4,21,19,0,302053,0.023734,150,150,105,100000
4,21,19,0,402053,0.001497,150,150,105,100000
4,3,1,0,182041,0.653895,130,130,105,100000
4,3,1,0,282041,0.041258,130,130,105,100000
4,3,1,0,382041,0.002603,130,130,105,100000
4,3,1,0,482041,0.000164,130,130,105,100000
4,14,12,0,195346,0.452739,150,150,105,100000
4,14,12,0,295346,0.028566,150,150,105,100000
4,14,12,0,395346,0.001802,150,150,105,100000
4,14,12,0,495346,0.000114,150,150,105,100000
4,10,8,0,175104,0.792049,210,180,105,100000
4,10,8,0,275104,0.049975,210,180,105,100000
4,10,8,0,375104,0.003153,210,180,105,100000
4,10,8,0,475104,0.000199,210,180,105,100000
4,30,28,0,177085,0.749860,210,180,105,100000
4,30,28,0,277085,0.047313,210,180,105,100000
4,30,28,0,377085,0.002985,210,180,105,100000
4,30,28,0,477085,0.000188,210,180,105,100000
4,31,29,0,214470,0.266907,135,135,105,100000
4,31,29,0,314470,0.016841,135,135,105,100000
4,31,29,0,414470,0.001063,135,135,105,100000
4,24,22,0,192487,0.489955,115,115,105,100000
4,24,22,0,292487,0.030914,115,115,105,100000
4,24,22,0,392487,0.001951,115,115,105,100000
4,24,22,0,492487,0.000123,115,115,105,100000
4,20,18,0,190983,0.510745,135,135,105,100000
4,20,18,0,290983,0.032226,135,135,105,100000
4,20,18,0,390983,0.002033,135,135,105,100000
4,20,18,0,490983,0.000128,135,135,105,100000
4,0,-1,0,166378,1.008008,180,180,105,100000
4,0,-1,0,266378,0.063601,180,180,105,100000
4,0,-1,0,366378,0.004013,180,180,105,100000
4,0,-1,0,466378,0.000253,180,180,105,100000
4,27,25,0,174396,0.807696,165,150,105,100000
4,27,25,0,274396,0.050962,165,150,105,100000
4,27,25,0,374396,0.003215,165,150,105,100000
4,27,25,0,474396,0.000203,165,150,105,100000
4,32,30,0,184428,0.612159,165,165,105,100000
4,32,30,0,284428,0.038625,165,165,105,100000
4,32,30,0,384428,0.002437,165,165,105,100000
4,32,30,0,484428,0.000154,165,165,105,100000
4,17,15,0,184220,0.615687,210,195,105,100000
4,17,15,0,284220,0.038847,210,195,105,100000
4,17,15,0,384220,0.002451,210,195,105,100000
4,17,15,0,484220,0.000155,210,195,105,100000
4,9,7,0,233514,0.157700,120,120,105,100000
4,9,7,0,333514,0.009950,120,120,105,100000
4,9,7,0,433514,0.000628,120,120,105,100000
4,16,14,0,199099,0.408143,105,105,105,100000
4,16,14,0,299099,0.025752,105,105,105,100000
4,16,14,0,399099,0.001625,105,105,105,100000
4,16,14,0,499099,0.000103,105,105,105,100000
4,11,9,0,160176,1.196432,205,160,105,100000
4,11,9,0,260176,0.075490,205,160,105,100000
4,11,9,0,360176,0.004763,205,160,105,100000
4,11,9,0,460176,0.000301,205,160,105,100000
4,7,5,0,189824,0.527366,160,160,105,100000
4,7,5,0,289824,0.033275,160,160,105,100000
4,7,5,0,389824,0.002099,160,160,105,100000
4,7,5,0,489824,0.000132,160,160,105,100000
4,22,20,0,176011,0.772446,160,145,105,100000
4,22,20,0,276011,0.048738,160,145,105,100000
4,22,20,0,376011,0.003075,160,145,105,100000
4,22,20,0,476011,0.000194,160,145,105,100000
4,25,23,0,188615,0.545281,170,170,105,100000
4,25,23,0,288615,0.034405,170,170,105,100000
4,25,23,0,388615,0.002171,170,170,105,100000
4,25,23,0,488615,0.000137,170,170,105,100000
4,19,17,0,160719,1.178615,240,180,105,100000
4,19,17,0,260719,0.074366,240,180,105,100000
4,19,17,0,360719,0.004692,240,180,105,100000
4,19,17,0,460719,0.000296,240,180,105,100000
4,13,11,0,164411,1.064310,210,195,105,100000
4,13,11,0,264411,0.067153,210,195,105,100000
4,13,11,0,364411,0.004237,210,195,105,100000
4,13,11,0,464411,0.000267,210,195,105,100000
4,29,27,0,197819,0.422836,150,150,105,100000
4,29,27,0,297819,0.026679,150,150,105,100000
4,29,27,0,397819,0.001683,150,150,105,100000
4,29,27,0,497819,0.000106,150,150,105,100000
4,33,31,0,172634,0.847992,205,145,90,100000
4,33,31,0,272634,0.053505,205,145,90,100000
4,33,31,0,372634,0.003376,205,145,90,100000
4,33,31,0,472634,0.000213,205,145,90,100000
4,37,35,0,174950,0.795426,205,145,90,100000
4,37,35,0,274950,0.050188,205,145,90,100000
4,37,35,0,374950,0.003167,205,145,90,100000
4,37,35,0,474950,0.000200,205,145,90,100000
4,35,33,0,182560,0.644585,175,175,90,100000
4,35,33,0,282560,0.040671,175,175,90,100000
4,35,33,0,382560,0.002566,175,175,90,100000
4,35,33,0,482560,0.000162,175,175,90,100000
4,34,32,0,204407,0.352465,150,150,90,100000
4,34,32,0,304407,0.022239,150,150,90,100000
4,34,32,0,404407,0.001403,150,150,90,100000
4,49,47,0,198247,0.417865,105,105,90,100000
4,49,47,0,298247,0.026365,105,105,90,100000
4,49,47,0,398247,0.001664,105,105,90,100000
4,49,47,0,498247,0.000105,105,105,90,100000
4,43,41,0,184947,0.603443,130,130,90,100000
4,43,41,0,284947,0.038075,130,130,90,100000
4,43,41,0,384947,0.002402,130,130,90,100000
4,43,41,0,484947,0.000152,130,130,90,100000
4,38,36,0,191204,0.507636,135,135,90,100000
4,38,36,0,291204,0.032030,135,135,90,100000
4,38,36,0,391204,0.002021,135,135,90,100000
4,38,36,0,491204,0.000128,135,135,90,100000
4,40,38,0,191474,0.503862,175,175,90,100000
4,40,38,0,291474,0.031792,175,175,90,100000
4,40,38,0,391474,0.002006,175,175,90,100000
4,40,38,0,491474,0.000127,175,175,90,100000
4,39,37,0,205555,0.341460,150,150,90,100000
4,39,37,0,305555,0.021545,150,150,90,100000
4,39,37,0,405555,0.001359,150,150,90,100000
4,44,42,0,175552,0.782305,205,190,90,100000
4,44,42,0,275552,0.049360,205,190,90,100000
4,44,42,0,375552,0.003114,205,190,90,100000
4,44,42,0,475552,0.000197,205,190,90,100000
4,45,43,0,195911,0.445726,115,115,90,100000
4,45,43,0,295911,0.028123,115,115,90,100000
4,45,43,0,395911,0.001774,115,115,90,100000
4,45,43,0,495911,0.000112,115,115,90,100000
4,42,40,0,199960,0.398547,150,150,90,100000
4,42,40,0,299960,0.025147,150,150,90,100000
4,42,40,0,399960,0.001587,150,150,90,100000
4,42,40,0,499960,0.000100,150,150,90,100000
4,52,50,0,186356,0.580401,180,180,90,100000
4,52,50,0,286356,0.036621,180,180,90,100000
4,52,50,0,386356,0.002311,180,180,90,100000
4,52,50,0,486356,0.000146,180,180,90,100000
4,47,45,0,193847,0.471885,150,150,90,100000
4,47,45,0,293847,0.029774,150,150,90,100000
4,47,45,0,393847,0.001879,150,150,90,100000
4,47,45,0,493847,0.000119,150,150,90,100000
4,51,49,0,225132,0.198800,165,165,90,100000
4,51,49,0,325132,0.012543,165,165,90,100000
4,51,49,0,425132,0.000791,165,165,90,100000
4,36,34,0,179192,0.707450,180,180,90,100000
4,36,34,0,279192,0.044637,180,180,90,100000
4,36,34,0,379192,0.002816,180,180,90,100000
4,36,34,0,479192,0.000178,180,180,90,100000
4,56,54,0,150172,1.577379,180,150,90,100000
4,56,54,0,250172,0.099526,180,150,90,100000
4,56,54,0,350172,0.006280,180,150,90,100000
4,56,54,0,450172,0.000396,180,150,90,100000
4,41,39,0,179722,0.697166,165,165,90,100000
4,41,39,0,279722,0.043988,165,165,90,100000
4,41,39,0,379722,0.002775,165,165,90,100000
4,41,39,0,479722,0.000175,165,165,90,100000
4,50,48,0,188458,0.547651,165,165,90,100000
4,50,48,0,288458,0.034554,165,165,90,100000
4,50,48,0,388458,0.002180,165,165,90,100000
4,50,48,0,488458,0.000138,165,165,90,100000
4,54,52,0,162848,1.111281,180,150,90,100000
4,54,52,0,262848,0.070117,180,150,90,100000
4,54,52,0,362848,0.004424,180,150,90,100000
4,54,52,0,462848,0.000279,180,150,90,100000
4,53,51,0,182402,0.647405,105,90,90,100000
4,53,51,0,282402,0.040848,105,90,90,100000
4,53,51,0,382402,0.002577,105,90,90,100000
4,53,51,0,482402,0.000163,105,90,90,100000
4,46,44,0,185279,0.597932,135,135,90,100000
4,46,44,0,285279,0.037727,135,135,90,100000
4,46,44,0,385279,0.002380,135,135,90,100000
4,46,44,0,485279,0.000150,135,135,90,100000
4,48,46,0,189918,0.525998,225,210,90,100000
4,48,46,0,289918,0.033188,225,210,90,100000
4,48,46,0,389918,0.002094,225,210,90,100000
4,48,46,0,489918,0.000132,225,210,90,100000
4,60,58,0,150172,1.577379,190,105,90,100000
4,60,58,0,250172,0.099526,190,105,90,100000
4,60,58,0,350172,0.006280,190,105,90,100000
4,60,58,0,450172,0.000396,190,105,90,100000
4,58,56,0,150172,1.577379,160,120,90,100000
4,58,56,0,250172,0.099526,160,120,90,100000
4,58,56,0,350172,0.006280,160,120,90,100000
4,58,56,0,450172,0.000396,160,120,90,100000
4,55,53,0,150172,1.577379,195,160,90,100000
4,55,53,0,250172,0.099526,195,160,90,100000
4,55,53,0,350172,0.006280,195,160,90,100000
4,55,53,0,450172,0.000396,195,160,90,100000
4,59,57,0,150172,1.577379,195,115,90,100000
4,59,57,0,250172,0.099526,195,115,90,100000
4,59,57,0,350172,0.006280,195,115,90,100000
4,59,57,0,450172,0.000396,195,115,90,100000
4,57,55,0,150172,1.577379,165,135,90,100000
4,57,55,0,250172,0.099526,165,135,90,100000
4,57,55,0,350172,0.006280,165,135,90,100000
4,57,55,0,450172,0.000396,165,135,90,100000
4,61,59,0,150172,1.577379,165,90,90,100000
4,61,59,0,250172,0.099526,165,90,90,100000
4,61,59,0,350172,0.006280,165,90,90,100000
4,61,59,0,450172,0.000396,165,90,90,100000
5,18,16,0,170370,0.902734,500,410,340,100000
5,18,16,0,270370,0.056959,500,410,340,100000
5,18,16,0,370370,0.003594,500,410,340,100000
5,18,16,0,470370,0.000227,500,410,340,100000
5,8,6,0,207779,0.321109,355,355,340,100000
5,8,6,0,307779,0.020261,355,355,340,100000
5,8,6,0,407779,0.001278,355,355,340,100000
5,25,23,0,194651,0.461517,405,390,340,100000
5,25,23,0,294651,0.029120,405,390,340,100000
5,25,23,0,394651,0.001837,405,390,340,100000
5,25,23,0,494651,0.000116,405,390,340,100000
5,32,30,0,205501,0.341970,360,360,340,100000
5,32,30,0,305501,0.021577,360,360,340,100000
5,32,30,0,405501,0.001361,360,360,340,100000
5,9,7,0,184921,0.603876,380,370,340,100000
5,9,7,0,284921,0.038102,380,370,340,100000
5,9,7,0,384921,0.002404,380,370,340,100000
5,9,7,0,484921,0.000152,380,370,340,100000
5,13,11,0,194018,0.469660,350,350,340,100000
5,13,11,0,294018,0.029634,350,350,340,100000
5,13,11,0,394018,0.001870,350,350,340,100000
5,13,11,0,494018,0.000118,350,350,340,100000
5,4,2,0,170531,0.898727,390,365,340,100000
5,4,2,0,270531,0.056706,390,365,340,100000
5,4,2,0,370531,0.003578,390,365,340,100000
5,4,2,0,470531,0.000226,390,365,340,100000
5,0,-1,0,198193,0.418489,360,360,340,100000
5,0,-1,0,298193,0.026405,360,360,340,100000
5,0,-1,0,398193,0.001666,360,360,340,100000
5,0,-1,0,498193,0.000105,360,360,340,100000
5,20,18,0,207085,0.327326,375,375,340,100000
5,20,18,0,307085,0.020653,375,375,340,100000
5,20,18,0,407085,0.001303,375,375,340,100000
5,14,12,0,192050,0.495907,410,410,340,100000
5,14,12,0,292050,0.031290,410,410,340,100000
5,14,12,0,392050,0.001974,410,410,340,100000
5,14,12,0,492050,0.000125,410,410,340,100000
5,19,17,0,203089,0.365538,370,370,340,100000
5,19,17,0,303089,0.023064,370,370,340,100000
5,19,17,0,403089,0.001455,370,370,340,100000
5,30,28,0,202739,0.369090,340,340,340,100000
5,30,28,0,302739,0.023288,340,340,340,100000
5,30,28,0,402739,0.001469,340,340,340,100000
5,11,9,0,187525,0.561953,375,375,340,100000
5,11,9,0,287525,0.035457,375,375,340,100000
5,11,9,0,387525,0.002237,375,375,340,100000
5,11,9,0,487525,0.000141,375,375,340,100000
5,12,10,0,177934,0.732474,400,385,340,100000
5,12,10,0,277934,0.046216,400,385,340,100000
5,12,10,0,377934,0.002916,400,385,340,100000
5,12,10,0,477934,0.000184,400,385,340,100000
5,31,29,0,199876,0.399474,350,350,340,100000
5,31,29,0,299876,0.025205,350,350,340,100000
5,31,29,0,399876,0.001590,350,350,340,100000
5,31,29,0,499876,0.000100,350,350,340,100000
5,23,21,0,210720,0.296047,350,350,340,100000
5,23,21,0,310720,0.018679,350,350,340,100000
5,23,21,0,410720,0.001179,350,350,340,100000
5,16,14,0,208180,0.317570,410,395,340,100000
5,16,14,0,308180,0.020037,410,395,340,100000
5,16,14,0,408180,0.001264,410,395,340,100000
5,5,3,0,213249,0.276065,375,375,340,100000
5,5,3,0,313249,0.017419,375,375,340,100000
5,5,3,0,413249,0.001099,375,375,340,100000
5,29,27,0,184339,0.613666,350,350,340,100000
5,29,27,0,284339,0.038720,350,350,340,100000
5,29,27,0,384339,0.002443,350,350,340,100000
5,29,27,0,484339,0.000154,350,350,340,100000
5,21,19,0,199167,0.407377,355,355,340,100000
5,21,19,0,299167,0.025704,355,355,340,100000
5,21,19,0,399167,0.001622,355,355,340,100000
5,21,19,0,499167,0.000102,355,355,340,100000
5,3,1,0,194125,0.468274,415,385,340,100000
5,3,1,0,294125,0.029546,415,385,340,100000
5,3,1,0,394125,0.001864,415,385,340,100000
5,3,1,0,494125,0.000118,415,385,340,100000
5,24,22,0,184565,0.609846,405,390,340,100000
5,24,22,0,284565,0.038479,405,390,340,100000
5,24,22,0,384565,0.002428,405,390,340,100000
5,24,22,0,484565,0.000153,405,390,340,100000
5,15,13,0,199819,0.400103,340,340,340,100000
5,15,13,0,299819,0.025245,340,340,340,100000
5,15,13,0,399819,0.001593,340,340,340,100000
5,15,13,0,499819,0.000101,340,340,340,100000
5,28,26,0,170277,0.905057,435,405,340,100000
5,28,26,0,270277,0.057105,435,405,340,100000
5,28,26,0,370277,0.003603,435,405,340,100000
5,28,26,0,470277,0.000227,435,405,340,100000
5,17,15,0,177210,0.747274,410,370,340,100000
5,17,15,0,277210,0.047150,410,370,340,100000
5,17,15,0,377210,0.002975,410,370,340,100000
5,17,15,0,477210,0.000188,410,370,340,100000
5,26,24,0,170810,0.891826,400,375,340,100000
5,26,24,0,270810,0.056270,400,375,340,100000
5,26,24,0,370810,0.003550,400,375,340,100000
5,26,24,0,470810,0.000224,400,375,340,100000
5,2,0,0,171932,0.864602,430,410,340,100000
5,2,0,0,271932,0.054553,430,410,340,100000
5,2,0,0,371932,0.003442,430,410,340,100000
5,2,0,0,471932,0.000217,430,410,340,100000
5,7,5,0,218044,0.241809,390,390,340,100000
5,7,5,0,318044,0.015257,390,390,340,100000
5,7,5,0,418044,0.000963,390,390,340,100000
5,27,25,0,222921,0.211324,370,370,340,100000
5,27,25,0,322921,0.013334,370,370,340,100000
5,27,25,0,422921,0.000841,370,370,340,100000
5,6,4,0,198869,0.410745,390,390,340,100000
5,6,4,0,298869,0.025916,390,390,340,100000
5,6,4,0,398869,0.001635,390,390,340,100000
5,6,4,0,498869,0.000103,390,390,340,100000
5,10,8,0,167475,0.977913,455,425,340,100000
5,10,8,0,267475,0.061702,455,425,340,100000
5,10,8,0,367475,0.003893,455,425,340,100000
5,10,8,0,467475,0.000246,455,425,340,100000
5,22,20,0,191650,0.501418,350,350,340,100000
5,22,20,0,291650,0.031637,350,350,340,100000
5,22,20,0,391650,0.001996,350,350,340,100000
5,22,20,0,491650,0.000126,350,350,340,100000
5,33,31,0,197758,0.423549,375,375,335,100000
5,33,31,0,297758,0.026724,375,375,335,100000
5,33,31,0,397758,0.001686,375,375,335,100000
5,33,31,0,497758,0.000106,375,375,335,100000
5,37,35,0,181975,0.655089,335,335,335,100000
5,37,35,0,281975,0.041333,335,335,335,100000
5,37,35,0,381975,0.002608,335,335,335,100000
5,37,35,0,481975,0.000165,335,335,335,100000
5,35,33,0,184028,0.618962,390,375,335,100000
5,35,33,0,284028,0.039054,390,375,335,100000
5,35,33,0,384028,0.002464,390,375,335,100000
5,35,33,0,484028,0.000155,390,375,335,100000
5,36,34,0,184201,0.616010,400,390,335,100000
5,36,34,0,284201,0.038868,400,390,335,100000
5,36,34,0,384201,0.002452,400,390,335,100000
5,36,34,0,484201,0.000155,400,390,335,100000
5,34,32,0,189838,0.527162,365,365,335,100000
5,34,32,0,289838,0.033262,365,365,335,100000
5,34,32,0,389838,0.002099,365,365,335,100000
5,34,32,0,489838,0.000132,365,365,335,100000
5,44,42,0,180445,0.683376,380,350,335,100000
5,44,42,0,280445,0.043118,380,350,335,100000
5,44,42,0,380445,0.002721,380,350,335,100000
5,44,42,0,480445,0.000172,380,350,335,100000
5,43,41,0,200400,0.393731,370,370,335,100000
5,43,41,0,300400,0.024843,370,370,335,100000
5,43,41,0,400400,0.001567,370,370,335,100000
5,50,48,0,204416,0.352377,380,380,335,100000
5,50,48,0,304416,0.022234,380,380,335,100000
5,50,48,0,404416,0.001403,380,380,335,100000
5,41,39,0,183981,0.619766,440,420,335,100000
5,41,39,0,283981,0.039105,440,420,335,100000
5,41,39,0,383981,0.002467,440,420,335,100000
5,41,39,0,483981,0.000156,440,420,335,100000
5,47,45,0,213330,0.275448,385,385,335,100000
5,47,45,0,313330,0.017380,385,385,335,100000
5,47,45,0,413330,0.001097,385,385,335,100000
5,62,60,0,175302,0.787727,350,350,335,100000
5,62,60,0,275302,0.049702,350,350,335,100000
5,62,60,0,375302,0.003136,350,350,335,100000
5,62,60,0,475302,0.000198,350,350,335,100000
5,40,38,0,183586,0.626568,405,405,335,100000
5,40,38,0,283586,0.039534,405,405,335,100000
5,40,38,0,383586,0.002494,405,405,335,100000
5,40,38,0,483586,0.000157,405,405,335,100000
5,42,40,0,173447,0.829156,405,365,335,100000
5,42,40,0,273447,0.052316,405,365,335,100000
5,42,40,0,373447,0.003301,405,365,335,100000
5,42,40,0,473447,0.000208,405,365,335,100000
5,52,50,0,191117,0.508857,440,425,335,100000
5,52,50,0,291117,0.032107,440,425,335,100000
5,52,50,0,391117,0.002026,440,425,335,100000
5,52,50,0,491117,0.000128,440,425,335,100000
5,51,49,0,207664,0.322131,370,370,335,100000
5,51,49,0,307664,0.020325,370,370,335,100000
5,51,49,0,407664,0.001282,370,370,335,100000
5,54,52,0,185981,0.586446,370,370,335,100000
5,54,52,0,285981,0.037002,370,370,335,100000
5,54,52,0,385981,0.002335,370,370,335,100000
5,54,52,0,485981,0.000147,370,370,335,100000
5,48,46,0,184936,0.603626,395,385,335,100000
5,48,46,0,284936,0.038086,395,385,335,100000
5,48,46,0,384936,0.002403,395,385,335,100000
5,48,46,0,484936,0.000152,395,385,335,100000
5,38,36,0,182866,0.639158,395,385,335,100000
5,38,36,0,282866,0.040328,395,385,335,100000
5,38,36,0,382866,0.002545,395,385,335,100000
5,38,36,0,482866,0.000161,395,385,335,100000
5,49,47,0,184308,0.614192,380,380,335,100000
5,49,47,0,284308,0.038753,380,380,335,100000
5,49,47,0,384308,0.002445,380,380,335,100000
5,49,47,0,484308,0.000154,380,380,335,100000
5,45,43,0,189234,0.536034,380,380,335,100000
5,45,43,0,289234,0.033821,380,380,335,100000
5,45,43,0,389234,0.002134,380,380,335,100000
5,45,43,0,489234,0.000135,380,380,335,100000
5,39,37,0,185043,0.601844,435,390,335,100000
5,39,37,0,285043,0.037974,435,390,335,100000
5,39,37,0,385043,0.002396,435,390,335,100000
5,39,37,0,485043,0.000151,435,390,335,100000
5,53,51,0,162258,1.129546,410,350,335,100000
5,53,51,0,262258,0.071270,410,350,335,100000
5,53,51,0,362258,0.004497,410,350,335,100000
5,53,51,0,462258,0.000284,410,350,335,100000
5,60,58,0,176903,0.753640,380,365,335,100000
5,60,58,0,276903,0.047551,380,365,335,100000
5,60,58,0,376903,0.003000,380,365,335,100000
5,60,58,0,476903,0.000189,380,365,335,100000
5,58,56,0,201209,0.385028,370,370,335,100000
5,58,56,0,301209,0.024294,370,370,335,100000
5,58,56,0,401209,0.001533,370,370,335,100000
5,46,44,0,177918,0.732798,395,380,335,100000
5,46,44,0,277918,0.046236,395,380,335,100000
5,46,44,0,377918,0.002917,395,380,335,100000
5,46,44,0,477918,0.000184,395,380,335,100000
5,59,57,0,202755,0.368927,370,370,335,100000
5,59,57,0,302755,0.023278,370,370,335,100000
5,59,57,0,402755,0.001469,370,370,335,100000
5,57,55,0,190409,0.518910,385,360,335,100000
5,57,55,0,290409,0.032741,385,360,335,100000
5,57,55,0,390409,0.002066,385,360,335,100000
5,57,55,0,490409,0.000130,385,360,335,100000
5,56,54,0,196276,0.441253,360,360,335,100000
5,56,54,0,296276,0.027841,360,360,335,100000
5,56,54,0,396276,0.001757,360,360,335,100000
5,56,54,0,496276,0.000111,360,360,335,100000
5,61,59,0,191695,0.500795,410,380,335,100000
5,61,59,0,291695,0.031598,410,380,335,100000
5,61,59,0,391695,0.001994,410,380,335,100000
5,61,59,0,491695,0.000126,410,380,335,100000
5,64,62,0,183809,0.622719,410,395,335,100000
5,64,62,0,283809,0.039291,410,395,335,100000
5,64,62,0,383809,0.002479,410,395,335,100000
5,64,62,0,483809,0.000156,410,395,335,100000
5,63,61,0,198321,0.417011,400,400,335,100000
5,63,61,0,298321,0.026312,400,400,335,100000
5,63,61,0,398321,0.001660,400,400,335,100000
5,63,61,0,498321,0.000105,400,400,335,100000
5,55,53,0,193203,0.480357,390,390,335,100000
5,55,53,0,293203,0.030308,390,390,335,100000
5,55,53,0,393203,0.001912,390,390,335,100000
5,55,53,0,493203,0.000121,390,390,335,100000
5,67,65,0,181658,0.660852,390,375,335,100000
5,67,65,0,281658,0.041697,390,375,335,100000
5,67,65,0,381658,0.002631,390,375,335,100000
5,67,65,0,481658,0.000166,390,375,335,100000
5,68,66,0,180079,0.690322,445,405,335,100000
5,68,66,0,280079,0.043556,445,405,335,100000
5,68,66,0,380079,0.002748,445,405,335,100000
5,68,66,0,480079,0.000173,445,405,335,100000
5,65,63,0,205569,0.341328,370,370,335,100000
5,65,63,0,305569,0.021536,370,370,335,100000
5,65,63,0,405569,0.001359,370,370,335,100000
5,78,76,0,150172,1.577379,365,340,335,100000
5,78,76,0,250172,0.099526,365,340,335,100000
5,78,76,0,350172,0.006280,365,340,335,100000
5,78,76,0,450172,0.000396,365,340,335,100000
5,71,69,0,202738,0.369100,390,360,335,100000
5,71,69,0,302738,0.023289,390,360,335,100000
5,71,69,0,402738,0.001469,390,360,335,100000
5,79,77,0,150172,1.577379,355,335,335,100000
5,79,77,0,250172,0.099526,355,335,335,100000
5,79,77,0,350172,0.006280,355,335,335,100000
5,79,77,0,450172,0.000396,355,335,335,100000
5,72,70,0,182370,0.647978,375,355,335,100000
5,72,70,0,282370,0.040885,375,355,335,100000
5,72,70,0,382370,0.002580,375,355,335,100000
5,72,70,0,482370,0.000163,375,355,335,100000
5,75,73,0,172173,0.858863,405,385,335,100000
5,75,73,0,272173,0.054191,405,385,335,100000
5,75,73,0,372173,0.003419,405,385,335,100000
5,75,73,0,472173,0.000216,405,385,335,100000
5,74,72,0,178146,0.728196,400,395,335,100000
5,74,72,0,278146,0.045946,400,395,335,100000
5,74,72,0,378146,0.002899,400,395,335,100000
5,74,72,0,478146,0.000183,400,395,335,100000
5,76,74,0,183451,0.628909,380,350,335,100000
5,76,74,0,283451,0.039681,380,350,335,100000
5,76,74,0,383451,0.002504,380,350,335,100000
5,76,74,0,483451,0.000158,380,350,335,100000
5,77,75,0,150172,1.577379,365,350,335,100000
5,77,75,0,250172,0.099526,365,350,335,100000
5,77,75,0,350172,0.006280,365,350,335,100000
5,77,75,0,450172,0.000396,365,350,335,100000
5,70,68,0,172470,0.851844,400,380,335,100000
5,70,68,0,272470,0.053748,400,380,335,100000
5,70,68,0,372470,0.003391,400,380,335,100000
5,70,68,0,472470,0.000214,400,380,335,100000
5,66,64,0,187210,0.566865,355,340,335,100000
5,66,64,0,287210,0.035767,355,340,335,100000
5,66,64,0,387210,0.002257,355,340,335,100000
5,66,64,0,487210,0.000142,355,340,335,100000
5,73,71,0,185252,0.598379,415,385,335,100000
5,73,71,0,285252,0.037755,415,385,335,100000
5,73,71,0,385252,0.002382,415,385,335,100000
5,73,71,0,485252,0.000150,415,385,335,100000
5,69,67,0,178712,0.716896,375,365,335,100000
5,69,67,0,278712,0.045233,375,365,335,100000
5,69,67,0,378712,0.002854,375,365,335,100000
5,69,67,0,478712,0.000180,375,365,335,100000
6,4,2,0,233833,0.156316,290,290,205,100000
6,4,2,0,333833,0.009863,290,290,205,100000
6,4,2,0,433833,0.000622,290,290,205,100000
6,13,11,0,171545,0.873897,275,275,205,100000
6,13,11,0,271545,0.055139,275,275,205,100000
6,13,11,0,371545,0.003479,275,275,205,100000
6,13,11,0,471545,0.000220,275,275,205,100000
6,25,23,0,176405,0.764082,205,205,205,100000
6,25,23,0,276405,0.048210,205,205,205,100000
6,25,23,0,376405,0.003042,205,205,205,100000
6,25,23,0,476405,0.000192,205,205,205,100000
6,24,22,0,177011,0.751394,250,250,205,100000
6,24,22,0,277011,0.047410,250,250,205,100000
6,24,22,0,377011,0.002991,250,250,205,100000
6,24,22,0,477011,0.000189,250,250,205,100000
6,17,15,0,193720,0.473544,235,220,205,100000
6,17,15,0,293720,0.029879,235,220,205,100000
6,17,15,0,393720,0.001885,235,220,205,100000
6,17,15,0,493720,0.000119,235,220,205,100000
6,16,14,0,199235,0.406612,280,280,205,100000
6,16,14,0,299235,0.025655,280,280,205,100000
6,16,14,0,399235,0.001619,280,280,205,100000
6,16,14,0,499235,0.000102,280,280,205,100000
6,2,0,0,193819,0.472250,280,280,205,100000
6,2,0,0,293819,0.029797,280,280,205,100000
6,2,0,0,393819,0.001880,280,280,205,100000
6,2,0,0,493819,0.000119,280,280,205,100000
6,11,9,0,179394,0.703513,235,235,205,100000
6,11,9,0,279394,0.044389,235,235,205,100000
6,11,9,0,379394,0.002801,235,235,205,100000
6,11,9,0,479394,0.000177,235,235,205,100000
6,18,16,0,171094,0.884855,295,270,205,100000
6,18,16,0,271094,0.055831,295,270,205,100000
6,18,16,0,371094,0.003523,295,270,205,100000
6,18,16,0,471094,0.000222,295,270,205,100000
6,29,27,0,167216,0.984936,295,255,205,100000
6,29,27,0,267216,0.062145,295,255,205,100000
6,29,27,0,367216,0.003921,295,255,205,100000
6,29,27,0,467216,0.000247,295,255,205,100000
6,31,29,0,187659,0.559876,265,260,205,100000
6,31,29,0,287659,0.035326,265,260,205,100000
6,31,29,0,387659,0.002229,265,260,205,100000
6,31,29,0,487659,0.000141,265,260,205,100000
6,26,24,0,188860,0.541602,265,265,205,100000
6,26,24,0,288860,0.034173,265,265,205,100000
6,26,24,0,388860,0.002156,265,265,205,100000
6,26,24,0,488860,0.000136,265,265,205,100000
6,21,19,0,180004,0.691755,235,235,205,100000
6,21,19,0,280004,0.043647,235,235,205,100000
6,21,19,0,380004,0.002754,235,235,205,100000
6,21,19,0,480004,0.000174,235,235,205,100000
6,22,20,0,184985,0.602809,295,280,205,100000
6,22,20,0,284985,0.038035,295,280,205,100000
6,22,20,0,384985,0.002400,295,280,205,100000
6,22,20,0,484985,0.000151,295,280,205,100000
6,27,25,0,176653,0.758864,235,235,205,100000
6,27,25,0,276653,0.047881,235,235,205,100000
6,27,25,0,376653,0.003021,235,235,205,100000
6,27,25,0,476653,0.000191,235,235,205,100000
6,15,13,0,174359,0.808522,265,230,205,100000
6,15,13,0,274359,0.051014,265,230,205,100000
6,15,13,0,374359,0.003219,265,230,205,100000
6,15,13,0,474359,0.000203,265,230,205,100000
6,3,1,0,178031,0.730513,315,315,205,100000
6,3,1,0,278031,0.046092,315,315,205,100000
6,3,1,0,378031,0.002908,315,315,205,100000
6,3,1,0,478031,0.000183,315,315,205,100000
6,5,3,0,191252,0.506963,260,245,205,100000
6,5,3,0,291252,0.031987,260,245,205,100000
6,5,3,0,391252,0.002018,260,245,205,100000
6,5,3,0,491252,0.000127,260,245,205,100000
6,28,26,0,205097,0.345809,245,245,205,100000
6,28,26,0,305097,0.021819,245,245,205,100000
6,28,26,0,405097,0.001377,245,245,205,100000
6,32,30,0,191133,0.508632,265,250,205,100000
6,32,30,0,291133,0.032093,265,250,205,100000
6,32,30,0,391133,0.002025,265,250,205,100000
6,32,30,0,491133,0.000128,265,250,205,100000
6,7,5,0,171757,0.868792,265,265,205,100000
6,7,5,0,271757,0.054817,265,265,205,100000
6,7,5,0,371757,0.003459,265,265,205,100000
6,7,5,0,471757,0.000218,265,265,205,100000
6,8,6,0,184857,0.604945,255,255,205,100000
6,8,6,0,284857,0.038169,255,255,205,100000
6,8,6,0,384857,0.002408,255,255,205,100000
6,8,6,0,484857,0.000152,255,255,205,100000
6,10,8,0,183205,0.633199,270,220,205,100000
6,10,8,0,283205,0.039952,270,220,205,100000
6,10,8,0,383205,0.002521,270,220,205,100000
6,10,8,0,483205,0.000159,270,220,205,100000
6,6,4,0,171608,0.872377,250,250,205,100000
6,6,4,0,271608,0.055043,250,250,205,100000
6,6,4,0,371608,0.003473,250,250,205,100000
6,6,4,0,471608,0.000219,250,250,205,100000
6,20,18,0,207020,0.327914,275,275,205,100000
6,20,18,0,307020,0.020690,275,275,205,100000
6,20,18,0,407020,0.001305,275,275,205,100000
6,12,10,0,202492,0.371617,255,255,205,100000
6,12,10,0,302492,0.023447,255,255,205,100000
6,12,10,0,402492,0.001479,255,255,205,100000
6,23,21,0,198024,0.420448,250,250,205,100000
6,23,21,0,298024,0.026528,250,250,205,100000
6,23,21,0,398024,0.001674,250,250,205,100000
6,23,21,0,498024,0.000106,250,250,205,100000
6,9,7,0,191400,0.504894,250,250,205,100000
6,9,7,0,291400,0.031857,250,250,205,100000
6,9,7,0,391400,0.002010,250,250,205,100000
6,9,7,0,491400,0.000127,250,250,205,100000
6,0,-1,0,154934,1.382904,355,305,205,100000
6,0,-1,0,254934,0.087255,355,305,205,100000
6,0,-1,0,354934,0.005505,355,305,205,100000
6,0,-1,0,454934,0.000347,355,305,205,100000
6,30,28,0,191546,0.502861,290,290,205,100000
6,30,28,0,291546,0.031728,290,290,205,100000
6,30,28,0,391546,0.002002,290,290,205,100000
6,30,28,0,491546,0.000126,290,290,205,100000
6,19,17,0,181732,0.659502,220,220,205,100000
6,19,17,0,281732,0.041612,220,220,205,100000
6,19,17,0,381732,0.002626,220,220,205,100000
6,19,17,0,481732,0.000166,220,220,205,100000
6,14,12,0,170397,0.902061,340,315,205,100000
6,14,12,0,270397,0.056916,340,315,205,100000
6,14,12,0,370397,0.003591,340,315,205,100000
6,14,12,0,470397,0.000227,340,315,205,100000
6,33,31,0,168474,0.951288,305,290,205,100000
6,33,31,0,268474,0.060022,305,290,205,100000
6,33,31,0,368474,0.003787,305,290,205,100000
6,33,31,0,468474,0.000239,305,290,205,100000
6,44,42,0,183833,0.622306,220,220,205,100000
6,44,42,0,283833,0.039265,220,220,205,100000
6,44,42,0,383833,0.002477,220,220,205,100000
6,44,42,0,483833,0.000156,220,220,205,100000
6,35,33,0,191633,0.501654,300,285,205,100000
6,35,33,0,291633,0.031652,300,285,205,100000
6,35,33,0,391633,0.001997,300,285,205,100000
6,35,33,0,491633,0.000126,300,285,205,100000
6,42,40,0,188269,0.550519,250,250,205,100000
6,42,40,0,288269,0.034735,250,250,205,100000
6,42,40,0,388269,0.002192,250,250,205,100000
6,42,40,0,488269,0.000138,250,250,205,100000
6,36,34,0,196062,0.443870,265,265,205,100000
6,36,34,0,296062,0.028006,265,265,205,100000
6,36,34,0,396062,0.001767,265,265,205,100000
6,36,34,0,496062,0.000111,265,265,205,100000
6,46,44,0,184649,0.608432,250,250,205,100000
6,46,44,0,284649,0.038389,250,250,205,100000
6,46,44,0,384649,0.002422,250,250,205,100000
6,46,44,0,484649,0.000153,250,250,205,100000
6,43,41,0,174936,0.795734,275,275,205,100000
6,43,41,0,274936,0.050207,275,275,205,100000
6,43,41,0,374936,0.003168,275,275,205,100000
6,43,41,0,474936,0.000200,275,275,205,100000
6,37,35,0,171677,0.870715,230,220,205,100000
6,37,35,0,271677,0.054938,230,220,205,100000
6,37,35,0,371677,0.003466,230,220,205,100000
6,37,35,0,471677,0.000219,230,220,205,100000
6,48,46,0,223599,0.207402,250,250,205,100000
6,48,46,0,323599,0.013086,250,250,205,100000
6,48,46,0,423599,0.000826,250,250,205,100000
6,40,38,0,187181,0.567320,235,235,205,100000
6,40,38,0,287181,0.035795,235,235,205,100000
6,40,38,0,387181,0.002259,235,235,205,100000
6,40,38,0,487181,0.000143,235,235,205,100000
6,38,36,0,183780,0.623218,295,280,205,100000
6,38,36,0,283780,0.039322,295,280,205,100000
6,38,36,0,383780,0.002481,295,280,205,100000
6,38,36,0,483780,0.000157,295,280,205,100000
6,49,47,0,162468,1.123011,310,310,205,100000
6,49,47,0,262468,0.070857,310,310,205,100000
6,49,47,0,362468,0.004471,310,310,205,100000
6,49,47,0,462468,0.000282,310,310,205,100000
6,45,43,0,200004,0.398063,250,235,205,100000
6,45,43,0,300004,0.025116,250,235,205,100000
6,45,43,0,400004,0.001585,250,235,205,100000
6,39,37,0,185599,0.592669,265,250,205,100000
6,39,37,0,285599,0.037395,265,250,205,100000
6,39,37,0,385599,0.002359,265,250,205,100000
6,39,37,0,485599,0.000149,265,250,205,100000
6,47,45,0,179558,0.700332,235,235,205,100000
6,47,45,0,279558,0.044188,235,235,205,100000
6,47,45,0,379558,0.002788,235,235,205,100000
6,47,45,0,479558,0.000176,235,235,205,100000
6,34,32,0,184472,0.611415,260,260,205,100000
6,34,32,0,284472,0.038578,260,260,205,100000
6,34,32,0,384472,0.002434,260,260,205,100000
6,34,32,0,484472,0.000154,260,260,205,100000
6,53,51,0,181385,0.665856,305,280,205,100000
6,53,51,0,281385,0.042013,305,280,205,100000
6,53,51,0,381385,0.002651,305,280,205,100000
6,53,51,0,481385,0.000167,305,280,205,100000
6,58,56,0,150172,1.577379,245,205,205,100000
6,58,56,0,250172,0.099526,245,205,205,100000
6,58,56,0,350172,0.006280,245,205,205,100000
6,58,56,0,450172,0.000396,245,205,205,100000
6,51,49,0,202807,0.368397,295,295,205,100000
6,51,49,0,302807,0.023244,295,295,205,100000
6,51,49,0,402807,0.001467,295,295,205,100000
6,50,48,0,170877,0.890176,310,310,205,100000
6,50,48,0,270877,0.056166,310,310,205,100000
6,50,48,0,370877,0.003544,310,310,205,100000
6,50,48,0,470877,0.000224,310,310,205,100000
6,57,55,0,150172,1.577379,325,220,205,100000
6,57,55,0,250172,0.099526,325,220,205,100000
6,57,55,0,350172,0.006280,325,220,205,100000
6,57,55,0,450172,0.000396,325,220,205,100000
6,52,50,0,190390,0.519182,280,265,205,100000
6,52,50,0,290390,0.032758,280,265,205,100000
6,52,50,0,390390,0.002067,280,265,205,100000
6,52,50,0,490390,0.000130,280,265,205,100000
6,55,53,0,150172,1.577379,275,260,205,100000
6,55,53,0,250172,0.099526,275,260,205,100000
6,55,53,0,350172,0.006280,275,260,205,100000
6,55,53,0,450172,0.000396,275,260,205,100000
6,54,52,0,160442,1.187671,320,265,205,100000
6,54,52,0,260442,0.074937,320,265,205,100000
6,54,52,0,360442,0.004728,320,265,205,100000
6,54,52,0,460442,0.000298,320,265,205,100000
6,56,54,0,150172,1.577379,295,250,205,100000
6,56,54,0,250172,0.099526,295,250,205,100000
6,56,54,0,350172,0.006280,295,250,205,100000
6,56,54,0,450172,0.000396,295,250,205,100000
6,41,39,0,162009,1.137344,340,305,205,100000
6,41,39,0,262009,0.071762,340,305,205,100000
6,41,39,0,362009,0.004528,340,305,205,100000
6,41,39,0,462009,0.000286,340,305,205,100000
7,12,10,0,201512,0.381818,260,260,200,100000
7,12,10,0,301512,0.024091,260,260,200,100000
7,12,10,0,401512,0.001520,260,260,200,100000
7,8,6,0,189955,0.525460,245,245,200,100000
7,8,6,0,289955,0.033154,245,245,200,100000
7,8,6,0,389955,0.002092,245,245,200,100000
7,8,6,0,489955,0.000132,245,245,200,100000
7,7,5,0,161748,1.145576,290,270,200,100000
7,7,5,0,261748,0.072281,290,270,200,100000
7,7,5,0,361748,0.004561,290,270,200,100000
7,7,5,0,461748,0.000288,290,270,200,100000
7,26,24,0,199820,0.400092,225,225,200,100000
7,26,24,0,299820,0.025244,225,225,200,100000
7,26,24,0,399820,0.001593,225,225,200,100000
7,26,24,0,499820,0.000100,225,225,200,100000
7,27,25,0,182179,0.651406,260,245,200,100000
7,27,25,0,282179,0.041101,260,245,200,100000
7,27,25,0,382179,0.002593,260,245,200,100000
7,27,25,0,482179,0.000164,260,245,200,100000
7,4,2,0,203362,0.362791,275,275,200,100000
7,4,2,0,303362,0.022891,275,275,200,100000
7,4,2,0,403362,0.001444,275,275,200,100000
7,5,3,0,179532,0.700835,305,290,200,100000
7,5,3,0,279532,0.044220,305,290,200,100000
7,5,3,0,379532,0.002790,305,290,200,100000
7,5,3,0,479532,0.000176,305,290,200,100000
7,32,30,0,178825,0.714661,230,215,200,100000
7,32,30,0,278825,0.045092,230,215,200,100000
7,32,30,0,378825,0.002845,230,215,200,100000
7,32,30,0,478825,0.000180,230,215,200,100000
7,15,13,0,188652,0.544723,275,275,200,100000
7,15,13,0,288652,0.034370,275,275,200,100000
7,15,13,0,388652,0.002169,275,275,200,100000
7,15,13,0,488652,0.000137,275,275,200,100000
7,13,11,0,216209,0.254385,240,240,200,100000
7,13,11,0,316209,0.016051,240,240,200,100000
7,13,11,0,416209,0.001013,240,240,200,100000
7,0,-1,0,189038,0.538944,230,220,200,100000
7,0,-1,0,289038,0.034005,230,220,200,100000
7,0,-1,0,389038,0.002146,230,220,200,100000
7,0,-1,0,489038,0.000135,230,220,200,100000
7,30,28,0,208613,0.313794,200,200,200,100000
7,30,28,0,308613,0.019799,200,200,200,100000
7,30,28,0,408613,0.001249,200,200,200,100000
7,29,27,0,196135,0.442976,250,250,200,100000
7,29,27,0,296135,0.027950,250,250,200,100000
7,29,27,0,396135,0.001764,250,250,200,100000
7,29,27,0,496135,0.000111,250,250,200,100000
7,18,16,0,175826,0.776404,290,260,200,100000
7,18,16,0,275826,0.048988,290,260,200,100000
7,18,16,0,375826,0.003091,290,260,200,100000
7,18,16,0,475826,0.000195,290,260,200,100000
7,23,21,0,189374,0.533964,280,260,200,100000
7,23,21,0,289374,0.033691,280,260,200,100000
7,23,21,0,389374,0.002126,280,260,200,100000
7,23,21,0,489374,0.000134,280,260,200,100000
7,2,0,0,183268,0.632097,305,300,200,100000
7,2,0,0,283268,0.039883,305,300,200,100000
7,2,0,0,383268,0.002516,305,300,200,100000
7,2,0,0,483268,0.000159,305,300,200,100000
7,16,14,0,166292,1.010406,285,280,200,100000
7,16,14,0,266292,0.063752,285,280,200,100000
7,16,14,0,366292,0.004022,285,280,200,100000
7,16,14,0,466292,0.000254,285,280,200,100000
7,10,8,0,195135,0.455386,270,270,200,100000
7,10,8,0,295135,0.028733,270,270,200,100000
7,10,8,0,395135,0.001813,270,270,200,100000
7,10,8,0,495135,0.000114,270,270,200,100000
7,28,26,0,202755,0.368927,260,230,200,100000
7,28,26,0,302755,0.023278,260,230,200,100000
7,28,26,0,402755,0.001469,260,230,200,100000
7,3,1,0,204036,0.356097,245,245,200,100000
7,3,1,0,304036,0.022468,245,245,200,100000
7,3,1,0,404036,0.001418,245,245,200,100000
7,31,29,0,191184,0.507916,240,240,200,100000
7,31,29,0,291184,0.032047,240,240,200,100000
7,31,29,0,391184,0.002022,240,240,200,100000
7,31,29,0,491184,0.000128,240,240,200,100000
7,21,19,0,188434,0.548014,260,260,200,100000
7,21,19,0,288434,0.034577,260,260,200,100000
7,21,19,0,388434,0.002182,260,260,200,100000
7,21,19,0,488434,0.000138,260,260,200,100000
7,22,20,0,191356,0.505508,240,240,200,100000
7,22,20,0,291356,0.031895,240,240,200,100000
7,22,20,0,391356,0.002012,240,240,200,100000
7,22,20,0,491356,0.000127,240,240,200,100000
7,19,17,0,182415,0.647172,310,250,200,100000
7,19,17,0,282415,0.040834,310,250,200,100000
7,19,17,0,382415,0.002576,310,250,200,100000
7,19,17,0,482415,0.000163,310,250,200,100000
7,24,22,0,214395,0.267461,245,245,200,100000
7,24,22,0,314395,0.016876,245,245,200,100000
7,24,22,0,414395,0.001065,245,245,200,100000
7,6,4,0,187993,0.554733,215,215,200,100000
7,6,4,0,287993,0.035001,215,215,200,100000
7,6,4,0,387993,0.002208,215,215,200,100000
7,6,4,0,487993,0.000139,215,215,200,100000
7,9,7,0,192647,0.487793,250,250,200,100000
7,9,7,0,292647,0.030778,250,250,200,100000
7,9,7,0,392647,0.001942,250,250,200,100000
7,9,7,0,492647,0.000123,250,250,200,100000
7,14,12,0,209140,0.309257,235,235,200,100000
7,14,12,0,309140,0.019513,235,235,200,100000
7,14,12,0,409140,0.001231,235,235,200,100000
7,17,15,0,201519,0.381744,250,250,200,100000
7,17,15,0,301519,0.024086,250,250,200,100000
7,17,15,0,401519,0.001520,250,250,200,100000
7,20,18,0,175558,0.782175,285,275,200,100000
7,20,18,0,275558,0.049352,285,275,200,100000
7,20,18,0,375558,0.003114,285,275,200,100000
7,20,18,0,475558,0.000196,285,275,200,100000
7,11,9,0,199902,0.399187,250,225,200,100000
7,11,9,0,299902,0.025187,250,225,200,100000
7,11,9,0,399902,0.001589,250,225,200,100000
7,11,9,0,499902,0.000100,250,225,200,100000
7,25,23,0,184661,0.608230,295,280,200,100000
7,25,23,0,284661,0.038377,295,280,200,100000
7,25,23,0,384661,0.002421,295,280,200,100000
7,25,23,0,484661,0.000153,295,280,200,100000
7,33,31,0,195369,0.452451,225,225,200,100000
7,33,31,0,295369,0.028548,225,225,200,100000
7,33,31,0,395369,0.001801,225,225,200,100000
7,33,31,0,495369,0.000114,225,225,200,100000
7,36,34,0,178473,0.721646,305,275,200,100000
7,36,34,0,278473,0.045533,305,275,200,100000
7,36,34,0,378473,0.002873,305,275,200,100000
7,36,34,0,478473,0.000181,305,275,200,100000
7,41,39,0,190955,0.511140,255,250,200,100000
7,41,39,0,290955,0.032251,255,250,200,100000
7,41,39,0,390955,0.002035,255,250,200,100000
7,41,39,0,490955,0.000128,255,250,200,100000
7,37,35,0,183969,0.619972,255,250,200,100000
7,37,35,0,283969,0.039118,255,250,200,100000
7,37,35,0,383969,0.002468,255,250,200,100000
7,37,35,0,483969,0.000156,255,250,200,100000
7,47,45,0,168304,0.955767,260,260,200,100000
7,47,45,0,268304,0.060305,260,260,200,100000
7,47,45,0,368304,0.003805,260,260,200,100000
7,47,45,0,468304,0.000240,260,260,200,100000
7,39,37,0,189044,0.538855,245,245,200,100000
7,39,37,0,289044,0.033999,245,245,200,100000
7,39,37,0,389044,0.002145,245,245,200,100000
7,39,37,0,489044,0.000135,245,245,200,100000
7,38,36,0,204977,0.346957,250,250,200,100000
7,38,36,0,304977,0.021892,250,250,200,100000
7,38,36,0,404977,0.001381,250,250,200,100000
7,43,41,0,211573,0.289151,230,230,200,100000
7,43,41,0,311573,0.018244,230,230,200,100000
7,43,41,0,411573,0.001151,230,230,200,100000
7,46,44,0,194174,0.467640,225,225,200,100000
7,46,44,0,294174,0.029506,225,225,200,100000
7,46,44,0,394174,0.001862,225,225,200,100000
7,46,44,0,494174,0.000117,225,225,200,100000
7,48,46,0,204770,0.348947,240,230,200,100000
7,48,46,0,304770,0.022017,240,230,200,100000
7,48,46,0,404770,0.001389,240,230,200,100000
7,35,33,0,199461,0.404081,280,265,200,100000
7,35,33,0,299461,0.025496,280,265,200,100000
7,35,33,0,399461,0.001609,280,265,200,100000
7,35,33,0,499461,0.000102,280,265,200,100000
7,45,43,0,185648,0.591867,260,245,200,100000
7,45,43,0,285648,0.037344,260,245,200,100000
7,45,43,0,385648,0.002356,260,245,200,100000
7,45,43,0,485648,0.000149,260,245,200,100000
7,34,32,0,194877,0.458644,260,260,200,100000
7,34,32,0,294877,0.028938,260,260,200,100000
7,34,32,0,394877,0.001826,260,260,200,100000
7,34,32,0,494877,0.000115,260,260,200,100000
7,40,38,0,161981,1.138225,290,230,200,100000
7,40,38,0,261981,0.071817,290,230,200,100000
7,40,38,0,361981,0.004531,290,230,200,100000
7,40,38,0,461981,0.000286,290,230,200,100000
7,50,48,0,187733,0.558733,255,245,200,100000
7,50,48,0,287733,0.035254,255,245,200,100000
7,50,48,0,387733,0.002224,255,245,200,100000
7,50,48,0,487733,0.000140,255,245,200,100000
7,57,55,0,207349,0.324947,225,225,200,100000
7,57,55,0,307349,0.020503,225,225,200,100000
7,57,55,0,407349,0.001294,225,225,200,100000
7,49,47,0,202986,0.366579,215,215,200,100000
7,49,47,0,302986,0.023130,215,215,200,100000
7,49,47,0,402986,0.001459,215,215,200,100000
7,44,42,0,171034,0.886323,280,250,200,100000
7,44,42,0,271034,0.055923,280,250,200,100000
7,44,42,0,371034,0.003529,280,250,200,100000
7,44,42,0,471034,0.000223,280,250,200,100000
7,42,40,0,208724,0.312833,245,245,200,100000
7,42,40,0,308724,0.019738,245,245,200,100000
7,42,40,0,408724,0.001245,245,245,200,100000
7,51,49,0,190031,0.524358,230,220,200,100000
7,51,49,0,290031,0.033085,230,220,200,100000
7,51,49,0,390031,0.002088,230,220,200,100000
7,51,49,0,490031,0.000132,230,220,200,100000
7,53,51,0,187581,0.561084,230,230,200,100000
7,53,51,0,287581,0.035402,230,230,200,100000
7,53,51,0,387581,0.002234,230,230,200,100000
7,53,51,0,487581,0.000141,230,230,200,100000
7,60,58,0,221163,0.221842,225,225,200,100000
7,60,58,0,321163,0.013997,225,225,200,100000
7,60,58,0,421163,0.000883,225,225,200,100000
7,55,53,0,179707,0.697455,270,235,200,100000
7,55,53,0,279707,0.044006,270,235,200,100000
7,55,53,0,379707,0.002777,270,235,200,100000
7,55,53,0,479707,0.000175,270,235,200,100000
7,56,54,0,192587,0.488603,250,250,200,100000
7,56,54,0,292587,0.030829,250,250,200,100000
7,56,54,0,392587,0.001945,250,250,200,100000
7,56,54,0,492587,0.000123,250,250,200,100000
7,54,52,0,204502,0.351541,250,250,200,100000
7,54,52,0,304502,0.022181,250,250,200,100000
7,54,52,0,404502,0.001400,250,250,200,100000
7,58,56,0,185978,0.586495,250,225,200,100000
7,58,56,0,285978,0.037005,250,225,200,100000
7,58,56,0,385978,0.002335,250,225,200,100000
7,58,56,0,485978,0.000147,250,225,200,100000
7,63,61,0,150172,1.577379,225,215,200,100000
7,63,61,0,250172,0.099526,225,215,200,100000
7,63,61,0,350172,0.006280,225,215,200,100000
7,63,61,0,450172,0.000396,225,215,200,100000
7,62,60,0,150172,1.577379,275,230,200,100000
7,62,60,0,250172,0.099526,275,230,200,100000
7,62,60,0,350172,0.006280,275,230,200,100000
7,62,60,0,450172,0.000396,275,230,200,100000
7,59,57,0,195158,0.455097,270,270,200,100000
7,59,57,0,295158,0.028715,270,270,200,100000
7,59,57,0,395158,0.001812,270,270,200,100000
7,59,57,0,495158,0.000114,270,270,200,100000
7,52,50,0,189033,0.539019,270,255,200,100000
7,52,50,0,289033,0.034010,270,255,200,100000
7,52,50,0,389033,0.002146,270,255,200,100000
7,52,50,0,489033,0.000135,270,255,200,100000
7,64,62,0,150172,1.577379,325,200,200,100000
7,64,62,0,250172,0.099526,325,200,200,100000
7,64,62,0,350172,0.006280,325,200,200,100000
7,64,62,0,450172,0.000396,325,200,200,100000
7,61,59,0,187185,0.567257,240,225,200,100000
7,61,59,0,287185,0.035792,240,225,200,100000
7,61,59,0,387185,0.002258,240,225,200,100000
7,61,59,0,487185,0.000142,240,225,200,100000
8,13,11,0,166239,1.011887,1715,1665,1605,100000
8,13,11,0,266239,0.063846,1715,1665,1605,100000
8,13,11,0,366239,0.004028,1715,1665,1605,100000
8,13,11,0,466239,0.000254,1715,1665,1605,100000
8,16,14,0,190713,0.514569,1675,1675,1605,100000
8,16,14,0,290713,0.032467,1675,1675,1605,100000
8,16,14,0,390713,0.002049,1675,1675,1605,100000
8,16,14,0,490713,0.000129,1675,1675,1605,100000
8,15,13,0,185925,0.587354,1685,1680,1605,100000
8,15,13,0,285925,0.037060,1685,1680,1605,100000
8,15,13,0,385925,0.002338,1685,1680,1605,100000
8,15,13,0,485925,0.000148,1685,1680,1605,100000
8,32,30,0,206422,0.333377,1635,1635,1605,100000
8,32,30,0,306422,0.021035,1635,1635,1605,100000
8,32,30,0,406422,0.001327,1635,1635,1605,100000
8,17,15,0,203457,0.361840,1630,1630,1605,100000
8,17,15,0,303457,0.022831,1630,1630,1605,100000
8,17,15,0,403457,0.001441,1630,1630,1605,100000
8,26,24,0,178663,0.717867,1635,1635,1605,100000
8,26,24,0,278663,0.045294,1635,1635,1605,100000
8,26,24,0,378663,0.002858,1635,1635,1605,100000
8,26,24,0,478663,0.000180,1635,1635,1605,100000
8,24,22,0,171061,0.885662,1700,1700,1605,100000
8,24,22,0,271061,0.055881,1700,1700,1605,100000
8,24,22,0,371061,0.003526,1700,1700,1605,100000
8,24,22,0,471061,0.000222,1700,1700,1605,100000
8,10,8,0,192842,0.485172,1635,1635,1605,100000
8,10,8,0,292842,0.030612,1635,1635,1605,100000
8,10,8,0,392842,0.001932,1635,1635,1605,100000
8,10,8,0,492842,0.000122,1635,1635,1605,100000
8,11,9,0,170550,0.898256,1605,1605,1605,100000
8,11,9,0,270550,0.056676,1605,1605,1605,100000
8,11,9,0,370550,0.003576,1605,1605,1605,100000
8,11,9,0,470550,0.000226,1605,1605,1605,100000
8,0,-1,0,196656,0.436645,1670,1670,1605,100000
8,0,-1,0,296656,0.027550,1670,1670,1605,100000
8,0,-1,0,396656,0.001738,1670,1670,1605,100000
8,0,-1,0,496656,0.000110,1670,1670,1605,100000
8,19,17,0,183771,0.623373,1700,1660,1605,100000
8,19,17,0,283771,0.039332,1700,1660,1605,100000
8,19,17,0,383771,0.002482,1700,1660,1605,100000
8,19,17,0,483771,0.000157,1700,1660,1605,100000
8,5,3,0,187395,0.563975,1625,1625,1605,100000
8,5,3,0,287395,0.035584,1625,1625,1605,100000
8,5,3,0,387395,0.002245,1625,1625,1605,100000
8,5,3,0,487395,0.000142,1625,1625,1605,100000
8,30,28,0,197842,0.422567,1695,1695,1605,100000
8,30,28,0,297842,0.026662,1695,1695,1605,100000
8,30,28,0,397842,0.001682,1695,1695,1605,100000
8,30,28,0,497842,0.000106,1695,1695,1605,100000
8,18,16,0,160843,1.174584,1680,1680,1605,100000
8,18,16,0,260843,0.074111,1680,1680,1605,100000
8,18,16,0,360843,0.004676,1680,1680,1605,100000
8,18,16,0,460843,0.000295,1680,1680,1605,100000
8,31,29,0,189204,0.536478,1670,1670,1605,100000
8,31,29,0,289204,0.033849,1670,1670,1605,100000
8,31,29,0,389204,0.002136,1670,1670,1605,100000
8,31,29,0,489204,0.000135,1670,1670,1605,100000
8,14,12,0,196106,0.443331,1640,1640,1605,100000
8,14,12,0,296106,0.027972,1640,1640,1605,100000
8,14,12,0,396106,0.001765,1640,1640,1605,100000
8,14,12,0,496106,0.000111,1640,1640,1605,100000
8,29,27,0,196139,0.442927,1665,1655,1605,100000
8,29,27,0,296139,0.027947,1665,1655,1605,100000
8,29,27,0,396139,0.001763,1665,1655,1605,100000
8,29,27,0,496139,0.000111,1665,1655,1605,100000
8,25,23,0,183747,0.623787,1685,1685,1605,100000
8,25,23,0,283747,0.039358,1685,1685,1605,100000
8,25,23,0,383747,0.002483,1685,1685,1605,100000
8,25,23,0,483747,0.000157,1685,1685,1605,100000
8,28,26,0,188431,0.548060,1710,1660,1605,100000
8,28,26,0,288431,0.034580,1710,1660,1605,100000
8,28,26,0,388431,0.002182,1710,1660,1605,100000
8,28,26,0,488431,0.000138,1710,1660,1605,100000
8,12,10,0,225796,0.195186,1645,1645,1605,100000
8,12,10,0,325796,0.012315,1645,1645,1605,100000
8,12,10,0,425796,0.000777,1645,1645,1605,100000
8,7,5,0,186142,0.583843,1710,1700,1605,100000
8,7,5,0,286142,0.036838,1710,1700,1605,100000
8,7,5,0,386142,0.002324,1710,1700,1605,100000
8,7,5,0,486142,0.000147,1710,1700,1605,100000
8,22,20,0,167508,0.977021,1680,1670,1605,100000
8,22,20,0,267508,0.061646,1680,1670,1605,100000
8,22,20,0,367508,0.003890,1680,1670,1605,100000
8,22,20,0,467508,0.000245,1680,1670,1605,100000
8,8,6,0,191835,0.498862,1655,1655,1605,100000
8,8,6,0,291835,0.031476,1655,1655,1605,100000
8,8,6,0,391835,0.001986,1655,1655,1605,100000
8,8,6,0,491835,0.000125,1655,1655,1605,100000
8,3,1,0,158512,1.252726,1710,1705,1605,100000
8,3,1,0,258512,0.079042,1710,1705,1605,100000
8,3,1,0,358512,0.004987,1710,1705,1605,100000
8,3,1,0,458512,0.000315,1710,1705,1605,100000
8,4,2,0,187683,0.559505,1605,1605,1605,100000
8,4,2,0,287683,0.035302,1605,1605,1605,100000
8,4,2,0,387683,0.002227,1605,1605,1605,100000
8,4,2,0,487683,0.000141,1605,1605,1605,100000
8,20,18,0,171387,0.877720,1710,1680,1605,100000
8,20,18,0,271387,0.055380,1710,1680,1605,100000
8,20,18,0,371387,0.003494,1710,1680,1605,100000
8,20,18,0,471387,0.000220,1710,1680,1605,100000
8,21,19,0,214176,0.269084,1650,1650,1605,100000
8,21,19,0,314176,0.016978,1650,1650,1605,100000
8,21,19,0,414176,0.001071,1650,1650,1605,100000
8,9,7,0,167503,0.977156,1700,1660,1605,100000
8,9,7,0,267503,0.061654,1700,1660,1605,100000
8,9,7,0,367503,0.003890,1700,1660,1605,100000
8,9,7,0,467503,0.000245,1700,1660,1605,100000
8,27,25,0,196453,0.439101,1650,1650,1605,100000
8,27,25,0,296453,0.027705,1650,1650,1605,100000
8,27,25,0,396453,0.001748,1650,1650,1605,100000
8,27,25,0,496453,0.000110,1650,1650,1605,100000
8,6,4,0,193485,0.476628,1605,1605,1605,100000
8,6,4,0,293485,0.030073,1605,1605,1605,100000
8,6,4,0,393485,0.001897,1605,1605,1605,100000
8,6,4,0,493485,0.000120,1605,1605,1605,100000
8,2,0,0,176527,0.761511,1685,1655,1605,100000
8,2,0,0,276527,0.048048,1685,1655,1605,100000
8,2,0,0,376527,0.003032,1685,1655,1605,100000
8,2,0,0,476527,0.000191,1685,1655,1605,100000
8,23,21,0,182876,0.638981,1645,1645,1605,100000
8,23,21,0,282876,0.040317,1645,1645,1605,100000
8,23,21,0,382876,0.002544,1645,1645,1605,100000
8,23,21,0,482876,0.000161,1645,1645,1605,100000
8,34,32,0,197438,0.427311,1680,1680,1605,100000
8,34,32,0,297438,0.026961,1680,1680,1605,100000
8,34,32,0,397438,0.001701,1680,1680,1605,100000
8,34,32,0,497438,0.000107,1680,1680,1605,100000
8,35,33,0,186063,0.585119,1660,1660,1605,100000
8,35,33,0,286063,0.036918,1660,1660,1605,100000
8,35,33,0,386063,0.002329,1660,1660,1605,100000
8,35,33,0,486063,0.000147,1660,1660,1605,100000
8,39,37,0,168115,0.960771,1720,1670,1605,100000
8,39,37,0,268115,0.060621,1720,1670,1605,100000
8,39,37,0,368115,0.003825,1720,1670,1605,100000
8,39,37,0,468115,0.000241,1720,1670,1605,100000
8,33,31,0,206241,0.335049,1630,1630,1605,100000
8,33,31,0,306241,0.021140,1630,1630,1605,100000
8,33,31,0,406241,0.001334,1630,1630,1605,100000
8,37,35,0,201924,0.377496,1650,1650,1605,100000
8,37,35,0,301924,0.023818,1650,1650,1605,100000
8,37,35,0,401924,0.001503,1650,1650,1605,100000
8,42,40,0,202181,0.374825,1695,1695,1605,100000
8,42,40,0,302181,0.023650,1695,1695,1605,100000
8,42,40,0,402181,0.001492,1695,1695,1605,100000
8,43,41,0,196368,0.440133,1670,1665,1605,100000
8,43,41,0,296368,0.027771,1670,1665,1605,100000
8,43,41,0,396368,0.001752,1670,1665,1605,100000
8,43,41,0,496368,0.000111,1670,1665,1605,100000
8,53,51,0,180384,0.684529,1730,1715,1605,100000
8,53,51,0,280384,0.043191,1730,1715,1605,100000
8,53,51,0,380384,0.002725,1730,1715,1605,100000
8,53,51,0,480384,0.000172,1730,1715,1605,100000
8,41,39,0,186608,0.576373,1680,1670,1605,100000
8,41,39,0,286608,0.036367,1680,1670,1605,100000
8,41,39,0,386608,0.002295,1680,1670,1605,100000
8,41,39,0,486608,0.000145,1680,1670,1605,100000
8,47,45,0,188386,0.548742,1690,1690,1605,100000
8,47,45,0,288386,0.034623,1690,1690,1605,100000
8,47,45,0,388386,0.002185,1690,1690,1605,100000
8,47,45,0,488386,0.000138,1690,1690,1605,100000
8,38,36,0,179117,0.708918,1670,1660,1605,100000
8,38,36,0,279117,0.044730,1670,1660,1605,100000
8,38,36,0,379117,0.002822,1670,1660,1605,100000
8,38,36,0,479117,0.000178,1670,1660,1605,100000
8,50,48,0,186176,0.583295,1645,1645,1605,100000
8,50,48,0,286176,0.036803,1645,1645,1605,100000
8,50,48,0,386176,0.002322,1645,1645,1605,100000
8,50,48,0,486176,0.000147,1645,1645,1605,100000
8,40,38,0,189908,0.526143,1605,1605,1605,100000
8,40,38,0,289908,0.033197,1605,1605,1605,100000
8,40,38,0,389908,0.002095,1605,1605,1605,100000
8,40,38,0,489908,0.000132,1605,1605,1605,100000
8,56,54,0,184190,0.616198,1640,1640,1605,100000
8,56,54,0,284190,0.038879,1640,1640,1605,100000
8,56,54,0,384190,0.002453,1640,1640,1605,100000
8,56,54,0,484190,0.000155,1640,1640,1605,100000
8,52,50,0,172373,0.854130,1670,1670,1605,100000
8,52,50,0,272373,0.053892,1670,1670,1605,100000
8,52,50,0,372373,0.003400,1670,1670,1605,100000
8,52,50,0,472373,0.000215,1670,1670,1605,100000
8,57,55,0,207878,0.320231,1700,1695,1605,100000
8,57,55,0,307878,0.020205,1700,1695,1605,100000
8,57,55,0,407878,0.001275,1700,1695,1605,100000
8,54,52,0,180559,0.681227,1640,1640,1605,100000
8,54,52,0,280559,0.042983,1640,1640,1605,100000
8,54,52,0,380559,0.002712,1640,1640,1605,100000
8,54,52,0,480559,0.000171,1640,1640,1605,100000
8,60,58,0,150172,1.577379,1685,1670,1605,100000
8,60,58,0,250172,0.099526,1685,1670,1605,100000
8,60,58,0,350172,0.006280,1685,1670,1605,100000
8,60,58,0,450172,0.000396,1685,1670,1605,100000
8,59,57,0,150172,1.577379,1735,1680,1605,100000
8,59,57,0,250172,0.099526,1735,1680,1605,100000
8,59,57,0,350172,0.006280,1735,1680,1605,100000
8,59,57,0,450172,0.000396,1735,1680,1605,100000
8,49,47,0,176492,0.762247,1700,1685,1605,100000
8,49,47,0,276492,0.048095,1700,1685,1605,100000
8,49,47,0,376492,0.003035,1700,1685,1605,100000
8,49,47,0,476492,0.000191,1700,1685,1605,100000
8,48,46,0,169974,0.912666,1690,1685,1605,100000
8,48,46,0,269974,0.057585,1690,1685,1605,100000
8,48,46,0,369974,0.003633,1690,1685,1605,100000
8,48,46,0,469974,0.000229,1690,1685,1605,100000
8,58,56,0,201052,0.386702,1670,1660,1605,100000
8,58,56,0,301052,0.024399,1670,1660,1605,100000
8,58,56,0,401052,0.001539,1670,1660,1605,100000
8,44,42,0,187129,0.568136,1720,1670,1605,100000
8,44,42,0,287129,0.035847,1720,1670,1605,100000
8,44,42,0,387129,0.002262,1720,1670,1605,100000
8,44,42,0,487129,0.000143,1720,1670,1605,100000
8,55,53,0,186005,0.586057,1635,1635,1605,100000
8,55,53,0,286005,0.036978,1635,1635,1605,100000
8,55,53,0,386005,0.002333,1635,1635,1605,100000
8,55,53,0,486005,0.000147,1635,1635,1605,100000
8,63,61,0,150172,1.577379,1690,1635,1605,100000
8,63,61,0,250172,0.099526,1690,1635,1605,100000
8,63,61,0,350172,0.006280,1690,1635,1605,100000
8,63,61,0,450172,0.000396,1690,1635,1605,100000
8,45,43,0,202925,0.367198,1640,1625,1605,100000
8,45,43,0,302925,0.023169,1640,1625,1605,100000
8,45,43,0,402925,0.001462,1640,1625,1605,100000
8,62,60,0,150172,1.577379,1700,1660,1605,100000
8,62,60,0,250172,0.099526,1690,1660,1605,100000
8,62,60,0,350172,0.006280,1690,1660,1605,100000
8,62,60,0,450172,0.000396,1690,1660,1605,100000
8,51,49,0,191532,0.503056,1700,1700,1605,100000
8,51,49,0,291532,0.031741,1700,1700,1605,100000
8,51,49,0,391532,0.002003,1700,1700,1605,100000
8,51,49,0,491532,0.000126,1700,1700,1605,100000
8,46,44,0,184584,0.609526,1690,1680,1605,100000
8,46,44,0,284584,0.038458,1690,1680,1605,100000
8,46,44,0,384584,0.002427,1690,1680,1605,100000
8,46,44,0,484584,0.000153,1690,1680,1605,100000
8,64,62,0,150172,1.577379,1715,1620,1605,100000
8,64,62,0,250172,0.099526,1715,1620,1605,100000
8,64,62,0,350172,0.006280,1715,1620,1605,100000
8,64,62,0,450172,0.000396,1715,1620,1605,100000
8,61,59,0,150172,1.577379,1675,1665,1605,100000
8,61,59,0,250172,0.099526,1675,1665,1605,100000
8,61,59,0,350172,0.006280,1675,1665,1605,100000
8,61,59,0,450172,0.000396,1675,1665,1605,100000
8,36,34,0,185426,0.595509,1645,1645,1605,100000
8,36,34,0,285426,0.037574,1645,1645,1605,100000
8,36,34,0,385426,0.002371,1645,1645,1605,100000
8,36,34,0,485426,0.000150,1645,1645,1605,100000
8,65,63,0,150172,1.577379,1660,1605,1605,100000
8,65,63,0,250172,0.099526,1660,1605,1605,100000
8,65,63,0,350172,0.006280,1660,1605,1605,100000
8,65,63,0,450172,0.000396,1660,1605,1605,100000
