worker_id,parent_worker_id,week,seed,depth,start_time_ms,finish_time_ms,finish_candidate,initial_temperature,final_temperature,temperature_at_best,best_candidate,plateau_count,branch_count,produced_global_best,final_penalty,best_penalty,start_penalty
31,29,1,202,15,0,1270,500000,100.000000,0.000100,11.084804,79607,4,0,0,470,470,1580
7,5,1,202,3,0,1278,500000,100.000000,0.000100,9.466120,85320,4,1,0,415,400,3155
14,12,1,202,7,0,1281,500000,100.000000,0.000100,11.278205,78981,4,2,1,415,385,2465
2,0,1,202,1,0,1285,500000,100.000000,0.000100,15.182665,68222,4,14,0,485,485,3710
5,3,1,202,2,0,1287,500000,100.000000,0.000100,13.885579,71454,4,9,0,440,410,3340
3,1,1,202,1,0,1301,500000,100.000000,0.000100,22.940559,53284,4,4,0,510,505,3640
23,21,1,202,11,0,1305,500000,100.000000,0.000100,8.632091,88658,4,1,0,440,440,1860
9,7,1,202,4,0,1307,500000,100.000000,0.000100,9.907954,83669,4,0,0,470,470,2860
24,22,1,202,12,0,1307,500000,100.000000,0.000100,10.177099,82699,4,1,0,495,480,1840
22,20,1,202,11,0,1310,500000,100.000000,0.000100,10.457888,81714,4,1,0,410,410,1905
27,25,1,202,13,0,1313,500000,100.000000,0.000100,15.018688,68615,4,0,0,415,410,1715
17,15,1,202,8,0,1320,500000,100.000000,0.000100,12.347414,75703,4,0,0,410,400,2055
0,-1,1,202,0,0,1330,500000,100.000000,0.000100,8.485003,89280,4,16,0,475,475,3800
20,18,1,202,10,0,1327,500000,100.000000,0.000100,13.455009,72594,4,0,0,440,440,1955
18,16,1,202,9,0,1331,500000,100.000000,0.000100,14.744838,69281,4,6,0,415,400,2025
6,4,1,202,3,0,1333,500000,100.000000,0.000100,11.582012,78019,4,0,0,400,400,3185
19,17,1,202,9,0,1339,500000,100.000000,0.000100,26.496957,48068,4,2,0,510,470,1965
4,2,1,202,2,0,1340,500000,100.000000,0.000100,15.666789,67086,4,9,0,470,445,3490
25,23,1,202,12,0,1341,500000,100.000000,0.000100,10.890505,80247,4,0,0,400,400,1820
32,30,1,202,16,0,1344,500000,100.000000,0.000100,16.562886,65073,4,0,0,415,415,1550
15,13,1,202,7,0,1345,500000,100.000000,0.000100,16.888691,64368,4,4,0,470,415,2300
16,14,1,202,8,0,1343,500000,100.000000,0.000100,13.759543,71784,4,0,0,505,470,2220
30,28,1,202,15,0,1346,500000,100.000000,0.000100,13.718543,71892,4,0,0,445,435,1610
28,26,1,202,14,0,1354,500000,100.000000,0.000100,9.519892,85115,4,0,0,425,425,1700
10,8,1,202,5,0,1359,500000,100.000000,0.000100,10.804483,80534,4,0,0,440,440,2850
12,10,1,202,6,0,1359,500000,100.000000,0.000100,14.170462,70719,4,2,0,410,410,2580
11,9,1,202,5,0,1366,500000,100.000000,0.000100,7.377275,94343,4,2,1,385,385,2730
29,27,1,202,14,0,1375,500000,100.000000,0.000100,21.375092,55842,4,4,0,460,460,1685
8,6,1,202,4,0,1380,500000,100.000000,0.000100,9.707692,84408,4,0,0,400,400,2920
13,11,1,202,6,0,1382,500000,100.000000,0.000100,7.821895,92225,4,1,0,410,410,2530
21,19,1,202,10,0,1383,500000,100.000000,0.000100,8.749999,88167,4,0,0,465,465,1930
26,24,1,202,13,0,1382,500000,100.000000,0.000100,11.505460,78259,4,0,0,495,495,1760
33,31,1,202,16,0,1302,500000,100.000000,0.000100,20.624337,57136,4,0,0,485,470,1530
34,32,1,202,17,0,1330,500000,100.000000,0.000100,7.186145,95293,4,0,0,410,400,1440
37,35,1,202,18,0,1331,500000,100.000000,0.000100,5.368290,105848,3,0,0,440,425,1385
36,34,1,202,18,0,1337,500000,100.000000,0.000100,13.772475,71750,4,0,0,400,400,1415
35,33,1,202,17,0,1341,500000,100.000000,0.000100,15.959967,66415,4,0,0,505,470,1430
40,38,1,202,20,0,1319,500000,100.000000,0.000100,13.510891,72444,4,0,0,430,430,1255
44,42,1,202,22,0,1309,500000,100.000000,0.000100,7.763329,92497,4,0,0,455,455,1085
56,54,1,202,28,0,1298,500000,100.000000,0.000100,13.179775,73342,4,0,0,400,400,755
55,53,1,202,27,0,1306,500000,100.000000,0.000100,15.327665,67878,4,0,0,470,470,780
43,41,1,202,21,0,1344,500000,100.000000,0.000100,5.778991,103180,3,0,0,445,445,1105
42,40,1,202,21,0,1347,500000,100.000000,0.000100,18.189803,61682,4,0,0,445,415,1210
54,52,1,202,27,0,1318,500000,100.000000,0.000100,11.144382,79413,4,0,0,445,400,825
60,58,1,202,30,0,1292,500000,100.000000,0.000100,12.890566,74145,4,0,0,440,440,650
41,39,1,202,20,0,1359,500000,100.000000,0.000100,8.224169,90410,4,0,0,430,430,1240
39,37,1,202,19,0,1364,500000,100.000000,0.000100,10.618325,81163,4,0,0,470,470,1305
45,43,1,202,22,0,1349,500000,100.000000,0.000100,12.611536,74937,4,0,0,410,410,1055
38,36,1,202,19,0,1378,500000,100.000000,0.000100,10.703455,80874,4,0,0,480,480,1325
46,44,1,202,23,0,1351,500000,100.000000,0.000100,20.092779,58081,4,0,0,490,460,1020
52,50,1,202,26,0,1339,500000,100.000000,0.000100,16.370879,65495,4,0,0,465,430,840
51,49,1,202,25,0,1344,500000,100.000000,0.000100,14.493991,69902,4,0,0,470,440,900
49,47,1,202,24,0,1348,500000,100.000000,0.000100,7.040508,96034,4,0,0,410,410,930
63,61,1,202,31,0,1304,500000,100.000000,0.000100,12.642588,74848,4,0,0,470,455,600
47,45,1,202,23,0,1360,500000,100.000000,0.000100,13.514252,72435,4,0,0,460,440,1005
50,48,1,202,25,0,1337,500000,100.000000,0.000100,9.057743,86916,4,0,0,455,455,920
57,55,1,202,28,0,1335,500000,100.000000,0.000100,10.836175,80428,4,0,0,445,430,730
58,56,1,202,29,0,1337,500000,100.000000,0.000100,11.003327,79874,4,0,0,470,470,670
48,46,1,202,24,0,1368,500000,100.000000,0.000100,11.246775,79082,4,0,0,470,470,960
59,57,1,202,29,0,1339,500000,100.000000,0.000100,14.836792,69056,4,0,0,520,440,655
53,51,1,202,26,0,1360,500000,100.000000,0.000100,14.292757,70408,4,0,0,425,410,830
64,62,1,202,32,0,1342,500000,100.000000,0.000100,11.323795,78835,4,0,0,445,440,570
62,60,1,202,31,0,1361,500000,100.000000,0.000100,13.923615,71355,4,0,0,455,455,625
61,59,1,202,30,0,1370,500000,100.000000,0.000100,9.341143,85801,4,0,0,430,415,635
65,63,1,202,32,0,974,500000,100.000000,0.000100,9.409012,85539,4,0,0,440,440,535
69,67,1,202,34,0,962,500000,100.000000,0.000100,11.685842,77696,4,0,0,455,445,500
79,77,1,202,39,0,945,500000,100.000000,0.000100,0.000000,0,4,0,0,500,395,395
68,66,1,202,34,0,997,500000,100.000000,0.000100,99.977898,9,4,0,0,495,475,505
67,65,1,202,33,0,1006,500000,100.000000,0.000100,14.842122,69043,4,0,0,470,410,515
71,69,1,202,35,0,1002,500000,100.000000,0.000100,10.895019,80232,4,0,0,440,430,470
73,71,1,202,36,0,990,500000,100.000000,0.000100,12.691940,74707,4,0,0,410,410,455
70,68,1,202,35,0,1028,500000,100.000000,0.000100,14.943351,68797,4,0,0,410,410,485
75,73,1,202,37,0,997,500000,100.000000,0.000100,9.515158,85133,4,0,0,430,430,440
76,74,1,202,38,0,1004,500000,100.000000,0.000100,0.000000,0,4,0,0,440,415,415
74,72,1,202,37,0,1016,500000,100.000000,0.000100,14.232461,70561,4,0,0,440,440,445
78,76,1,202,39,0,1015,500000,100.000000,0.000100,0.000000,0,4,0,0,470,400,400
77,75,1,202,38,0,1016,500000,100.000000,0.000100,0.000000,0,4,0,0,445,410,410
72,70,1,202,36,0,1039,500000,100.000000,0.000100,7.059989,95934,4,0,0,450,450,460
66,64,1,202,33,0,1089,500000,100.000000,0.000100,6.461123,99142,4,0,0,490,475,530
80,78,1,202,40,0,1025,500000,100.000000,0.000100,0.000000,0,4,0,1,445,385,385
13,11,2,202,6,0,1132,500000,100.000000,0.000100,4.083194,115751,3,0,0,320,320,2550
7,5,2,202,3,0,1131,500000,100.000000,0.000100,10.170352,82723,4,2,0,340,310,3140
10,8,2,202,5,0,1152,500000,100.000000,0.000100,9.580055,84887,4,23,0,295,280,2630
30,28,2,202,15,0,1143,500000,100.000000,0.000100,7.325074,94600,4,1,0,305,290,1375
26,24,2,202,13,0,1147,500000,100.000000,0.000100,19.692643,58809,4,0,0,360,345,1605
31,29,2,202,15,0,1145,500000,100.000000,0.000100,9.620375,84735,4,0,0,335,320,1345
14,12,2,202,7,0,1159,500000,100.000000,0.000100,10.855054,80365,4,1,0,355,320,2405
0,-1,2,202,0,0,1168,500000,100.000000,0.000100,12.581951,75022,4,11,0,375,345,3740
15,13,2,202,7,0,1164,500000,100.000000,0.000100,10.078874,83050,4,2,0,325,325,2300
18,16,2,202,9,0,1157,500000,100.000000,0.000100,10.523398,81488,4,0,0,330,330,2030
20,18,2,202,10,0,1173,500000,100.000000,0.000100,5.606451,104277,3,15,0,285,285,1955
12,10,2,202,6,0,1163,500000,100.000000,0.000100,6.568951,98543,4,5,1,250,250,2565
24,22,2,202,12,0,1163,500000,100.000000,0.000100,12.607356,74949,4,2,0,380,350,1635
22,20,2,202,11,0,1164,500000,100.000000,0.000100,7.404027,94212,4,0,0,295,295,1785
17,15,2,202,8,0,1167,500000,100.000000,0.000100,6.947939,96513,4,0,0,320,320,2090
32,30,2,202,16,0,1168,500000,100.000000,0.000100,9.365954,85705,4,0,0,305,285,1255
9,7,2,202,4,0,1175,500000,100.000000,0.000100,23.221806,52843,4,3,0,375,335,2660
25,23,2,202,12,0,1177,500000,100.000000,0.000100,8.999865,87148,4,1,0,300,300,1620
8,6,2,202,4,0,1187,500000,100.000000,0.000100,6.529862,98759,4,0,0,315,315,2960
11,9,2,202,5,0,1187,500000,100.000000,0.000100,9.940861,83549,4,0,0,285,285,2600
2,0,2,202,1,0,1200,500000,100.000000,0.000100,11.186649,79276,4,3,0,345,330,3605
29,27,2,202,14,0,1192,500000,100.000000,0.000100,10.247643,82449,4,0,0,285,285,1435
6,4,2,202,3,0,1207,500000,100.000000,0.000100,11.387804,78631,4,0,0,345,345,3320
21,19,2,202,10,0,1198,500000,100.000000,0.000100,13.536301,72376,4,0,0,360,360,1945
16,14,2,202,8,0,1199,500000,100.000000,0.000100,3.747693,118854,3,0,0,330,330,2150
19,17,2,202,9,0,1197,500000,100.000000,0.000100,12.368243,75642,4,0,0,360,330,1970
5,3,2,202,2,0,1216,500000,100.000000,0.000100,10.125489,82883,4,0,0,335,315,3365
23,21,2,202,11,0,1203,500000,100.000000,0.000100,11.727893,77566,4,0,0,295,295,1695
28,26,2,202,14,0,1204,500000,100.000000,0.000100,7.375237,94353,4,0,0,350,350,1540
4,2,2,202,2,0,1221,500000,100.000000,0.000100,7.700732,92790,4,2,0,300,285,3425
27,25,2,202,13,0,1220,500000,100.000000,0.000100,6.618507,98271,4,0,0,285,285,1555
3,1,2,202,1,0,1234,500000,100.000000,0.000100,5.838859,102807,3,1,0,285,285,3455
35,33,2,202,17,0,1154,500000,100.000000,0.000100,7.439915,94037,4,0,0,330,330,1155
33,31,2,202,16,0,1172,500000,100.000000,0.000100,22.483090,54013,4,0,0,365,360,1240
38,36,2,202,19,0,1155,500000,100.000000,0.000100,10.027762,83234,4,0,0,340,325,1085
37,35,2,202,18,0,1167,500000,100.000000,0.000100,7.179001,95329,4,0,0,345,345,1100
42,40,2,202,21,0,1155,500000,100.000000,0.000100,8.621841,88701,4,0,0,300,285,955
34,32,2,202,17,0,1186,500000,100.000000,0.000100,7.536956,93568,4,0,0,360,345,1190
44,42,2,202,22,0,1156,500000,100.000000,0.000100,11.680999,77711,4,0,0,300,300,925
51,49,2,202,25,0,1148,500000,100.000000,0.000100,7.476804,93858,4,0,0,330,305,700
49,47,2,202,24,0,1153,500000,100.000000,0.000100,17.925365,62212,4,0,0,350,350,800
52,50,2,202,26,0,1141,500000,100.000000,0.000100,15.444576,67603,4,0,0,380,325,685
40,38,2,202,20,0,1178,500000,100.000000,0.000100,10.657124,81031,4,0,0,320,320,1020
46,44,2,202,23,0,1169,500000,100.000000,0.000100,11.014886,79836,4,0,0,315,315,870
36,34,2,202,18,0,1192,500000,100.000000,0.000100,9.118009,86676,4,0,0,330,280,1125
41,39,2,202,20,0,1179,500000,100.000000,0.000100,14.745245,69280,4,0,0,315,300,1010
45,43,2,202,22,0,1180,500000,100.000000,0.000100,9.100390,86746,4,0,0,330,330,885
48,46,2,202,24,0,1177,500000,100.000000,0.000100,4.184157,114867,3,0,0,285,285,825
53,51,2,202,26,0,1159,500000,100.000000,0.000100,9.931526,83583,4,0,0,345,345,670
43,41,2,202,21,0,1189,500000,100.000000,0.000100,13.830440,71598,4,0,0,345,315,940
50,48,2,202,25,0,1174,500000,100.000000,0.000100,6.448460,99213,4,0,0,290,290,760
58,56,2,202,29,0,1156,500000,100.000000,0.000100,8.316029,90008,4,0,0,325,325,530
47,45,2,202,23,0,1190,500000,100.000000,0.000100,13.965613,71246,4,0,0,280,265,865
39,37,2,202,19,0,1213,500000,100.000000,0.000100,14.380699,70186,4,0,0,405,380,1070
55,53,2,202,27,0,1174,500000,100.000000,0.000100,4.778769,110058,3,0,0,295,295,635
63,61,2,202,31,0,1153,500000,100.000000,0.000100,8.256272,90269,4,0,1,250,250,430
56,54,2,202,28,0,1175,500000,100.000000,0.000100,9.115490,86686,4,0,0,290,290,590
62,60,2,202,31,0,1167,500000,100.000000,0.000100,10.485086,81620,4,0,0,285,285,480
57,55,2,202,28,0,1177,500000,100.000000,0.000100,5.048333,108072,3,0,0,295,295,545
54,52,2,202,27,0,1185,500000,100.000000,0.000100,14.100548,70898,4,0,0,315,300,665
60,58,2,202,30,0,1176,500000,100.000000,0.000100,9.733477,84312,4,0,0,375,375,510
59,57,2,202,29,0,1188,500000,100.000000,0.000100,10.821214,80478,4,0,0,285,285,525
61,59,2,202,30,0,1188,500000,100.000000,0.000100,9.602581,84802,4,0,0,285,285,495
64,62,2,202,32,0,1187,500000,100.000000,0.000100,14.244264,70531,4,0,0,345,335,415
65,63,2,202,32,0,773,500000,100.000000,0.000100,11.743458,77518,4,0,0,295,275,400
72,70,2,202,36,0,754,500000,100.000000,0.000100,0.000000,0,4,0,0,370,265,265
71,69,2,202,35,0,771,500000,100.000000,0.000100,9.725412,84342,4,0,0,255,255,310
68,66,2,202,34,0,788,500000,100.000000,0.000100,4.600743,111432,3,0,0,315,315,360
70,68,2,202,35,0,786,500000,100.000000,0.000100,11.980419,76795,4,0,0,260,260,325
67,65,2,202,33,0,807,500000,100.000000,0.000100,11.653919,77795,4,0,0,390,370,375
66,64,2,202,33,0,814,500000,100.000000,0.000100,13.545280,72352,4,0,0,360,360,385
73,71,2,202,36,0,788,500000,100.000000,0.000100,0.000000,0,4,0,1,295,250,250
69,67,2,202,34,0,803,500000,100.000000,0.000100,8.876137,87649,4,0,0,315,315,335
26,24,3,42,13,0,1242,500000,100.000000,0.000100,9.440261,85419,4,2,0,505,505,1865
2,0,3,42,1,0,1271,500000,100.000000,0.000100,9.302764,85950,4,4,0,495,495,4175
31,29,3,42,15,0,1274,500000,100.000000,0.000100,20.229819,57835,4,1,0,560,550,1595
22,20,3,42,11,0,1282,500000,100.000000,0.000100,8.803594,87946,4,0,0,505,505,2020
28,26,3,42,14,0,1281,500000,100.000000,0.000100,5.688058,103754,3,0,0,535,520,1730
23,21,3,42,11,0,1285,500000,100.000000,0.000100,16.408920,65411,4,3,0,555,490,2005
9,7,3,42,4,0,1288,500000,100.000000,0.000100,10.289636,82301,4,9,0,505,490,3350
32,30,3,42,16,0,1283,500000,100.000000,0.000100,11.390322,78623,4,1,0,475,475,1470
10,8,3,42,5,0,1290,500000,100.000000,0.000100,10.500162,81568,4,0,0,520,505,3200
19,17,3,42,9,0,1277,500000,100.000000,0.000100,5.137691,107437,3,1,0,520,520,2230
27,25,3,42,13,0,1292,500000,100.000000,0.000100,9.179182,86434,4,0,0,565,550,1760
13,11,3,42,6,0,1301,500000,100.000000,0.000100,10.726548,80796,4,0,0,520,520,2935
12,10,3,42,6,0,1302,500000,100.000000,0.000100,10.615978,81171,4,0,0,545,510,3055
20,18,3,42,10,0,1288,500000,100.000000,0.000100,8.389653,89689,4,0,0,565,565,2080
17,15,3,42,8,0,1298,500000,100.000000,0.000100,8.907586,87521,4,0,0,530,530,2485
21,19,3,42,10,0,1289,500000,100.000000,0.000100,4.034744,116183,3,0,0,485,485,2060
14,12,3,42,7,0,1308,500000,100.000000,0.000100,19.121062,59875,4,0,0,580,550,2740
29,27,3,42,14,0,1299,500000,100.000000,0.000100,11.315976,78860,4,0,0,550,550,1700
15,13,3,42,7,0,1312,500000,100.000000,0.000100,5.563089,104558,3,11,0,565,565,2695
7,5,3,42,3,0,1313,500000,100.000000,0.000100,8.891847,87585,4,22,0,545,530,3605
25,23,3,42,12,0,1275,500000,100.000000,0.000100,11.154549,79380,4,0,0,525,525,1925
11,9,3,42,5,0,1314,500000,100.000000,0.000100,6.896869,96780,4,0,0,530,530,3190
5,3,3,42,2,0,1315,500000,100.000000,0.000100,6.290599,100110,3,0,0,515,515,3875
6,4,3,42,3,0,1320,500000,100.000000,0.000100,9.257378,86127,4,0,0,490,490,3680
18,16,3,42,9,0,1323,500000,100.000000,0.000100,6.264407,100261,3,0,0,510,510,2335
16,14,3,42,8,0,1326,500000,100.000000,0.000100,16.168584,65945,4,2,0,610,535,2545
30,28,3,42,15,0,1324,500000,100.000000,0.000100,6.559338,98596,4,1,0,535,505,1685
8,6,3,42,4,0,1332,500000,100.000000,0.000100,10.473215,81661,4,0,0,535,535,3365
4,2,3,42,2,0,1335,500000,100.000000,0.000100,10.016961,83273,4,0,0,515,515,3890
3,1,3,42,1,0,1340,500000,100.000000,0.000100,10.611286,81187,4,0,0,495,495,3980
0,-1,3,42,0,0,1347,500000,100.000000,0.000100,17.095271,63928,4,13,0,575,505,4250
24,22,3,42,12,0,1339,500000,100.000000,0.000100,13.919383,71366,4,0,0,510,505,1930
53,51,3,42,26,0,1251,500000,100.000000,0.000100,6.556076,98614,4,0,0,490,490,755
35,33,3,42,17,0,1292,500000,100.000000,0.000100,9.356900,85740,4,0,0,510,510,1415
33,31,3,42,16,0,1322,500000,100.000000,0.000100,13.256107,73133,4,0,0,540,535,1455
34,32,3,42,17,0,1306,500000,100.000000,0.000100,8.053933,91167,4,0,0,525,510,1430
38,36,3,42,19,0,1291,500000,100.000000,0.000100,20.343609,57632,4,0,0,565,535,1160
37,35,3,42,18,0,1298,500000,100.000000,0.000100,7.202844,95209,4,0,0,605,605,1250
40,38,3,42,20,0,1296,500000,100.000000,0.000100,8.076217,91067,4,0,0,585,580,1050
52,50,3,42,26,0,1272,500000,100.000000,0.000100,6.547930,98659,4,0,0,480,480,785
36,34,3,42,18,0,1308,500000,100.000000,0.000100,12.200904,76135,4,0,0,490,490,1255
42,40,3,42,21,0,1304,500000,100.000000,0.000100,9.280941,86035,4,2,1,455,455,980
57,55,3,42,28,0,1276,500000,100.000000,0.000100,6.157154,100886,3,0,0,530,530,710
39,37,3,42,19,0,1322,500000,100.000000,0.000100,13.256107,73133,4,0,0,505,505,1065
50,48,3,42,25,0,1301,500000,100.000000,0.000100,9.230304,86233,4,0,0,520,520,845
54,52,3,42,27,0,1302,500000,100.000000,0.000100,18.040642,61980,4,0,0,580,570,740
55,53,3,42,27,0,1303,500000,100.000000,0.000100,11.974462,76813,4,0,0,515,515,735
41,39,3,42,20,0,1331,500000,100.000000,0.000100,9.386680,85625,4,0,0,535,505,1035
60,58,3,42,30,0,1295,500000,100.000000,0.000100,8.855804,87732,4,0,0,520,520,655
49,47,3,42,24,0,1321,500000,100.000000,0.000100,4.480805,112388,3,0,0,540,540,855
47,45,3,42,23,0,1327,500000,100.000000,0.000100,8.865597,87692,4,0,0,560,555,900
56,54,3,42,28,0,1309,500000,100.000000,0.000100,6.836534,97098,4,0,0,520,520,715
48,46,3,42,24,0,1327,500000,100.000000,0.000100,11.350422,78750,4,0,0,600,560,870
45,43,3,42,22,0,1334,500000,100.000000,0.000100,10.973268,79973,4,0,0,550,520,940
51,49,3,42,25,0,1325,500000,100.000000,0.000100,9.326184,85859,4,0,0,550,550,815
43,41,3,42,21,0,1349,500000,100.000000,0.000100,11.517229,78222,4,0,0,555,555,965
58,56,3,42,29,0,1320,500000,100.000000,0.000100,2.736403,130236,3,0,0,590,590,705
46,44,3,42,23,0,1350,500000,100.000000,0.000100,16.987443,64157,4,0,0,535,515,925
63,61,3,42,31,0,1310,500000,100.000000,0.000100,5.019957,108276,3,0,0,565,565,630
59,57,3,42,29,0,1327,500000,100.000000,0.000100,9.044488,86969,4,0,0,535,535,660
62,60,3,42,31,0,1320,500000,100.000000,0.000100,5.121533,107551,3,0,0,500,500,645
44,42,3,42,22,0,1360,500000,100.000000,0.000100,11.837609,77229,4,0,0,505,495,950
61,59,3,42,30,0,1339,500000,100.000000,0.000100,6.927428,96620,4,0,0,510,510,650
64,62,3,42,32,0,1320,500000,100.000000,0.000100,8.029713,91276,4,0,0,555,525,600
66,64,3,42,33,0,846,500000,100.000000,0.000100,7.953312,91622,4,0,0,505,505,555
70,68,3,42,35,0,842,500000,100.000000,0.000100,0.000000,0,4,0,0,525,490,490
68,66,3,42,34,0,852,500000,100.000000,0.000100,10.905259,80198,4,0,0,540,515,535
65,63,3,42,32,0,877,500000,100.000000,0.000100,8.090959,91001,4,0,0,495,495,570
71,69,3,42,35,0,860,500000,100.000000,0.000100,0.000000,0,4,0,0,565,475,475
69,67,3,42,34,0,868,500000,100.000000,0.000100,0.000000,0,4,0,0,555,505,505
67,65,3,42,33,0,876,500000,100.000000,0.000100,6.709837,97775,4,0,0,495,495,550
73,71,3,42,36,0,868,500000,100.000000,0.000100,0.000000,0,4,0,1,600,455,455
72,70,3,42,36,0,878,500000,100.000000,0.000100,0.000000,0,4,0,0,515,470,470
2,0,4,101,1,0,1030,500000,100.000000,0.000100,12.997864,73845,4,0,0,210,150,3345
23,21,4,101,11,0,1029,500000,100.000000,0.000100,14.729771,69318,4,2,0,240,210,1035
18,16,4,101,9,0,1033,500000,100.000000,0.000100,14.149725,70772,4,7,0,165,150,1620
26,24,4,101,13,0,1048,500000,100.000000,0.000100,14.877433,68957,4,0,0,210,180,790
12,10,4,101,6,0,1064,500000,100.000000,0.000100,22.994502,53199,4,2,0,180,180,1965
15,13,4,101,7,0,1064,500000,100.000000,0.000100,9.477635,85276,4,0,0,135,135,1740
6,4,4,101,3,0,1068,500000,100.000000,0.000100,14.202212,70638,4,7,0,240,195,2475
5,3,4,101,2,0,1075,500000,100.000000,0.000100,7.524679,93627,4,2,0,135,135,2685
28,26,4,101,14,0,1067,500000,100.000000,0.000100,16.003685,66316,4,1,0,195,135,735
4,2,4,101,2,0,1075,500000,100.000000,0.000100,12.229255,76051,4,5,0,150,120,2805
8,6,4,101,4,0,1075,500000,100.000000,0.000100,6.721156,97714,4,0,0,150,150,2145
21,19,4,101,10,0,1076,500000,100.000000,0.000100,5.961781,102053,3,0,0,150,150,1335
3,1,4,101,1,0,1079,500000,100.000000,0.000100,10.363823,82041,4,5,0,130,130,2985
14,12,4,101,7,0,1080,500000,100.000000,0.000100,7.175629,95346,4,0,0,150,150,1755
10,8,4,101,5,0,1088,500000,100.000000,0.000100,12.553476,75104,4,3,0,210,180,2070
30,28,4,101,15,0,1077,500000,100.000000,0.000100,11.884803,77085,4,0,0,210,180,625
31,29,4,101,15,0,1078,500000,100.000000,0.000100,4.230308,114470,3,0,0,135,135,610
24,22,4,101,12,0,1094,500000,100.000000,0.000100,7.765475,92487,4,1,0,115,115,915
20,18,4,101,10,0,1100,500000,100.000000,0.000100,8.094984,90983,4,0,0,135,135,1350
0,-1,4,101,0,0,1102,500000,100.000000,0.000100,15.976292,66378,4,9,0,180,180,3375
27,25,4,101,13,0,1098,500000,100.000000,0.000100,12.801475,74396,4,1,0,165,150,765
32,30,4,101,16,0,1074,500000,100.000000,0.000100,9.702329,84428,4,0,0,165,165,595
17,15,4,101,8,0,1111,500000,100.000000,0.000100,9.758251,84220,4,1,0,210,195,1660
9,7,4,101,4,0,1120,500000,100.000000,0.000100,2.499447,133514,3,1,0,120,120,2130
16,14,4,101,8,0,1127,500000,100.000000,0.000100,6.468804,99099,4,6,0,105,105,1710
11,9,4,101,5,0,1130,500000,100.000000,0.000100,18.962692,60176,4,3,0,205,160,1995
7,5,4,101,3,0,1133,500000,100.000000,0.000100,8.358416,89824,4,0,0,160,160,2175
22,20,4,101,11,0,1140,500000,100.000000,0.000100,12.242779,76011,4,1,0,160,145,1095
25,23,4,101,12,0,1146,500000,100.000000,0.000100,8.642353,88615,4,1,0,170,170,895
19,17,4,101,9,0,1142,500000,100.000000,0.000100,18.680307,60719,4,1,0,240,180,1470
13,11,4,101,6,0,1169,500000,100.000000,0.000100,16.868637,64411,4,0,0,210,195,1815
29,27,4,101,14,0,1156,500000,100.000000,0.000100,6.701685,97819,4,0,0,150,150,700
33,31,4,101,16,0,1044,500000,100.000000,0.000100,13.440146,72634,4,0,0,205,145,565
37,35,4,101,18,0,1026,500000,100.000000,0.000100,12.607007,74950,4,0,0,205,145,510
35,33,4,101,17,0,1069,500000,100.000000,0.000100,10.216261,82560,4,0,0,175,175,540
34,32,4,101,17,0,1077,500000,100.000000,0.000100,5.586348,104407,3,0,0,150,150,555
49,47,4,101,24,0,1015,500000,100.000000,0.000100,6.622897,98247,4,0,0,105,105,255
43,41,4,101,21,0,1037,500000,100.000000,0.000100,9.564186,84947,4,0,0,130,130,375
38,36,4,101,19,0,1050,500000,100.000000,0.000100,8.045703,91204,4,0,0,135,135,495
40,38,4,101,20,0,1045,500000,100.000000,0.000100,7.985902,91474,4,0,0,175,175,420
39,37,4,101,19,0,1056,500000,100.000000,0.000100,5.411928,105555,3,0,0,150,150,450
44,42,4,101,22,0,1052,500000,100.000000,0.000100,12.399038,75552,4,0,0,205,190,360
45,43,4,101,22,0,1054,500000,100.000000,0.000100,7.064477,95911,4,0,0,115,115,345
42,40,4,101,21,0,1063,500000,100.000000,0.000100,6.316725,99960,4,0,0,150,150,390
52,50,4,101,26,0,1037,500000,100.000000,0.000100,9.198987,86356,4,0,0,180,180,210
47,45,4,101,23,0,1051,500000,100.000000,0.000100,7.479077,93847,4,0,0,150,150,280
51,49,4,101,25,0,1039,500000,100.000000,0.000100,3.150852,125132,3,0,0,165,165,225
36,34,4,101,18,0,1088,500000,100.000000,0.000100,11.212643,79192,4,0,0,180,180,525
56,54,4,101,28,0,1025,500000,100.000000,0.000100,0.000000,0,4,0,0,180,150,150
41,39,4,101,20,0,1073,500000,100.000000,0.000100,11.049637,79722,4,0,0,165,165,400
50,48,4,101,25,0,1047,500000,100.000000,0.000100,8.679926,88458,4,0,0,165,165,240
54,52,4,101,27,0,1044,500000,100.000000,0.000100,17.613108,62848,4,0,0,180,150,175
53,51,4,101,26,0,1047,500000,100.000000,0.000100,10.260960,82402,4,1,1,105,90,180
46,44,4,101,23,0,1071,500000,100.000000,0.000100,9.476850,85279,4,0,0,135,135,285
48,46,4,101,24,0,1062,500000,100.000000,0.000100,8.336735,89918,4,0,0,225,210,270
60,58,4,101,30,0,1015,500000,100.000000,0.000100,0.000000,0,4,0,0,190,105,105
58,56,4,101,29,0,1037,500000,100.000000,0.000100,0.000000,0,4,0,0,160,120,120
55,53,4,101,27,0,1058,500000,100.000000,0.000100,0.000000,0,4,0,0,195,160,160
59,57,4,101,29,0,1045,500000,100.000000,0.000100,0.000000,0,4,0,0,195,115,115
57,55,4,101,28,0,1056,500000,100.000000,0.000100,0.000000,0,4,0,0,165,135,135
61,59,4,101,30,0,963,500000,100.000000,0.000100,0.000000,0,4,0,1,165,90,90
18,16,5,101,9,0,1230,500000,100.000000,0.000100,14.307772,70370,4,1,0,500,410,2400
8,6,5,101,4,0,1293,500000,100.000000,0.000100,5.089370,107779,3,1,0,355,355,3325
25,23,5,101,12,0,1293,500000,100.000000,0.000100,7.314759,94651,4,1,0,405,390,2070
32,30,5,101,16,0,1299,500000,100.000000,0.000100,5.420009,105501,3,1,0,360,360,1630
9,7,5,101,4,0,1300,500000,100.000000,0.000100,9.571059,84921,4,4,0,380,370,3145
13,11,5,101,6,0,1303,500000,100.000000,0.000100,7.443822,94018,4,0,0,350,350,2605
4,2,5,101,2,0,1313,500000,100.000000,0.000100,14.244264,70531,4,0,0,390,365,3760
0,-1,5,101,0,0,1314,500000,100.000000,0.000100,6.632786,98193,4,16,0,360,360,4425
20,18,5,101,10,0,1313,500000,100.000000,0.000100,5.187905,107085,3,1,0,375,375,2310
14,12,5,101,7,0,1316,500000,100.000000,0.000100,7.859809,92050,4,0,0,410,410,2545
19,17,5,101,9,0,1319,500000,100.000000,0.000100,5.793540,103089,3,1,0,370,370,2315
30,28,5,101,15,0,1323,500000,100.000000,0.000100,5.849840,102739,3,0,0,340,340,1820
11,9,5,101,5,0,1327,500000,100.000000,0.000100,8.906601,87525,4,1,0,375,375,2815
12,10,5,101,6,0,1327,500000,100.000000,0.000100,11.609246,77934,4,2,0,400,385,2785
31,29,5,101,15,0,1326,500000,100.000000,0.000100,6.331404,99876,4,1,0,350,350,1675
23,21,5,101,11,0,1328,500000,100.000000,0.000100,4.692151,110720,3,4,0,350,350,2170
16,14,5,101,8,0,1329,500000,100.000000,0.000100,5.033291,108180,3,4,0,410,395,2485
5,3,5,101,2,0,1334,500000,100.000000,0.000100,4.375463,113249,3,6,0,375,375,3700
29,27,5,101,14,0,1331,500000,100.000000,0.000100,9.726218,84339,4,0,0,350,350,1905
21,19,5,101,10,0,1331,500000,100.000000,0.000100,6.456661,99167,4,0,0,355,355,2285
3,1,5,101,1,0,1335,500000,100.000000,0.000100,7.421847,94125,4,17,0,415,385,3960
24,22,5,101,12,0,1336,500000,100.000000,0.000100,9.665671,84565,4,0,0,405,390,2110
15,13,5,101,7,0,1338,500000,100.000000,0.000100,6.341383,99819,4,2,0,340,340,2530
28,26,5,101,14,0,1340,500000,100.000000,0.000100,14.344585,70277,4,0,0,435,405,1995
17,15,5,101,8,0,1344,500000,100.000000,0.000100,11.843825,77210,4,0,0,410,370,2430
26,24,5,101,13,0,1347,500000,100.000000,0.000100,14.134876,70810,4,0,0,400,375,2055
2,0,5,101,1,0,1351,500000,100.000000,0.000100,13.703389,71932,4,7,0,430,410,4140
7,5,5,101,3,0,1350,500000,100.000000,0.000100,3.832516,118044,3,1,0,390,390,3475
27,25,5,101,13,0,1352,500000,100.000000,0.000100,3.349346,122921,3,0,0,370,370,2050
6,4,5,101,3,0,1363,500000,100.000000,0.000100,6.510045,98869,4,4,0,390,390,3685
10,8,5,101,5,0,1376,500000,100.000000,0.000100,15.499297,67475,4,2,0,455,425,2995
22,20,5,101,11,0,1378,500000,100.000000,0.000100,7.947161,91650,4,0,0,350,350,2220
33,31,5,101,16,0,1293,500000,100.000000,0.000100,6.712990,97758,4,0,0,375,375,1600
37,35,5,101,18,0,1296,500000,100.000000,0.000100,10.382741,81975,4,1,1,335,335,1370
35,33,5,101,17,0,1306,500000,100.000000,0.000100,9.810158,84028,4,0,0,390,375,1475
36,34,5,101,18,0,1309,500000,100.000000,0.000100,9.763376,84201,4,0,0,400,390,1430
34,32,5,101,17,0,1325,500000,100.000000,0.000100,8.355184,89838,4,0,0,365,365,1580
44,42,5,101,22,0,1303,500000,100.000000,0.000100,10.831086,80445,4,0,0,380,350,1020
43,41,5,101,21,0,1312,500000,100.000000,0.000100,6.240394,100400,3,0,0,370,370,1075
50,48,5,101,25,0,1297,500000,100.000000,0.000100,5.584959,104416,3,0,0,380,380,875
41,39,5,101,20,0,1315,500000,100.000000,0.000100,9.822906,83981,4,0,0,440,420,1100
47,45,5,101,23,0,1305,500000,100.000000,0.000100,4.365681,113330,3,0,0,385,385,940
62,60,5,101,31,0,1274,500000,100.000000,0.000100,12.484984,75302,4,0,0,350,350,620
40,38,5,101,20,0,1325,500000,100.000000,0.000100,9.930703,83586,4,0,0,405,405,1145
42,40,5,101,21,0,1322,500000,100.000000,0.000100,13.141593,73447,4,0,0,405,365,1085
52,50,5,101,26,0,1308,500000,100.000000,0.000100,8.065067,91117,4,0,0,440,425,780
51,49,5,101,25,0,1315,500000,100.000000,0.000100,5.105567,107664,3,0,0,370,370,845
54,52,5,101,27,0,1315,500000,100.000000,0.000100,9.294799,85981,4,0,0,370,370,735
48,46,5,101,24,0,1325,500000,100.000000,0.000100,9.567093,84936,4,0,0,395,385,925
38,36,5,101,19,0,1355,500000,100.000000,0.000100,10.130246,82866,4,0,0,395,385,1205
49,47,5,101,24,0,1334,500000,100.000000,0.000100,9.734553,84308,4,0,0,380,380,910
45,43,5,101,22,0,1337,500000,100.000000,0.000100,8.495795,89234,4,0,0,380,380,1005
39,37,5,101,19,0,1357,500000,100.000000,0.000100,9.538850,85043,4,0,0,435,390,1175
53,51,5,101,26,0,1339,500000,100.000000,0.000100,17.902596,62258,4,0,0,410,350,760
60,58,5,101,30,0,1323,500000,100.000000,0.000100,11.944721,76903,4,0,0,380,365,630
58,56,5,101,29,0,1324,500000,100.000000,0.000100,6.102447,101209,3,0,0,370,370,660
46,44,5,101,23,0,1359,500000,100.000000,0.000100,11.614379,77918,4,0,0,395,380,945
59,57,5,101,29,0,1345,500000,100.000000,0.000100,5.847255,102755,3,0,0,370,370,650
57,55,5,101,28,0,1350,500000,100.000000,0.000100,8.224396,90409,4,0,0,385,360,680
56,54,5,101,28,0,1353,500000,100.000000,0.000100,6.993587,96276,4,0,0,360,360,710
61,59,5,101,30,0,1343,500000,100.000000,0.000100,7.937285,91695,4,0,0,410,380,625
64,62,5,101,32,0,1324,500000,100.000000,0.000100,9.869701,83809,4,0,0,410,395,580
63,61,5,101,31,0,1339,500000,100.000000,0.000100,6.609369,98321,4,0,0,400,400,590
55,53,5,101,27,0,1382,500000,100.000000,0.000100,7.613354,93203,4,0,0,390,390,720
67,65,5,101,33,0,951,500000,100.000000,0.000100,10.474083,81658,4,0,0,390,375,550
68,66,5,101,34,0,946,500000,100.000000,0.000100,10.941176,80079,4,0,0,445,405,520
65,63,5,101,32,0,1044,500000,100.000000,0.000100,5.409835,105569,3,0,0,370,370,565
78,76,5,101,39,0,944,500000,100.000000,0.000100,0.000000,0,4,0,0,365,340,340
71,69,5,101,35,0,973,500000,100.000000,0.000100,5.850002,102738,3,0,0,390,360,445
79,77,5,101,39,0,958,500000,100.000000,0.000100,0.000000,0,4,0,1,355,335,335
72,70,5,101,36,0,986,500000,100.000000,0.000100,10.270037,82370,4,0,0,375,355,440
75,73,5,101,37,0,981,500000,100.000000,0.000100,13.612441,72173,4,0,0,405,385,400
74,72,5,101,37,0,1008,500000,100.000000,0.000100,11.541440,78146,4,0,0,400,395,415
76,74,5,101,38,0,1009,500000,100.000000,0.000100,9.967816,83451,4,0,0,380,350,365
77,75,5,101,38,0,1014,500000,100.000000,0.000100,0.000000,0,4,0,0,365,350,350
70,68,5,101,35,0,1028,500000,100.000000,0.000100,13.501188,72470,4,0,0,400,380,475
66,64,5,101,33,0,1058,500000,100.000000,0.000100,8.984460,87210,4,0,0,355,340,555
73,71,5,101,36,0,1047,500000,100.000000,0.000100,9.483923,85252,4,0,0,415,385,435
69,67,5,101,34,0,1063,500000,100.000000,0.000100,11.362346,78712,4,0,0,375,365,505
4,2,6,42,2,0,1073,500000,100.000000,0.000100,2.477513,133833,3,4,0,290,290,2890
13,11,6,42,6,0,1072,500000,100.000000,0.000100,13.850709,71545,4,1,0,275,275,1975
25,23,6,42,12,0,1075,500000,100.000000,0.000100,12.110219,76405,4,2,1,205,205,905
24,22,6,42,12,0,1076,500000,100.000000,0.000100,11.909129,77011,4,2,0,250,250,930
17,15,6,42,8,0,1079,500000,100.000000,0.000100,7.505368,93720,4,0,0,235,220,1440
16,14,6,42,8,0,1083,500000,100.000000,0.000100,6.444541,99235,4,0,0,280,280,1650
2,0,6,42,1,0,1092,500000,100.000000,0.000100,7.484865,93819,4,2,0,280,280,3325
11,9,6,42,5,0,1088,500000,100.000000,0.000100,11.150234,79394,4,0,0,235,235,2065
18,16,6,42,9,0,1089,500000,100.000000,0.000100,14.024391,71094,4,0,0,295,270,1350
29,27,6,42,14,0,1079,500000,100.000000,0.000100,15.610615,67216,4,2,0,295,255,760
31,29,6,42,15,0,1075,500000,100.000000,0.000100,8.873685,87659,4,0,0,265,260,715
26,24,6,42,13,0,1094,500000,100.000000,0.000100,8.584045,88860,4,0,0,265,265,800
21,19,6,42,10,0,1098,500000,100.000000,0.000100,10.963873,80004,4,2,0,235,235,1050
22,20,6,42,11,0,1100,500000,100.000000,0.000100,9.554149,84985,4,0,0,295,280,975
27,25,6,42,13,0,1100,500000,100.000000,0.000100,12.027518,76653,4,1,0,235,235,780
15,13,6,42,7,0,1102,500000,100.000000,0.000100,12.814569,74359,4,2,0,265,230,1700
3,1,6,42,1,0,1109,500000,100.000000,0.000100,11.578172,78031,4,0,0,315,315,3190
5,3,6,42,2,0,1112,500000,100.000000,0.000100,8.035039,91252,4,2,0,260,245,2860
28,26,6,42,14,0,1106,500000,100.000000,0.000100,5.480851,105097,3,0,0,245,245,765
32,30,6,42,16,0,1094,500000,100.000000,0.000100,8.061503,91133,4,0,0,265,250,700
7,5,6,42,3,0,1125,500000,100.000000,0.000100,13.769812,71757,4,12,0,265,265,2515
8,6,6,42,4,0,1119,500000,100.000000,0.000100,9.587999,84857,4,0,0,255,255,2395
10,8,6,42,5,0,1124,500000,100.000000,0.000100,10.035800,83205,4,0,0,270,220,2185
6,4,6,42,3,0,1125,500000,100.000000,0.000100,13.826619,71608,4,0,0,250,250,2710
20,18,6,42,10,0,1126,500000,100.000000,0.000100,5.197231,107020,3,1,0,275,275,1125
12,10,6,42,6,0,1127,500000,100.000000,0.000100,5.889901,102492,3,0,0,255,255,2005
23,21,6,42,11,0,1129,500000,100.000000,0.000100,6.663831,98024,4,4,0,250,250,945
9,7,6,42,4,0,1132,500000,100.000000,0.000100,8.002248,91400,4,0,0,250,250,2200
0,-1,6,42,0,0,1140,500000,100.000000,0.000100,21.918155,54934,4,17,0,355,305,3355
30,28,6,42,15,0,1125,500000,100.000000,0.000100,7.970031,91546,4,0,0,290,290,745
19,17,6,42,9,0,1141,500000,100.000000,0.000100,10.452688,81732,4,3,0,220,220,1215
14,12,6,42,7,0,1159,500000,100.000000,0.000100,14.297101,70397,4,0,0,340,315,1835
33,31,6,42,16,0,1039,500000,100.000000,0.000100,15.077315,68474,4,0,0,305,290,695
44,42,6,42,22,0,1023,500000,100.000000,0.000100,9.863158,83833,4,0,0,220,220,440
35,33,6,42,17,0,1054,500000,100.000000,0.000100,7.950895,91633,4,0,0,300,285,605
42,40,6,42,21,0,1043,500000,100.000000,0.000100,8.725373,88269,4,0,0,250,250,475
36,34,6,42,18,0,1060,500000,100.000000,0.000100,7.035063,96062,4,0,0,265,265,595
46,44,6,42,23,0,1038,500000,100.000000,0.000100,9.643263,84649,4,0,0,250,250,415
43,41,6,42,21,0,1043,500000,100.000000,0.000100,12.611885,74936,4,0,0,275,275,465
37,35,6,42,18,0,1064,500000,100.000000,0.000100,13.800283,71677,4,0,0,230,220,550
48,46,6,42,24,0,1044,500000,100.000000,0.000100,3.287184,123599,3,0,0,250,250,395
40,38,6,42,20,0,1061,500000,100.000000,0.000100,8.991663,87181,4,0,0,235,235,520
38,36,6,42,19,0,1066,500000,100.000000,0.000100,9.877613,83780,4,0,0,295,280,545
49,47,6,42,24,0,1055,500000,100.000000,0.000100,17.799016,62468,4,0,0,310,310,375
45,43,6,42,22,0,1064,500000,100.000000,0.000100,6.309050,100004,3,0,0,250,235,425
39,37,6,42,19,0,1074,500000,100.000000,0.000100,9.393426,85599,4,0,0,265,250,530
47,45,6,42,23,0,1063,500000,100.000000,0.000100,11.099822,79558,4,0,0,235,235,400
34,32,6,42,17,0,1094,500000,100.000000,0.000100,9.690540,84472,4,0,0,260,260,620
53,51,6,42,26,0,1046,500000,100.000000,0.000100,10.553390,81385,4,0,0,305,280,320
58,56,6,42,29,0,1044,500000,100.000000,0.000100,0.000000,0,4,0,1,245,205,205
51,49,6,42,25,0,1066,500000,100.000000,0.000100,5.838859,102807,3,0,0,295,295,350
50,48,6,42,25,0,1068,500000,100.000000,0.000100,14.108733,70877,4,0,0,310,310,370
57,55,6,42,28,0,1057,500000,100.000000,0.000100,0.000000,0,4,0,0,325,220,220
52,50,6,42,26,0,1071,500000,100.000000,0.000100,8.228715,90390,4,0,0,280,265,335
55,53,6,42,27,0,1062,500000,100.000000,0.000100,0.000000,0,4,0,0,275,260,260
54,52,6,42,27,0,1069,500000,100.000000,0.000100,18.823830,60442,4,0,0,320,265,305
56,54,6,42,28,0,1067,500000,100.000000,0.000100,0.000000,0,4,0,0,295,250,250
41,39,6,42,20,0,1107,500000,100.000000,0.000100,18.026192,62009,4,0,0,340,305,505
12,10,7,202,6,0,1069,500000,100.000000,0.000100,6.051569,101512,3,3,0,260,260,2505
8,6,7,202,4,0,1103,500000,100.000000,0.000100,8.328216,89955,4,2,0,245,245,2745
7,5,7,202,3,0,1112,500000,100.000000,0.000100,18.156662,61748,4,16,0,290,270,2895
26,24,7,202,13,0,1109,500000,100.000000,0.000100,6.341208,99820,4,0,0,225,225,1190
27,25,7,202,13,0,1107,500000,100.000000,0.000100,10.324380,82179,4,0,0,260,245,1120
4,2,7,202,2,0,1113,500000,100.000000,0.000100,5.750002,103362,3,0,0,275,275,3085
5,3,7,202,2,0,1115,500000,100.000000,0.000100,11.107799,79532,4,12,0,305,290,3060
32,30,7,202,16,0,1115,500000,100.000000,0.000100,11.326924,78825,4,2,0,230,215,920
15,13,7,202,7,0,1113,500000,100.000000,0.000100,8.633522,88652,4,0,0,275,275,2265
13,11,7,202,6,0,1112,500000,100.000000,0.000100,4.031847,116209,3,0,0,240,240,2295
0,-1,7,202,0,0,1121,500000,100.000000,0.000100,8.541930,89038,4,21,0,230,220,3325
30,28,7,202,15,0,1113,500000,100.000000,0.000100,4.973430,108613,3,3,1,200,200,1025
29,27,7,202,14,0,1115,500000,100.000000,0.000100,7.020887,96135,4,0,0,250,250,1045
18,16,7,202,9,0,1118,500000,100.000000,0.000100,12.305521,75826,4,1,0,290,260,2040
23,21,7,202,11,0,1120,500000,100.000000,0.000100,8.462993,89374,4,0,0,280,260,1610
2,0,7,202,1,0,1127,500000,100.000000,0.000100,10.018345,83268,4,1,0,305,300,3265
16,14,7,202,8,0,1119,500000,100.000000,0.000100,16.014301,66292,4,1,0,285,280,2175
10,8,7,202,5,0,1119,500000,100.000000,0.000100,7.217587,95135,4,0,0,270,270,2670
28,26,7,202,14,0,1122,500000,100.000000,0.000100,5.847255,102755,3,0,0,260,230,1075
3,1,7,202,1,0,1133,500000,100.000000,0.000100,5.643909,104036,3,0,0,245,245,3235
31,29,7,202,15,0,1127,500000,100.000000,0.000100,8.050151,91184,4,1,0,240,240,965
21,19,7,202,10,0,1129,500000,100.000000,0.000100,8.685684,88434,4,0,0,260,260,1745
22,20,7,202,11,0,1132,500000,100.000000,0.000100,8.011983,91356,4,0,0,240,240,1670
19,17,7,202,9,0,1134,500000,100.000000,0.000100,10.257275,82415,4,0,0,310,250,1965
24,22,7,202,12,0,1135,500000,100.000000,0.000100,4.239084,114395,3,0,0,245,245,1460
6,4,7,202,3,0,1145,500000,100.000000,0.000100,8.792168,87993,4,0,0,215,215,3045
9,7,7,202,4,0,1139,500000,100.000000,0.000100,7.731219,92647,4,0,0,250,250,2700
14,12,7,202,7,0,1147,500000,100.000000,0.000100,4.901534,109140,3,0,0,235,235,2280
17,15,7,202,8,0,1149,500000,100.000000,0.000100,6.050399,101519,3,0,0,250,250,2130
20,18,7,202,10,0,1152,500000,100.000000,0.000100,12.396983,75558,4,0,0,285,275,1950
11,9,7,202,5,0,1156,500000,100.000000,0.000100,6.326857,99902,4,0,0,250,225,2520
25,23,7,202,12,0,1153,500000,100.000000,0.000100,9.640066,84661,4,0,0,295,280,1235
33,31,7,202,16,0,1135,500000,100.000000,0.000100,7.171071,95369,4,0,0,225,225,895
36,34,7,202,18,0,1096,500000,100.000000,0.000100,11.437629,78473,4,0,0,305,275,805
41,39,7,202,20,0,1094,500000,100.000000,0.000100,8.101249,90955,4,0,0,255,250,630
37,35,7,202,18,0,1102,500000,100.000000,0.000100,9.826164,83969,4,0,0,255,250,790
47,45,7,202,23,0,1104,500000,100.000000,0.000100,15.148304,68304,4,0,0,260,260,520
39,37,7,202,19,0,1113,500000,100.000000,0.000100,8.540514,89044,4,0,0,245,245,670
38,36,7,202,19,0,1115,500000,100.000000,0.000100,5.499054,104977,3,0,0,250,250,730
43,41,7,202,21,0,1111,500000,100.000000,0.000100,4.582854,111573,3,0,0,230,230,610
46,44,7,202,23,0,1109,500000,100.000000,0.000100,7.411805,94174,4,0,0,225,225,530
48,46,7,202,24,0,1107,500000,100.000000,0.000100,5.530597,104770,3,0,0,240,230,450
35,33,7,202,17,0,1123,500000,100.000000,0.000100,6.404423,99461,4,0,0,280,265,835
45,43,7,202,22,0,1117,500000,100.000000,0.000100,9.380716,85648,4,0,0,260,245,545
34,32,7,202,17,0,1135,500000,100.000000,0.000100,7.269223,94877,4,0,0,260,260,880
40,38,7,202,20,0,1121,500000,100.000000,0.000100,18.040144,61981,4,0,0,290,230,655
50,48,7,202,25,0,1114,500000,100.000000,0.000100,8.855559,87733,4,0,0,255,245,380
57,55,7,202,28,0,1104,500000,100.000000,0.000100,5.150199,107349,3,0,0,225,225,305
49,47,7,202,24,0,1122,500000,100.000000,0.000100,5.810052,102986,3,0,0,215,215,420
44,42,7,202,22,0,1135,500000,100.000000,0.000100,14.047660,71034,4,0,0,280,250,550
42,40,7,202,21,0,1139,500000,100.000000,0.000100,4.958200,108724,3,0,0,245,245,615
51,49,7,202,25,0,1130,500000,100.000000,0.000100,8.310746,90031,4,0,0,230,220,365
53,51,7,202,26,0,1129,500000,100.000000,0.000100,8.892830,87581,4,0,0,230,230,335
60,58,7,202,30,0,1116,500000,100.000000,0.000100,3.516058,121163,3,0,0,225,225,270
55,53,7,202,27,0,1127,500000,100.000000,0.000100,11.054217,79707,4,0,0,270,235,315
56,54,7,202,28,0,1128,500000,100.000000,0.000100,7.744047,92587,4,0,0,250,250,310
54,52,7,202,27,0,1136,500000,100.000000,0.000100,5.571704,104502,3,0,0,250,250,320
58,56,7,202,29,0,1129,500000,100.000000,0.000100,9.295569,85978,4,0,0,250,225,290
63,61,7,202,31,0,1118,500000,100.000000,0.000100,0.000000,0,4,0,0,225,215,215
62,60,7,202,31,0,1130,500000,100.000000,0.000100,0.000000,0,4,0,0,275,230,230
59,57,7,202,29,0,1139,500000,100.000000,0.000100,7.213001,95158,4,0,0,270,270,280
52,50,7,202,26,0,1159,500000,100.000000,0.000100,8.543110,89033,4,0,0,270,255,345
64,62,7,202,32,0,1143,500000,100.000000,0.000100,0.000000,0,4,0,1,325,200,200
61,59,7,202,30,0,1152,500000,100.000000,0.000100,8.990669,87185,4,0,0,240,225,240
13,11,8,42,6,0,1222,500000,100.000000,0.000100,16.037771,66239,4,9,0,1715,1665,3490
16,14,8,42,8,0,1225,500000,100.000000,0.000100,8.155602,90713,4,0,0,1675,1675,3275
15,13,8,42,7,0,1229,500000,100.000000,0.000100,9.309192,85925,4,4,0,1685,1680,3365
32,30,8,42,16,0,1229,500000,100.000000,0.000100,5.283820,106422,3,2,0,1635,1635,2370
17,15,8,42,8,0,1235,500000,100.000000,0.000100,5.734928,103457,3,0,0,1630,1630,3245
26,24,8,42,13,0,1240,500000,100.000000,0.000100,11.377740,78663,4,4,0,1635,1635,2635
24,22,8,42,12,0,1239,500000,100.000000,0.000100,14.037184,71061,4,0,0,1700,1700,2710
10,8,8,42,5,0,1242,500000,100.000000,0.000100,7.689675,92842,4,0,0,1635,1635,3825
11,9,8,42,5,0,1248,500000,100.000000,0.000100,14.236787,70550,4,10,1,1605,1605,3640
0,-1,8,42,0,0,1249,500000,100.000000,0.000100,6.920540,96656,4,15,0,1670,1670,4730
19,17,8,42,9,0,1246,500000,100.000000,0.000100,9.880070,83771,4,0,0,1700,1660,3005
5,3,8,42,2,0,1253,500000,100.000000,0.000100,8.938651,87395,4,1,0,1625,1625,4290
30,28,8,42,15,0,1249,500000,100.000000,0.000100,6.697427,97842,4,0,0,1695,1695,2395
18,16,8,42,9,0,1253,500000,100.000000,0.000100,18.616413,60843,4,4,0,1680,1680,3215
31,29,8,42,15,0,1250,500000,100.000000,0.000100,8.502840,89204,4,0,0,1670,1670,2385
14,12,8,42,7,0,1258,500000,100.000000,0.000100,7.026515,96106,4,1,0,1640,1640,3430
29,27,8,42,14,0,1255,500000,100.000000,0.000100,7.020111,96139,4,0,0,1665,1655,2430
25,23,8,42,12,0,1255,500000,100.000000,0.000100,9.886624,83747,4,0,0,1685,1685,2695
28,26,8,42,14,0,1262,500000,100.000000,0.000100,8.686404,88431,4,0,0,1710,1660,2490
12,10,8,42,6,0,1269,500000,100.000000,0.000100,3.093570,125796,3,0,0,1645,1645,3550
7,5,8,42,3,0,1270,500000,100.000000,0.000100,9.253542,86142,4,0,0,1710,1700,3910
22,20,8,42,11,0,1267,500000,100.000000,0.000100,15.485171,67508,4,0,0,1680,1670,2860
8,6,8,42,4,0,1271,500000,100.000000,0.000100,7.906641,91835,4,0,0,1655,1655,3850
3,1,8,42,1,0,1273,500000,100.000000,0.000100,19.854914,58512,4,0,0,1710,1705,4380
4,2,8,42,2,0,1274,500000,100.000000,0.000100,8.867802,87683,4,0,1,1605,1605,4320
20,18,8,42,10,0,1274,500000,100.000000,0.000100,13.911309,71387,4,5,0,1710,1680,2990
21,19,8,42,10,0,1271,500000,100.000000,0.000100,4.264813,114176,3,0,0,1650,1650,2905
9,7,8,42,4,0,1276,500000,100.000000,0.000100,15.487310,67503,4,3,0,1700,1660,3835
27,25,8,42,13,0,1272,500000,100.000000,0.000100,6.959467,96453,4,0,0,1650,1650,2535
6,4,8,42,3,0,1287,500000,100.000000,0.000100,7.554261,93485,4,0,1,1605,1605,4070
2,0,8,42,1,0,1290,500000,100.000000,0.000100,12.069464,76527,4,6,0,1685,1655,4590
23,21,8,42,11,0,1289,500000,100.000000,0.000100,10.127447,82876,4,0,0,1645,1645,2820
34,32,8,42,17,0,1255,500000,100.000000,0.000100,6.772609,97438,4,0,0,1680,1680,2350
35,33,8,42,17,0,1253,500000,100.000000,0.000100,9.273763,86063,4,0,0,1660,1660,2330
39,37,8,42,19,0,1251,500000,100.000000,0.000100,15.227619,68115,4,0,0,1720,1670,2225
33,31,8,42,16,0,1278,500000,100.000000,0.000100,5.310312,106241,3,0,0,1630,1630,2360
37,35,8,42,18,0,1269,500000,100.000000,0.000100,5.983069,101924,3,0,0,1650,1650,2250
42,40,8,42,21,0,1263,500000,100.000000,0.000100,5.940733,102181,3,0,0,1695,1695,2190
43,41,8,42,21,0,1269,500000,100.000000,0.000100,6.975832,96368,4,0,0,1670,1665,2075
53,51,8,42,26,0,1250,500000,100.000000,0.000100,10.849357,80384,4,0,0,1730,1715,1890
41,39,8,42,20,0,1273,500000,100.000000,0.000100,9.135157,86608,4,0,0,1680,1670,2195
47,45,8,42,23,0,1268,500000,100.000000,0.000100,8.697211,88386,4,0,0,1690,1690,1985
38,36,8,42,19,0,1284,500000,100.000000,0.000100,11.235903,79117,4,0,0,1670,1660,2240
50,48,8,42,25,0,1268,500000,100.000000,0.000100,9.244853,86176,4,0,0,1645,1645,1955
40,38,8,42,20,0,1285,500000,100.000000,0.000100,8.339039,89908,4,0,1,1605,1605,2210
56,54,8,42,28,0,1259,500000,100.000000,0.000100,9.766344,84190,4,0,0,1640,1640,1755
52,50,8,42,26,0,1265,500000,100.000000,0.000100,13.537423,72373,4,0,0,1670,1670,1920
57,55,8,42,28,0,1266,500000,100.000000,0.000100,5.075467,107878,3,0,0,1700,1695,1715
54,52,8,42,27,0,1269,500000,100.000000,0.000100,10.797022,80559,4,0,0,1640,1640,1815
60,58,8,42,30,0,1266,500000,100.000000,0.000100,0.000000,0,4,0,0,1685,1670,1670
59,57,8,42,29,0,1269,500000,100.000000,0.000100,0.000000,0,4,0,0,1735,1680,1680
49,47,8,42,24,0,1287,500000,100.000000,0.000100,12.081142,76492,4,0,0,1700,1685,1970
48,46,8,42,24,0,1288,500000,100.000000,0.000100,14.465185,69974,4,0,0,1690,1685,1980
58,56,8,42,29,0,1273,500000,100.000000,0.000100,6.128977,101052,3,0,0,1670,1660,1705
44,42,8,42,22,0,1296,500000,100.000000,0.000100,9.004591,87129,4,0,0,1720,1670,2030
55,53,8,42,27,0,1281,500000,100.000000,0.000100,9.288637,86005,4,0,0,1635,1635,1800
63,61,8,42,31,0,1264,500000,100.000000,0.000100,100.000000,1,4,0,0,1690,1635,1650
45,43,8,42,22,0,1303,500000,100.000000,0.000100,5.819853,102925,3,0,0,1640,1625,2010
62,60,8,42,31,0,1271,500000,100.000000,0.000100,0.000000,0,4,0,0,1690,1660,1660
51,49,8,42,25,0,1294,500000,100.000000,0.000100,7.973114,91532,4,0,0,1700,1700,1945
46,44,8,42,23,0,1311,500000,100.000000,0.000100,9.660598,84584,4,0,0,1690,1680,2000
64,62,8,42,32,0,1271,500000,100.000000,0.000100,0.000000,0,4,0,0,1715,1620,1620
61,59,8,42,30,0,1291,500000,100.000000,0.000100,0.000000,0,4,0,0,1675,1665,1665
36,34,8,42,18,0,1337,500000,100.000000,0.000100,9.438435,85426,4,0,0,1645,1645,2295
65,63,8,42,32,0,736,500000,100.000000,0.000100,0.000000,0,4,0,1,1660,1605,1605
