run_id,instance,seed,beam_width,iterations,temperature,cooling_mode,timestamp,week,worker_id,beam_path,candidate,elapsed_ms,temperature_at_event,current_penalty,previous_best,new_best,improvement,improvement_pct,event_type,branch_depth,seed_used,accepted_worse_count,hard_reject_count,soft_reject_count,discovery_number,cands_since_previous,time_since_previous_ms,improvement_per_10k,improvement_per_second,post_reheat_improved,post_reheat_best_delta,post_reheat_cands_to_improve,post_reheat_spawned_branch,post_reheat_beat_global,post_reheat_on_winning_lineage
cvrp-a32k5-lahc-s42,A-n32-k5,42,1,500000,100.0,adaptive,,1,0,0,9,0,0,1126,1145,1126,19,1.66,GLOBAL_BEST,0,42,0,0,0,1,9,0,21111.11,0.00,0,0,0,0,0,0
cvrp-a32k5-lahc-s42,A-n32-k5,42,1,500000,100.0,adaptive,,1,0,0,46,0,0,1120,1126,1120,6,0.53,GLOBAL_BEST,0,42,0,0,0,2,37,0,1621.62,0.00,0,0,0,0,0,0
cvrp-a32k5-lahc-s42,A-n32-k5,42,1,500000,100.0,adaptive,,1,0,0,75,0,0,1119,1120,1119,1,0.09,GLOBAL_BEST,0,42,0,0,0,3,29,0,344.83,0.00,0,0,0,0,0,0
cvrp-a32k5-lahc-s42,A-n32-k5,42,1,500000,100.0,adaptive,,1,0,0,80,0,0,1107,1119,1107,12,1.07,GLOBAL_BEST,0,42,0,0,0,4,5,0,24000.00,0.00,0,0,0,0,0,0
cvrp-a32k5-lahc-s42,A-n32-k5,42,1,500000,100.0,adaptive,,1,0,0,293,0,0,1095,1107,1095,12,1.08,GLOBAL_BEST,0,42,0,0,0,5,213,0,563.38,0.00,0,0,0,0,0,0
cvrp-a32k5-lahc-s42,A-n32-k5,42,1,500000,100.0,adaptive,,1,0,0,351,0,0,1093,1095,1093,2,0.18,GLOBAL_BEST,0,42,0,0,0,6,58,0,344.83,0.00,0,0,0,0,0,0
cvrp-a32k5-lahc-s42,A-n32-k5,42,1,500000,100.0,adaptive,,1,0,0,504,0,0,1064,1093,1064,29,2.65,GLOBAL_BEST,0,42,0,0,0,7,153,0,1895.42,0.00,0,0,0,0,0,0
cvrp-a32k5-lahc-s42,A-n32-k5,42,1,500000,100.0,adaptive,,1,0,0,1114,0,0,1040,1064,1040,24,2.26,GLOBAL_BEST,0,42,0,0,0,8,610,0,393.44,0.00,0,0,0,0,0,0
cvrp-a32k5-lahc-s42,A-n32-k5,42,1,500000,100.0,adaptive,,1,0,0,1116,0,0,1026,1040,1026,14,1.35,GLOBAL_BEST,0,42,0,0,0,9,2,0,70000.00,0.00,0,0,0,0,0,0
cvrp-a32k5-lahc-s42,A-n32-k5,42,1,500000,100.0,adaptive,,1,0,0,1117,0,0,1017,1026,1017,9,0.88,GLOBAL_BEST,0,42,0,0,0,10,1,0,90000.00,0.00,0,0,0,0,0,0
cvrp-a32k5-lahc-s42,A-n32-k5,42,1,500000,100.0,adaptive,,1,0,0,4647,1,0,1001,1017,1001,16,1.57,GLOBAL_BEST,0,42,0,0,0,11,3530,1,45.33,16000.00,0,0,0,0,0,0
cvrp-a32k5-lahc-s42,A-n32-k5,42,1,500000,100.0,adaptive,,1,0,0,4648,1,0,997,1001,997,4,0.40,GLOBAL_BEST,0,42,0,0,0,12,1,0,40000.00,0.00,0,0,0,0,0,0
cvrp-a32k5-lahc-s42,A-n32-k5,42,1,500000,100.0,adaptive,,1,0,0,8727,1,0,992,997,992,5,0.50,GLOBAL_BEST,0,42,0,0,0,13,4079,0,12.26,0.00,0,0,0,0,0,0
cvrp-a32k5-lahc-s42,A-n32-k5,42,1,500000,100.0,adaptive,,1,0,0,8746,1,0,986,992,986,6,0.60,GLOBAL_BEST,0,42,0,0,0,14,19,0,3157.89,0.00,0,0,0,0,0,0
cvrp-a32k5-lahc-s42,A-n32-k5,42,1,500000,100.0,adaptive,,1,0,0,9184,1,0,977,986,977,9,0.91,GLOBAL_BEST,0,42,0,0,0,15,438,0,205.48,0.00,0,0,0,0,0,0
cvrp-a32k5-lahc-s42,A-n32-k5,42,1,500000,100.0,adaptive,,1,0,0,9964,1,0,971,977,971,6,0.61,GLOBAL_BEST,0,42,0,0,0,16,780,0,76.92,0.00,0,0,0,0,0,0
cvrp-a32k5-lahc-s42,A-n32-k5,42,1,500000,100.0,adaptive,,1,0,0,9965,1,0,967,971,967,4,0.41,GLOBAL_BEST,0,42,0,0,0,17,1,0,40000.00,0.00,0,0,0,0,0,0
cvrp-a32k5-lahc-s42,A-n32-k5,42,1,500000,100.0,adaptive,,1,0,0,10630,2,0,961,967,961,6,0.62,GLOBAL_BEST,0,42,0,0,0,18,665,1,90.23,6000.00,0,0,0,0,0,0
cvrp-a32k5-lahc-s42,A-n32-k5,42,1,500000,100.0,adaptive,,1,0,0,10753,2,0,956,961,956,5,0.52,GLOBAL_BEST,0,42,0,0,0,19,123,0,406.50,0.00,0,0,0,0,0,0
cvrp-a32k5-lahc-s42,A-n32-k5,42,1,500000,100.0,adaptive,,1,0,0,14803,2,0,949,956,949,7,0.73,GLOBAL_BEST,0,42,0,0,0,20,4050,0,17.28,0.00,0,0,0,0,0,0
cvrp-a32k5-lahc-s42,A-n32-k5,42,1,500000,100.0,adaptive,,1,0,0,17315,3,0,924,949,924,25,2.63,GLOBAL_BEST,0,42,0,0,0,21,2512,1,99.52,25000.00,0,0,0,0,0,0
cvrp-a32k5-lahc-s42,A-n32-k5,42,1,500000,100.0,adaptive,,1,0,0,18271,3,0,921,924,921,3,0.32,GLOBAL_BEST,0,42,0,0,0,22,956,0,31.38,0.00,0,0,0,0,0,0
cvrp-a32k5-lahc-s42,A-n32-k5,42,1,500000,100.0,adaptive,,1,0,0,21365,3,0,912,921,912,9,0.98,GLOBAL_BEST,0,42,0,0,0,23,3094,0,29.09,0.00,0,0,0,0,0,0
cvrp-a32k5-lahc-s42,A-n32-k5,42,1,500000,100.0,adaptive,,1,0,0,21824,4,0,909,912,909,3,0.33,GLOBAL_BEST,0,42,0,0,0,24,459,1,65.36,3000.00,0,0,0,0,0,0
cvrp-a32k5-lahc-s42,A-n32-k5,42,1,500000,100.0,adaptive,,1,0,0,22132,4,0,898,909,898,11,1.21,GLOBAL_BEST,0,42,0,0,0,25,308,0,357.14,0.00,0,0,0,0,0,0
cvrp-a32k5-lahc-s42,A-n32-k5,42,1,500000,100.0,adaptive,,1,0,0,22133,4,0,896,898,896,2,0.22,GLOBAL_BEST,0,42,0,0,0,26,1,0,20000.00,0.00,0,0,0,0,0,0
cvrp-a32k5-lahc-s42,A-n32-k5,42,1,500000,100.0,adaptive,,1,0,0,22136,4,0,893,896,893,3,0.33,GLOBAL_BEST,0,42,0,0,0,27,3,0,10000.00,0.00,0,0,0,0,0,0
cvrp-a32k5-lahc-s42,A-n32-k5,42,1,500000,100.0,adaptive,,1,0,0,22597,4,0,853,893,853,40,4.48,GLOBAL_BEST,0,42,0,0,0,28,461,0,867.68,0.00,0,0,0,0,0,0
cvrp-a32k5-lahc-s42,A-n32-k5,42,1,500000,100.0,adaptive,,1,0,0,22599,4,0,850,853,850,3,0.35,GLOBAL_BEST,0,42,0,0,0,29,2,0,15000.00,0.00,0,0,0,0,0,0
cvrp-a32k5-lahc-s42,A-n32-k5,42,1,500000,100.0,adaptive,,1,0,0,32283,5,0,845,850,845,5,0.59,GLOBAL_BEST,0,42,0,0,0,30,9684,1,5.16,5000.00,0,0,0,0,0,0
cvrp-a32k5-lahc-s42,A-n32-k5,42,1,500000,100.0,adaptive,,1,0,0,33940,5,0,839,845,839,6,0.71,GLOBAL_BEST,0,42,0,0,0,31,1657,0,36.21,0.00,0,0,0,0,0,0
cvrp-a32k5-lahc-s42,A-n32-k5,42,1,500000,100.0,adaptive,,1,0,0,36832,5,0,829,839,829,10,1.19,GLOBAL_BEST,0,42,0,0,0,32,2892,0,34.58,0.00,0,0,0,0,0,0
cvrp-a32k5-lahc-s42,A-n32-k5,42,1,500000,100.0,adaptive,,1,0,0,36846,5,0,827,829,827,2,0.24,GLOBAL_BEST,0,42,0,0,0,33,14,0,1428.57,0.00,0,0,0,0,0,0
cvrp-a32k5-lahc-s42,A-n32-k5,42,1,500000,100.0,adaptive,,1,0,0,36847,5,0,824,827,824,3,0.36,GLOBAL_BEST,0,42,0,0,0,34,1,0,30000.00,0.00,0,0,0,0,0,0
cvrp-a32k5-lahc-s42,A-n32-k5,42,1,500000,100.0,adaptive,,1,0,0,38585,6,0,823,824,823,1,0.12,GLOBAL_BEST,0,42,0,0,0,35,1738,1,5.75,1000.00,0,0,0,0,0,0
cvrp-a32k5-lahc-s42,A-n32-k5,42,1,500000,100.0,adaptive,,1,0,0,38591,6,0,821,823,821,2,0.24,GLOBAL_BEST,0,42,0,0,0,36,6,0,3333.33,0.00,0,0,0,0,0,0
cvrp-a32k5-lahc-s42,A-n32-k5,42,1,500000,100.0,adaptive,,1,0,0,38709,6,0,813,821,813,8,0.97,GLOBAL_BEST,0,42,0,0,0,37,118,0,677.97,0.00,0,0,0,0,0,0
cvrp-a32k5-lahc-s42,A-n32-k5,42,1,500000,100.0,adaptive,,1,0,0,39063,6,0,812,813,812,1,0.12,GLOBAL_BEST,0,42,0,0,0,38,354,0,28.25,0.00,0,0,0,0,0,0
cvrp-a32k5-lahc-s42,A-n32-k5,42,1,500000,100.0,adaptive,,1,0,0,43522,6,0,798,812,798,14,1.72,GLOBAL_BEST,0,42,0,0,0,39,4459,0,31.40,0.00,0,0,0,0,0,0
cvrp-a32k5-lahc-s42,A-n32-k5,42,1,500000,100.0,adaptive,,1,0,0,47130,7,0,797,798,797,1,0.13,GLOBAL_BEST,0,42,0,0,0,40,3608,1,2.77,1000.00,0,0,0,0,0,0
cvrp-a32k5-lahc-s42,A-n32-k5,42,1,500000,100.0,adaptive,,1,0,0,55977,8,0,792,797,792,5,0.63,GLOBAL_BEST,0,42,0,0,0,41,8847,1,5.65,5000.00,0,0,0,0,0,0
cvrp-a32k5-lahc-s42,A-n32-k5,42,1,500000,100.0,adaptive,,1,0,0,60076,8,0,791,792,791,1,0.13,GLOBAL_BEST,0,42,0,0,0,42,4099,0,2.44,0.00,0,0,0,0,0,0
cvrp-a32k5-lahc-s42,A-n32-k5,42,1,500000,100.0,adaptive,,1,0,0,60110,8,0,786,791,786,5,0.63,GLOBAL_BEST,0,42,0,0,0,43,34,0,1470.59,0.00,0,0,0,0,0,0
cvrp-a32k5-lahc-s42,A-n32-k5,42,1,500000,100.0,adaptive,,1,0,0,67676,9,0,785,786,785,1,0.13,GLOBAL_BEST,0,42,0,0,0,44,7566,1,1.32,1000.00,0,0,0,0,0,0
cvrp-a32k5-lahc-s42,A-n32-k5,42,1,500000,100.0,adaptive,,1,0,0,79791,11,0,784,785,784,1,0.13,GLOBAL_BEST,0,42,0,0,0,45,12115,2,0.83,500.00,0,0,0,0,0,0
