run_id,instance,seed,beam_width,iterations,temperature,cooling_mode,timestamp,week,worker_id,parent_worker_id,child_worker_id,depth,branch_reason,candidate,temperature_at_event,old_penalty,new_penalty,improvement,elapsed_ms
n012w8-0,n012w8,0,12,100000,100.0,adaptive,2026-07-02T07:24:01+01:00,1,0,-1,1000,0,global_best_update,1,99.986185,3800,3710,90,0
n012w8-0,n012w8,0,12,100000,100.0,adaptive,2026-07-02T07:24:01+01:00,1,0,-1,1001,0,global_best_update,2,99.972373,3710,3640,70,0
n012w8-0,n012w8,0,12,100000,100.0,adaptive,2026-07-02T07:24:01+01:00,1,0,-1,1002,0,global_best_update,3,99.958562,3640,3490,150,0
n012w8-0,n012w8,0,12,100000,100.0,adaptive,2026-07-02T07:24:01+01:00,1,0,-1,1003,0,global_best_update,8,99.889537,3490,3460,30,0
n012w8-0,n012w8,0,12,100000,100.0,adaptive,2026-07-02T07:24:01+01:00,1,0,-1,1004,0,global_best_update,9,99.875738,3460,3250,210,0
n012w8-0,n012w8,0,12,100000,100.0,adaptive,2026-07-02T07:24:01+01:00,1,0,-1,1005,0,global_best_update,10,99.861940,3250,3190,60,0
n012w8-0,n012w8,0,12,100000,100.0,adaptive,2026-07-02T07:24:01+01:00,1,0,-1,1006,0,global_best_update,11,99.848145,3190,3070,120,0
n012w8-0,n012w8,0,12,100000,100.0,adaptive,2026-07-02T07:24:01+01:00,1,0,-1,1007,0,global_best_update,12,99.834351,3070,2905,165,0
n012w8-0,n012w8,0,12,100000,100.0,adaptive,2026-07-02T07:24:01+01:00,1,0,-1,1008,0,global_best_update,14,99.806770,2905,2830,75,0
n012w8-0,n012w8,0,12,100000,100.0,adaptive,2026-07-02T07:24:01+01:00,1,0,-1,1009,0,global_best_update,17,99.765412,2830,2800,30,0
n012w8-0,n012w8,0,12,100000,100.0,adaptive,2026-07-02T07:24:01+01:00,1,0,-1,1010,0,global_best_update,20,99.724071,2800,2620,180,0
n012w8-0,n012w8,0,12,100000,100.0,adaptive,2026-07-02T07:24:01+01:00,1,6,4,1017,3,global_best_update,16,99.779196,2620,2545,75,0
n012w8-0,n012w8,0,12,100000,100.0,adaptive,2026-07-02T07:24:01+01:00,1,0,-1,1012,0,global_best_update,52,99.284168,2545,2455,90,0
n012w8-0,n012w8,0,12,100000,100.0,adaptive,2026-07-02T07:24:01+01:00,1,5,3,1018,2,global_best_update,23,99.682748,2455,2425,30,0
n012w8-0,n012w8,0,12,100000,100.0,adaptive,2026-07-02T07:24:01+01:00,1,0,-1,1014,0,global_best_update,60,99.174496,2425,2420,5,0
n012w8-0,n012w8,0,12,100000,100.0,adaptive,2026-07-02T07:24:01+01:00,1,7,5,1022,3,global_best_update,29,99.600152,2420,2325,95,0
n012w8-0,n012w8,0,12,100000,100.0,adaptive,2026-07-02T07:24:01+01:00,1,0,-1,1016,0,global_best_update,63,99.133400,2325,2255,70,0
n012w8-0,n012w8,0,12,100000,100.0,adaptive,2026-07-02T07:24:01+01:00,1,7,5,1024,3,global_best_update,32,99.558879,2255,2205,50,0
n012w8-0,n012w8,0,12,100000,100.0,adaptive,2026-07-02T07:24:01+01:00,1,0,-1,1018,0,global_best_update,64,99.119705,2205,2135,70,0
n012w8-0,n012w8,0,12,100000,100.0,adaptive,2026-07-02T07:24:01+01:00,1,5,3,1024,2,global_best_update,30,99.586392,2135,2020,115,0
n012w8-0,n012w8,0,12,100000,100.0,adaptive,2026-07-02T07:24:01+01:00,1,5,3,1025,2,global_best_update,32,99.558879,2020,1860,160,0
n012w8-0,n012w8,0,12,100000,100.0,adaptive,2026-07-02T07:24:01+01:00,1,5,3,1026,2,global_best_update,35,99.517624,1860,1770,90,0
n012w8-0,n012w8,0,12,100000,100.0,adaptive,2026-07-02T07:24:01+01:00,1,5,3,1027,2,global_best_update,39,99.462644,1770,1740,30,0
n012w8-0,n012w8,0,12,100000,100.0,adaptive,2026-07-02T07:24:01+01:00,1,24,22,1047,12,global_best_update,3,99.958562,1740,1650,90,0
n012w8-0,n012w8,0,12,100000,100.0,adaptive,2026-07-02T07:24:01+01:00,1,24,22,1048,12,global_best_update,13,99.820560,1650,1645,5,0
n012w8-0,n012w8,0,12,100000,100.0,adaptive,2026-07-02T07:24:01+01:00,1,24,22,1049,12,global_best_update,20,99.724071,1645,1545,100,0
n012w8-0,n012w8,0,12,100000,100.0,adaptive,2026-07-02T07:24:01+01:00,1,24,22,1050,12,global_best_update,66,99.092321,1545,1435,110,0
n012w8-0,n012w8,0,12,100000,100.0,adaptive,2026-07-02T07:24:01+01:00,1,24,22,1051,12,global_best_update,68,99.064944,1435,1415,20,0
n012w8-0,n012w8,0,12,100000,100.0,adaptive,2026-07-02T07:24:01+01:00,1,24,22,1052,12,global_best_update,205,97.207551,1415,1385,30,1
n012w8-0,n012w8,0,12,100000,100.0,adaptive,2026-07-02T07:24:01+01:00,1,29,27,1058,14,global_best_update,22,99.696520,1385,1315,70,1
n012w8-0,n012w8,0,12,100000,100.0,adaptive,2026-07-02T07:24:01+01:00,1,29,27,1059,14,global_best_update,95,98.696102,1315,1240,75,1
n012w8-0,n012w8,0,12,100000,100.0,adaptive,2026-07-02T07:24:01+01:00,1,29,27,1060,14,global_best_update,168,97.705722,1240,1225,15,1
n012w8-0,n012w8,0,12,100000,100.0,adaptive,2026-07-02T07:24:01+01:00,1,29,27,1061,14,global_best_update,198,97.301604,1225,1165,60,2
n012w8-0,n012w8,0,12,100000,100.0,adaptive,2026-07-02T07:24:01+01:00,1,29,27,1062,14,global_best_update,1713,78.925983,1165,1155,10,6
n012w8-0,n012w8,0,12,100000,100.0,adaptive,2026-07-02T07:24:01+01:00,1,28,26,1062,14,global_best_update,915,88.125177,1155,1130,25,6
n012w8-0,n012w8,0,12,100000,100.0,adaptive,2026-07-02T07:24:01+01:00,1,29,27,1064,14,global_best_update,2584,69.977754,1130,1090,40,9
n012w8-0,n012w8,0,12,100000,100.0,adaptive,2026-07-02T07:24:01+01:00,1,32,30,1068,16,global_best_update,61,99.160795,1090,1050,40,16
n012w8-0,n012w8,0,12,100000,100.0,adaptive,2026-07-02T07:24:01+01:00,1,32,30,1069,16,global_best_update,277,96.245404,1050,1005,45,17
n012w8-0,n012w8,0,12,100000,100.0,adaptive,2026-07-02T07:24:01+01:00,1,32,30,1070,16,global_best_update,1671,79.385283,1005,1000,5,21
n012w8-0,n012w8,0,12,100000,100.0,adaptive,2026-07-02T07:24:01+01:00,1,32,30,1071,16,global_best_update,2253,73.252087,1000,985,15,22
n012w8-0,n012w8,0,12,100000,100.0,adaptive,2026-07-02T07:24:01+01:00,1,32,30,1072,16,global_best_update,4403,54.427702,985,970,15,28
n012w8-0,n012w8,0,12,100000,100.0,adaptive,2026-07-02T07:24:01+01:00,1,32,30,1073,16,global_best_update,6137,42.833149,970,945,25,32
n012w8-0,n012w8,0,12,100000,100.0,adaptive,2026-07-02T07:24:01+01:00,1,32,30,1074,16,global_best_update,6887,38.617131,945,905,40,34
n012w8-0,n012w8,0,12,100000,100.0,adaptive,2026-07-02T07:24:01+01:00,1,32,30,1075,16,global_best_update,8722,29.969535,905,895,10,39
n012w8-0,n012w8,0,12,100000,100.0,adaptive,2026-07-02T07:24:01+01:00,1,32,30,1076,16,global_best_update,10755,22.630805,895,850,45,45
n012w8-0,n012w8,0,12,100000,100.0,adaptive,2026-07-02T07:24:01+01:00,1,32,30,1077,16,global_best_update,21036,5.468145,850,825,25,73
n012w8-0,n012w8,0,12,100000,100.0,adaptive,2026-07-02T07:24:01+01:00,1,32,30,1078,16,global_best_update,31872,1.223714,825,795,30,110
n012w8-0,n012w8,0,12,100000,100.0,adaptive,2026-07-02T07:24:01+01:00,1,32,30,1079,16,global_best_update,34889,0.806603,795,790,5,118
n012w8-0,n012w8,0,12,100000,100.0,adaptive,2026-07-02T07:24:01+01:00,1,32,30,1080,16,global_best_update,37517,0.561022,790,710,80,125
n012w8-0,n012w8,0,12,100000,100.0,adaptive,2026-07-02T07:24:01+01:00,1,32,30,1081,16,global_best_update,37518,0.560945,710,680,30,125
n012w8-0,n012w8,0,12,100000,100.0,adaptive,2026-07-02T07:24:01+01:00,1,32,30,1082,16,global_best_update,41659,0.316563,680,675,5,137
n012w8-0,n012w8,0,12,100000,100.0,adaptive,2026-07-02T07:24:01+01:00,1,32,30,1083,16,global_best_update,79435,0.001714,675,665,10,238
n012w8-0,n012w8,0,12,100000,100.0,adaptive,2026-07-02T07:24:01+01:00,1,32,30,1084,16,global_best_update,83766,0.000942,665,635,30,249
n012w8-0,n012w8,0,12,100000,100.0,adaptive,2026-07-02T07:24:01+01:00,1,32,30,1085,16,global_best_update,86408,0.000654,635,620,15,256
n012w8-0,n012w8,0,12,100000,100.0,adaptive,2026-07-02T07:24:01+01:00,1,51,49,1105,25,global_best_update,84,98.846205,620,605,15,290
n012w8-0,n012w8,0,12,100000,100.0,adaptive,2026-07-02T07:24:01+01:00,1,50,48,1105,25,global_best_update,1311,83.433411,605,585,20,292
n012w8-0,n012w8,0,12,100000,100.0,adaptive,2026-07-02T07:24:01+01:00,1,53,51,1109,26,global_best_update,232,96.845624,585,545,40,294
n012w8-0,n012w8,0,12,100000,100.0,adaptive,2026-07-02T07:24:01+01:00,1,54,52,1111,27,global_best_update,406,94.545312,545,540,5,295
n012w8-0,n012w8,0,12,100000,100.0,adaptive,2026-07-02T07:24:01+01:00,1,54,52,1112,27,global_best_update,523,93.029353,540,510,30,295
n012w8-0,n012w8,0,12,100000,100.0,adaptive,2026-07-02T07:24:01+01:00,1,55,53,1114,27,global_best_update,540,92.811117,510,495,15,297
n012w8-0,n012w8,0,12,100000,100.0,adaptive,2026-07-02T07:24:01+01:00,1,59,57,1119,29,global_best_update,4575,53.149600,495,485,10,310
n012w8-0,n012w8,0,12,100000,100.0,adaptive,2026-07-02T07:24:01+01:00,1,61,59,1122,30,global_best_update,17,99.765412,485,465,20,314
n012w8-0,n012w8,0,12,100000,100.0,adaptive,2026-07-02T07:24:01+01:00,1,51,49,1113,25,global_best_update,15328,12.031506,465,460,5,331
n012w8-0,n012w8,0,12,100000,100.0,adaptive,2026-07-02T07:24:01+01:00,1,64,62,1127,32,global_best_update,93,98.723376,460,445,15,331
n012w8-0,n012w8,0,12,100000,100.0,adaptive,2026-07-02T07:24:01+01:00,1,64,62,1128,32,global_best_update,2136,74.445766,445,425,20,336
n012w8-0,n012w8,0,12,100000,100.0,adaptive,2026-07-02T07:24:01+01:00,1,53,51,1118,26,global_best_update,59329,0.027559,425,415,10,448
n012w8-0,n012w8,0,12,100000,100.0,adaptive,2026-07-02T07:24:01+01:00,1,53,51,1119,26,global_best_update,65587,0.011609,415,400,15,464
n012w8-0,n012w8,0,12,100000,100.0,adaptive,2026-07-02T07:24:01+01:00,2,0,-1,1000,0,global_best_update,1,99.986185,3815,3665,150,2
n012w8-0,n012w8,0,12,100000,100.0,adaptive,2026-07-02T07:24:01+01:00,2,0,-1,1001,0,global_best_update,3,99.958562,3665,3560,105,2
n012w8-0,n012w8,0,12,100000,100.0,adaptive,2026-07-02T07:24:01+01:00,2,0,-1,1002,0,global_best_update,4,99.944753,3560,3530,30,2
n012w8-0,n012w8,0,12,100000,100.0,adaptive,2026-07-02T07:24:01+01:00,2,0,-1,1003,0,global_best_update,5,99.930946,3530,3335,195,2
n012w8-0,n012w8,0,12,100000,100.0,adaptive,2026-07-02T07:24:01+01:00,2,0,-1,1004,0,global_best_update,7,99.903338,3335,3320,15,2
n012w8-0,n012w8,0,12,100000,100.0,adaptive,2026-07-02T07:24:01+01:00,2,0,-1,1005,0,global_best_update,8,99.889537,3320,3310,10,2
n012w8-0,n012w8,0,12,100000,100.0,adaptive,2026-07-02T07:24:01+01:00,2,0,-1,1006,0,global_best_update,9,99.875738,3310,3190,120,2
n012w8-0,n012w8,0,12,100000,100.0,adaptive,2026-07-02T07:24:01+01:00,2,0,-1,1007,0,global_best_update,10,99.861940,3190,3160,30,2
n012w8-0,n012w8,0,12,100000,100.0,adaptive,2026-07-02T07:24:01+01:00,2,0,-1,1008,0,global_best_update,11,99.848145,3160,3130,30,2
n012w8-0,n012w8,0,12,100000,100.0,adaptive,2026-07-02T07:24:01+01:00,2,0,-1,1009,0,global_best_update,14,99.806770,3130,3035,95,2
n012w8-0,n012w8,0,12,100000,100.0,adaptive,2026-07-02T07:24:01+01:00,2,0,-1,1010,0,global_best_update,17,99.765412,3035,2855,180,2
n012w8-0,n012w8,0,12,100000,100.0,adaptive,2026-07-02T07:24:01+01:00,2,0,-1,1011,0,global_best_update,19,99.737850,2855,2840,15,2
n012w8-0,n012w8,0,12,100000,100.0,adaptive,2026-07-02T07:24:01+01:00,2,0,-1,1012,0,global_best_update,20,99.724071,2840,2810,30,2
n012w8-0,n012w8,0,12,100000,100.0,adaptive,2026-07-02T07:24:01+01:00,2,0,-1,1013,0,global_best_update,23,99.682748,2810,2630,180,2
n012w8-0,n012w8,0,12,100000,100.0,adaptive,2026-07-02T07:24:01+01:00,2,0,-1,1014,0,global_best_update,24,99.668977,2630,2360,270,2
n012w8-0,n012w8,0,12,100000,100.0,adaptive,2026-07-02T07:24:01+01:00,2,0,-1,1015,0,global_best_update,26,99.641441,2360,2335,25,2
n012w8-0,n012w8,0,12,100000,100.0,adaptive,2026-07-02T07:24:01+01:00,2,0,-1,1016,0,global_best_update,41,99.435165,2335,2290,45,2
n012w8-0,n012w8,0,12,100000,100.0,adaptive,2026-07-02T07:24:01+01:00,2,0,-1,1017,0,global_best_update,42,99.421429,2290,2230,60,2
n012w8-0,n012w8,0,12,100000,100.0,adaptive,2026-07-02T07:24:01+01:00,2,3,1,1021,1,global_best_update,34,99.531374,2230,2160,70,2
n012w8-0,n012w8,0,12,100000,100.0,adaptive,2026-07-02T07:24:01+01:00,2,3,1,1022,1,global_best_update,35,99.517624,2160,2145,15,2
n012w8-0,n012w8,0,12,100000,100.0,adaptive,2026-07-02T07:24:01+01:00,2,3,1,1023,1,global_best_update,39,99.462644,2145,2105,40,2
n012w8-0,n012w8,0,12,100000,100.0,adaptive,2026-07-02T07:24:01+01:00,2,19,17,1040,9,global_best_update,9,99.875738,2105,2080,25,2
n012w8-0,n012w8,0,12,100000,100.0,adaptive,2026-07-02T07:24:01+01:00,2,19,17,1041,9,global_best_update,10,99.861940,2080,1990,90,2
n012w8-0,n012w8,0,12,100000,100.0,adaptive,2026-07-02T07:24:01+01:00,2,19,17,1042,9,global_best_update,11,99.848145,1990,1975,15,2
n012w8-0,n012w8,0,12,100000,100.0,adaptive,2026-07-02T07:24:01+01:00,2,19,17,1043,9,global_best_update,12,99.834351,1975,1945,30,2
n012w8-0,n012w8,0,12,100000,100.0,adaptive,2026-07-02T07:24:01+01:00,2,19,17,1044,9,global_best_update,18,99.751630,1945,1870,75,2
n012w8-0,n012w8,0,12,100000,100.0,adaptive,2026-07-02T07:24:01+01:00,2,19,17,1045,9,global_best_update,19,99.737850,1870,1690,180,2
n012w8-0,n012w8,0,12,100000,100.0,adaptive,2026-07-02T07:24:01+01:00,2,28,26,1055,14,global_best_update,9,99.875738,1690,1645,45,2
n012w8-0,n012w8,0,12,100000,100.0,adaptive,2026-07-02T07:24:01+01:00,2,28,26,1056,14,global_best_update,11,99.848145,1645,1630,15,2
n012w8-0,n012w8,0,12,100000,100.0,adaptive,2026-07-02T07:24:01+01:00,2,28,26,1057,14,global_best_update,12,99.834351,1630,1570,60,2
n012w8-0,n012w8,0,12,100000,100.0,adaptive,2026-07-02T07:24:01+01:00,2,28,26,1058,14,global_best_update,20,99.724071,1570,1510,60,2
n012w8-0,n012w8,0,12,100000,100.0,adaptive,2026-07-02T07:24:01+01:00,2,28,26,1059,14,global_best_update,28,99.613913,1510,1495,15,2
n012w8-0,n012w8,0,12,100000,100.0,adaptive,2026-07-02T07:24:01+01:00,2,28,26,1060,14,global_best_update,50,99.311605,1495,1405,90,2
n012w8-0,n012w8,0,12,100000,100.0,adaptive,2026-07-02T07:24:01+01:00,2,28,26,1061,14,global_best_update,51,99.297885,1405,1360,45,2
n012w8-0,n012w8,0,12,100000,100.0,adaptive,2026-07-02T07:24:01+01:00,2,28,26,1062,14,global_best_update,128,98.247159,1360,1215,145,2
n012w8-0,n012w8,0,12,100000,100.0,adaptive,2026-07-02T07:24:01+01:00,2,28,26,1063,14,global_best_update,129,98.233586,1215,1170,45,2
n012w8-0,n012w8,0,12,100000,100.0,adaptive,2026-07-02T07:24:01+01:00,2,28,26,1064,14,global_best_update,132,98.192880,1170,1110,60,2
n012w8-0,n012w8,0,12,100000,100.0,adaptive,2026-07-02T07:24:01+01:00,2,32,30,1069,16,global_best_update,588,92.197682,1110,1010,100,4
n012w8-0,n012w8,0,12,100000,100.0,adaptive,2026-07-02T07:24:01+01:00,2,27,25,1065,13,global_best_update,4419,54.307524,1010,980,30,15
n012w8-0,n012w8,0,12,100000,100.0,adaptive,2026-07-02T07:24:01+01:00,2,32,30,1071,16,global_best_update,11570,20.220878,980,965,15,33
n012w8-0,n012w8,0,12,100000,100.0,adaptive,2026-07-02T07:24:01+01:00,2,32,30,1072,16,global_best_update,15310,12.061463,965,960,5,55
n012w8-0,n012w8,0,12,100000,100.0,adaptive,2026-07-02T07:24:01+01:00,2,29,27,1070,14,global_best_update,18120,8.180880,960,915,45,63
n012w8-0,n012w8,0,12,100000,100.0,adaptive,2026-07-02T07:24:01+01:00,2,18,16,1060,9,global_best_update,24554,3.363257,915,900,15,91
n012w8-0,n012w8,0,12,100000,100.0,adaptive,2026-07-02T07:24:01+01:00,2,30,28,1073,15,global_best_update,21477,5.144936,900,875,25,92
n012w8-0,n012w8,0,12,100000,100.0,adaptive,2026-07-02T07:24:01+01:00,2,28,26,1072,14,global_best_update,32394,1.138571,875,845,30,111
n012w8-0,n012w8,0,12,100000,100.0,adaptive,2026-07-02T07:24:01+01:00,2,32,30,1077,16,global_best_update,32336,1.147731,845,835,10,121
n012w8-0,n012w8,0,12,100000,100.0,adaptive,2026-07-02T07:24:01+01:00,2,29,27,1075,14,global_best_update,42937,0.265326,835,815,20,133
n012w8-0,n012w8,0,12,100000,100.0,adaptive,2026-07-02T07:24:01+01:00,2,29,27,1076,14,global_best_update,48923,0.116043,815,810,5,150
n012w8-0,n012w8,0,12,100000,100.0,adaptive,2026-07-02T07:24:01+01:00,2,29,27,1077,14,global_best_update,50185,0.097477,810,800,10,153
n012w8-0,n012w8,0,12,100000,100.0,adaptive,2026-07-02T07:24:01+01:00,2,29,27,1078,14,global_best_update,52165,0.074148,800,785,15,158
n012w8-0,n012w8,0,12,100000,100.0,adaptive,2026-07-02T07:24:01+01:00,2,26,24,1076,13,global_best_update,60324,0.024019,785,780,5,188
n012w8-0,n012w8,0,12,100000,100.0,adaptive,2026-07-02T07:24:01+01:00,2,29,27,1080,14,global_best_update,65206,0.012236,780,775,5,192
n012w8-0,n012w8,0,12,100000,100.0,adaptive,2026-07-02T07:24:01+01:00,2,32,30,1084,16,global_best_update,58540,0.030733,775,750,25,193
n012w8-0,n012w8,0,12,100000,100.0,adaptive,2026-07-02T07:24:01+01:00,2,21,19,1074,10,global_best_update,62391,0.018053,750,695,55,198
n012w8-0,n012w8,0,12,100000,100.0,adaptive,2026-07-02T07:24:01+01:00,2,29,27,1083,14,global_best_update,79009,0.001817,695,680,15,245
n012w8-0,n012w8,0,12,100000,100.0,adaptive,2026-07-02T07:24:01+01:00,2,31,29,1086,15,global_best_update,78056,0.002073,680,625,55,288
n012w8-0,n012w8,0,12,100000,100.0,adaptive,2026-07-02T07:24:01+01:00,2,24,22,1080,12,global_best_update,92490,0.000282,625,600,25,312
n012w8-0,n012w8,0,12,100000,100.0,adaptive,2026-07-02T07:24:01+01:00,2,31,29,1088,15,global_best_update,97392,0.000143,600,590,10,350
n012w8-0,n012w8,0,12,100000,100.0,adaptive,2026-07-02T07:24:01+01:00,2,42,40,1100,21,global_best_update,9492,26.945112,590,585,5,365
n012w8-0,n012w8,0,12,100000,100.0,adaptive,2026-07-02T07:24:01+01:00,2,54,52,1113,27,global_best_update,2564,70.171377,585,570,15,370
n012w8-0,n012w8,0,12,100000,100.0,adaptive,2026-07-02T07:24:01+01:00,2,48,46,1108,24,global_best_update,7940,33.388738,570,565,5,375
n012w8-0,n012w8,0,12,100000,100.0,adaptive,2026-07-02T07:24:01+01:00,2,49,47,1110,24,global_best_update,7052,37.746788,565,560,5,376
n012w8-0,n012w8,0,12,100000,100.0,adaptive,2026-07-02T07:24:01+01:00,2,54,52,1116,27,global_best_update,5517,46.663789,560,555,5,378
n012w8-0,n012w8,0,12,100000,100.0,adaptive,2026-07-02T07:24:01+01:00,2,57,55,1120,28,global_best_update,284,96.152371,555,505,50,378
n012w8-0,n012w8,0,12,100000,100.0,adaptive,2026-07-02T07:24:01+01:00,2,57,55,1121,28,global_best_update,420,94.362622,505,500,5,379
n012w8-0,n012w8,0,12,100000,100.0,adaptive,2026-07-02T07:24:01+01:00,2,57,55,1122,28,global_best_update,422,94.336552,500,485,15,379
n012w8-0,n012w8,0,12,100000,100.0,adaptive,2026-07-02T07:24:01+01:00,2,57,55,1123,28,global_best_update,766,89.958043,485,455,30,380
n012w8-0,n012w8,0,12,100000,100.0,adaptive,2026-07-02T07:24:01+01:00,2,60,58,1127,30,global_best_update,2623,69.601724,455,445,10,387
n012w8-0,n012w8,0,12,100000,100.0,adaptive,2026-07-02T07:24:01+01:00,2,61,59,1129,30,global_best_update,4094,56.801526,445,420,25,397
n012w8-0,n012w8,0,12,100000,100.0,adaptive,2026-07-02T07:24:01+01:00,2,64,62,1133,32,global_best_update,2729,68.589873,420,375,45,407
n012w8-0,n012w8,0,12,100000,100.0,adaptive,2026-07-02T07:24:01+01:00,2,62,60,1132,31,global_best_update,20015,6.296511,375,365,10,443
n012w8-0,n012w8,0,12,100000,100.0,adaptive,2026-07-02T07:24:01+01:00,2,63,61,1134,31,global_best_update,29839,1.620541,365,360,5,470
n012w8-0,n012w8,0,12,100000,100.0,adaptive,2026-07-02T07:24:01+01:00,2,61,59,1133,30,global_best_update,40927,0.350251,360,355,5,490
n012w8-0,n012w8,0,12,100000,100.0,adaptive,2026-07-02T07:24:01+01:00,2,61,59,1134,30,global_best_update,51096,0.085949,355,350,5,515
n012w8-0,n012w8,0,12,100000,100.0,adaptive,2026-07-02T07:24:01+01:00,2,64,62,1138,32,global_best_update,46830,0.154953,350,345,5,517
n012w8-0,n012w8,0,12,100000,100.0,adaptive,2026-07-02T07:24:01+01:00,2,61,59,1136,30,global_best_update,56496,0.040761,345,325,20,532
n012w8-0,n012w8,0,12,100000,100.0,adaptive,2026-07-02T07:24:01+01:00,2,64,62,1140,32,global_best_update,67185,0.009309,325,315,10,565
n012w8-0,n012w8,0,12,100000,100.0,adaptive,2026-07-02T07:24:01+01:00,2,72,70,1149,36,global_best_update,1851,77.435481,315,290,25,605
n012w8-0,n012w8,0,12,100000,100.0,adaptive,2026-07-02T07:24:01+01:00,2,76,74,1154,38,global_best_update,1668,79.418193,290,285,5,611
n012w8-0,n012w8,0,12,100000,100.0,adaptive,2026-07-02T07:24:01+01:00,2,80,78,1159,40,global_best_update,2624,69.592109,285,255,30,619
n012w8-0,n012w8,0,12,100000,100.0,adaptive,2026-07-02T07:24:01+01:00,2,76,74,1156,38,global_best_update,25776,2.840796,255,245,10,666
n012w8-0,n012w8,0,12,100000,100.0,adaptive,2026-07-02T07:24:01+01:00,2,76,74,1157,38,global_best_update,36140,0.678578,245,240,5,688
n012w8-0,n012w8,0,12,100000,100.0,adaptive,2026-07-02T07:24:01+01:00,3,0,-1,1000,0,global_best_update,3,99.958562,4325,4265,60,0
n012w8-0,n012w8,0,12,100000,100.0,adaptive,2026-07-02T07:24:01+01:00,3,0,-1,1001,0,global_best_update,4,99.944753,4265,4130,135,0
n012w8-0,n012w8,0,12,100000,100.0,adaptive,2026-07-02T07:24:01+01:00,3,0,-1,1002,0,global_best_update,5,99.930946,4130,4100,30,0
n012w8-0,n012w8,0,12,100000,100.0,adaptive,2026-07-02T07:24:01+01:00,3,0,-1,1003,0,global_best_update,8,99.889537,4100,4070,30,0
n012w8-0,n012w8,0,12,100000,100.0,adaptive,2026-07-02T07:24:01+01:00,3,0,-1,1004,0,global_best_update,11,99.848145,4070,4055,15,1
n012w8-0,n012w8,0,12,100000,100.0,adaptive,2026-07-02T07:24:01+01:00,3,0,-1,1005,0,global_best_update,13,99.820560,4055,4010,45,1
n012w8-0,n012w8,0,12,100000,100.0,adaptive,2026-07-02T07:24:01+01:00,3,0,-1,1006,0,global_best_update,14,99.806770,4010,3875,135,1
n012w8-0,n012w8,0,12,100000,100.0,adaptive,2026-07-02T07:24:01+01:00,3,0,-1,1007,0,global_best_update,16,99.779196,3875,3860,15,1
n012w8-0,n012w8,0,12,100000,100.0,adaptive,2026-07-02T07:24:01+01:00,3,0,-1,1008,0,global_best_update,17,99.765412,3860,3830,30,1
n012w8-0,n012w8,0,12,100000,100.0,adaptive,2026-07-02T07:24:01+01:00,3,0,-1,1009,0,global_best_update,18,99.751630,3830,3500,330,1
n012w8-0,n012w8,0,12,100000,100.0,adaptive,2026-07-02T07:24:01+01:00,3,0,-1,1010,0,global_best_update,19,99.737850,3500,3470,30,1
n012w8-0,n012w8,0,12,100000,100.0,adaptive,2026-07-02T07:24:01+01:00,3,3,1,1014,1,global_best_update,8,99.889537,3470,3335,135,1
n012w8-0,n012w8,0,12,100000,100.0,adaptive,2026-07-02T07:24:01+01:00,3,0,-1,1012,0,global_best_update,38,99.476386,3335,3290,45,1
n012w8-0,n012w8,0,12,100000,100.0,adaptive,2026-07-02T07:24:01+01:00,3,11,9,1024,5,global_best_update,2,99.972373,3290,3110,180,1
n012w8-0,n012w8,0,12,100000,100.0,adaptive,2026-07-02T07:24:01+01:00,3,11,9,1025,5,global_best_update,3,99.958562,3110,2800,310,1
n012w8-0,n012w8,0,12,100000,100.0,adaptive,2026-07-02T07:24:01+01:00,3,11,9,1026,5,global_best_update,4,99.944753,2800,2785,15,1
n012w8-0,n012w8,0,12,100000,100.0,adaptive,2026-07-02T07:24:01+01:00,3,11,9,1027,5,global_best_update,6,99.917141,2785,2575,210,1
n012w8-0,n012w8,0,12,100000,100.0,adaptive,2026-07-02T07:24:01+01:00,3,0,-1,1017,0,global_best_update,55,99.243027,2575,2540,35,1
n012w8-0,n012w8,0,12,100000,100.0,adaptive,2026-07-02T07:24:01+01:00,3,4,2,1022,2,global_best_update,28,99.613913,2540,2410,130,1
n012w8-0,n012w8,0,12,100000,100.0,adaptive,2026-07-02T07:24:01+01:00,3,20,18,1039,10,global_best_update,1,99.986185,2410,2290,120,1
n012w8-0,n012w8,0,12,100000,100.0,adaptive,2026-07-02T07:24:01+01:00,3,20,18,1040,10,global_best_update,3,99.958562,2290,2125,165,1
n012w8-0,n012w8,0,12,100000,100.0,adaptive,2026-07-02T07:24:01+01:00,3,20,18,1041,10,global_best_update,29,99.600152,2125,2095,30,1
n012w8-0,n012w8,0,12,100000,100.0,adaptive,2026-07-02T07:24:01+01:00,3,20,18,1042,10,global_best_update,35,99.517624,2095,2035,60,1
n012w8-0,n012w8,0,12,100000,100.0,adaptive,2026-07-02T07:24:01+01:00,3,13,11,1036,6,global_best_update,30,99.586392,2035,2025,10,1
n012w8-0,n012w8,0,12,100000,100.0,adaptive,2026-07-02T07:24:01+01:00,3,16,14,1040,8,global_best_update,25,99.655208,2025,1990,35,1
n012w8-0,n012w8,0,12,100000,100.0,adaptive,2026-07-02T07:24:01+01:00,3,13,11,1038,6,global_best_update,31,99.572635,1990,1935,55,1
n012w8-0,n012w8,0,12,100000,100.0,adaptive,2026-07-02T07:24:01+01:00,3,16,14,1042,8,global_best_update,26,99.641441,1935,1870,65,1
n012w8-0,n012w8,0,12,100000,100.0,adaptive,2026-07-02T07:24:01+01:00,3,3,1,1030,1,global_best_update,148,97.976067,1870,1860,10,1
n012w8-0,n012w8,0,12,100000,100.0,adaptive,2026-07-02T07:24:01+01:00,3,3,1,1031,1,global_best_update,149,97.962532,1860,1815,45,1
n012w8-0,n012w8,0,12,100000,100.0,adaptive,2026-07-02T07:24:01+01:00,3,28,26,1057,14,global_best_update,5,99.930946,1815,1810,5,1
n012w8-0,n012w8,0,12,100000,100.0,adaptive,2026-07-02T07:24:01+01:00,3,28,26,1058,14,global_best_update,25,99.655208,1810,1795,15,1
n012w8-0,n012w8,0,12,100000,100.0,adaptive,2026-07-02T07:24:01+01:00,3,20,18,1051,10,global_best_update,91,98.750658,1795,1745,50,1
n012w8-0,n012w8,0,12,100000,100.0,adaptive,2026-07-02T07:24:01+01:00,3,28,26,1060,14,global_best_update,31,99.572635,1745,1735,10,1
n012w8-0,n012w8,0,12,100000,100.0,adaptive,2026-07-02T07:24:01+01:00,3,20,18,1053,10,global_best_update,93,98.723376,1735,1715,20,1
n012w8-0,n012w8,0,12,100000,100.0,adaptive,2026-07-02T07:24:01+01:00,3,20,18,1054,10,global_best_update,95,98.696102,1715,1700,15,1
n012w8-0,n012w8,0,12,100000,100.0,adaptive,2026-07-02T07:24:01+01:00,3,15,13,1050,7,global_best_update,113,98.450970,1700,1680,20,1
n012w8-0,n012w8,0,12,100000,100.0,adaptive,2026-07-02T07:24:01+01:00,3,27,25,1063,13,global_best_update,30,99.586392,1680,1650,30,1
n012w8-0,n012w8,0,12,100000,100.0,adaptive,2026-07-02T07:24:01+01:00,3,25,23,1062,12,global_best_update,70,99.037575,1650,1535,115,1
n012w8-0,n012w8,0,12,100000,100.0,adaptive,2026-07-02T07:24:01+01:00,3,26,24,1064,13,global_best_update,129,98.233586,1535,1530,5,1
n012w8-0,n012w8,0,12,100000,100.0,adaptive,2026-07-02T07:24:01+01:00,3,28,26,1067,14,global_best_update,281,96.192232,1530,1495,35,2
n012w8-0,n012w8,0,12,100000,100.0,adaptive,2026-07-02T07:24:01+01:00,3,28,26,1068,14,global_best_update,284,96.152371,1495,1405,90,2
n012w8-0,n012w8,0,12,100000,100.0,adaptive,2026-07-02T07:24:01+01:00,3,30,28,1071,15,global_best_update,326,95.596062,1405,1375,30,3
n012w8-0,n012w8,0,12,100000,100.0,adaptive,2026-07-02T07:24:01+01:00,3,22,20,1064,11,global_best_update,926,87.991354,1375,1340,35,3
n012w8-0,n012w8,0,12,100000,100.0,adaptive,2026-07-02T07:24:01+01:00,3,24,22,1067,12,global_best_update,1447,81.880408,1340,1335,5,6
n012w8-0,n012w8,0,12,100000,100.0,adaptive,2026-07-02T07:24:01+01:00,3,29,27,1073,14,global_best_update,2013,75.721638,1335,1270,65,8
n012w8-0,n012w8,0,12,100000,100.0,adaptive,2026-07-02T07:24:01+01:00,3,29,27,1074,14,global_best_update,2015,75.700718,1270,1255,15,8
n012w8-0,n012w8,0,12,100000,100.0,adaptive,2026-07-02T07:24:01+01:00,3,29,27,1075,14,global_best_update,2021,75.637994,1255,1195,60,8
n012w8-0,n012w8,0,12,100000,100.0,adaptive,2026-07-02T07:24:01+01:00,3,31,29,1078,15,global_best_update,8361,31.502136,1195,1190,5,26
n012w8-0,n012w8,0,12,100000,100.0,adaptive,2026-07-02T07:24:01+01:00,3,30,28,1078,15,global_best_update,9434,27.161891,1190,1185,5,28
n012w8-0,n012w8,0,12,100000,100.0,adaptive,2026-07-02T07:24:01+01:00,3,30,28,1079,15,global_best_update,9436,27.154387,1185,1140,45,28
n012w8-0,n012w8,0,12,100000,100.0,adaptive,2026-07-02T07:24:01+01:00,3,30,28,1080,15,global_best_update,10552,23.274481,1140,1100,40,31
n012w8-0,n012w8,0,12,100000,100.0,adaptive,2026-07-02T07:24:01+01:00,3,29,27,1080,14,global_best_update,21573,5.077150,1100,1080,20,63
n012w8-0,n012w8,0,12,100000,100.0,adaptive,2026-07-02T07:24:01+01:00,3,27,25,1079,13,global_best_update,23489,3.896368,1080,1075,5,69
n012w8-0,n012w8,0,12,100000,100.0,adaptive,2026-07-02T07:24:01+01:00,3,31,29,1084,15,global_best_update,24494,3.391252,1075,990,85,73
n012w8-0,n012w8,0,12,100000,100.0,adaptive,2026-07-02T07:24:01+01:00,3,31,29,1085,15,global_best_update,39103,0.450630,990,935,55,113
n012w8-0,n012w8,0,12,100000,100.0,adaptive,2026-07-02T07:24:01+01:00,3,28,26,1083,14,global_best_update,39556,0.423292,935,930,5,114
n012w8-0,n012w8,0,12,100000,100.0,adaptive,2026-07-02T07:24:01+01:00,3,29,27,1085,14,global_best_update,48682,0.119972,930,910,20,145
n012w8-0,n012w8,0,12,100000,100.0,adaptive,2026-07-02T07:24:01+01:00,3,29,27,1086,14,global_best_update,48684,0.119939,910,875,35,145
n012w8-0,n012w8,0,12,100000,100.0,adaptive,2026-07-02T07:24:01+01:00,3,30,28,1088,15,global_best_update,52903,0.066961,875,860,15,156
n012w8-0,n012w8,0,12,100000,100.0,adaptive,2026-07-02T07:24:01+01:00,3,30,28,1089,15,global_best_update,52904,0.066951,860,845,15,156
n012w8-0,n012w8,0,12,100000,100.0,adaptive,2026-07-02T07:24:01+01:00,3,27,25,1087,13,global_best_update,64852,0.012849,845,820,25,196
n012w8-0,n012w8,0,12,100000,100.0,adaptive,2026-07-02T07:24:01+01:00,3,31,29,1092,15,global_best_update,77870,0.002127,820,805,15,237
n012w8-0,n012w8,0,12,100000,100.0,adaptive,2026-07-02T07:24:01+01:00,3,31,29,1093,15,global_best_update,81045,0.001372,805,795,10,248
n012w8-0,n012w8,0,12,100000,100.0,adaptive,2026-07-02T07:24:01+01:00,3,29,27,1092,14,global_best_update,90620,0.000365,795,785,10,273
n012w8-0,n012w8,0,12,100000,100.0,adaptive,2026-07-02T07:24:01+01:00,3,29,27,1093,14,global_best_update,91795,0.000311,785,760,25,276
n012w8-0,n012w8,0,12,100000,100.0,adaptive,2026-07-02T07:24:01+01:00,3,28,26,1093,14,global_best_update,95191,0.000194,760,755,5,309
n012w8-0,n012w8,0,12,100000,100.0,adaptive,2026-07-02T07:24:01+01:00,3,57,55,1123,28,global_best_update,426,94.284434,755,740,15,330
n012w8-0,n012w8,0,12,100000,100.0,adaptive,2026-07-02T07:24:01+01:00,3,61,59,1128,30,global_best_update,264,96.418418,740,730,10,338
n012w8-0,n012w8,0,12,100000,100.0,adaptive,2026-07-02T07:24:01+01:00,3,59,57,1127,29,global_best_update,844,88.993851,730,720,10,339
n012w8-0,n012w8,0,12,100000,100.0,adaptive,2026-07-02T07:24:01+01:00,3,60,58,1129,30,global_best_update,1245,84.197656,720,710,10,340
n012w8-0,n012w8,0,12,100000,100.0,adaptive,2026-07-02T07:24:01+01:00,3,60,58,1130,30,global_best_update,1260,84.023351,710,680,30,341
n012w8-0,n012w8,0,12,100000,100.0,adaptive,2026-07-02T07:24:01+01:00,3,57,55,1128,28,global_best_update,9380,27.365287,680,650,30,355
n012w8-0,n012w8,0,12,100000,100.0,adaptive,2026-07-02T07:24:01+01:00,3,64,62,1136,32,global_best_update,12269,18.359464,650,635,15,386
n012w8-0,n012w8,0,12,100000,100.0,adaptive,2026-07-02T07:24:01+01:00,3,64,62,1137,32,global_best_update,12711,17.271895,635,625,10,388
n012w8-0,n012w8,0,12,100000,100.0,adaptive,2026-07-02T07:24:01+01:00,3,56,54,1130,28,global_best_update,28697,1.897492,625,610,15,404
n012w8-0,n012w8,0,12,100000,100.0,adaptive,2026-07-02T07:24:01+01:00,3,64,62,1139,32,global_best_update,27398,2.270492,610,590,20,428
n012w8-0,n012w8,0,12,100000,100.0,adaptive,2026-07-02T07:24:01+01:00,3,60,58,1136,30,global_best_update,44942,0.201131,590,580,10,457
n012w8-0,n012w8,0,12,100000,100.0,adaptive,2026-07-02T07:24:01+01:00,3,64,62,1141,32,global_best_update,42051,0.299875,580,570,10,466
n012w8-0,n012w8,0,12,100000,100.0,adaptive,2026-07-02T07:24:01+01:00,3,60,58,1138,30,global_best_update,51731,0.078730,570,560,10,474
n012w8-0,n012w8,0,12,100000,100.0,adaptive,2026-07-02T07:24:01+01:00,3,57,55,1136,28,global_best_update,58534,0.030758,560,555,5,484
n012w8-0,n012w8,0,12,100000,100.0,adaptive,2026-07-02T07:24:01+01:00,3,60,58,1140,30,global_best_update,78099,0.002061,555,550,5,542
n012w8-0,n012w8,0,12,100000,100.0,adaptive,2026-07-02T07:24:01+01:00,3,60,58,1141,30,global_best_update,83312,0.001003,550,545,5,557
n012w8-0,n012w8,0,12,100000,100.0,adaptive,2026-07-02T07:24:01+01:00,3,55,53,1137,27,global_best_update,95776,0.000179,545,535,10,585
n012w8-0,n012w8,0,12,100000,100.0,adaptive,2026-07-02T07:24:01+01:00,3,78,76,1161,39,global_best_update,54,99.256738,535,520,15,588
n012w8-0,n012w8,0,12,100000,100.0,adaptive,2026-07-02T07:24:01+01:00,3,78,76,1162,39,global_best_update,254,96.551717,520,490,30,588
n012w8-0,n012w8,0,12,100000,100.0,adaptive,2026-07-02T07:24:01+01:00,3,85,83,1170,42,global_best_update,5326,47.911526,490,485,5,607
n012w8-0,n012w8,0,12,100000,100.0,adaptive,2026-07-02T07:24:01+01:00,3,84,82,1170,42,global_best_update,33315,1.002536,485,475,10,675
n012w8-0,n012w8,0,12,100000,100.0,adaptive,2026-07-02T07:24:01+01:00,3,85,83,1172,42,global_best_update,34777,0.819181,475,470,5,680
n012w8-0,n012w8,0,12,100000,100.0,adaptive,2026-07-02T07:24:01+01:00,3,78,76,1166,39,global_best_update,70449,0.005930,470,455,15,758
n012w8-0,n012w8,0,12,100000,100.0,adaptive,2026-07-02T07:24:01+01:00,4,0,-1,1000,0,global_best_update,2,99.972373,3510,3490,20,1
n012w8-0,n012w8,0,12,100000,100.0,adaptive,2026-07-02T07:24:01+01:00,4,0,-1,1001,0,global_best_update,3,99.958562,3490,3160,330,1
n012w8-0,n012w8,0,12,100000,100.0,adaptive,2026-07-02T07:24:01+01:00,4,0,-1,1002,0,global_best_update,5,99.930946,3160,2980,180,1
n012w8-0,n012w8,0,12,100000,100.0,adaptive,2026-07-02T07:24:01+01:00,4,0,-1,1003,0,global_best_update,10,99.861940,2980,2815,165,1
n012w8-0,n012w8,0,12,100000,100.0,adaptive,2026-07-02T07:24:01+01:00,4,0,-1,1004,0,global_best_update,12,99.834351,2815,2800,15,1
n012w8-0,n012w8,0,12,100000,100.0,adaptive,2026-07-02T07:24:01+01:00,4,0,-1,1005,0,global_best_update,13,99.820560,2800,2770,30,1
n012w8-0,n012w8,0,12,100000,100.0,adaptive,2026-07-02T07:24:01+01:00,4,0,-1,1006,0,global_best_update,18,99.751630,2770,2635,135,1
n012w8-0,n012w8,0,12,100000,100.0,adaptive,2026-07-02T07:24:01+01:00,4,0,-1,1007,0,global_best_update,21,99.710295,2635,2605,30,1
n012w8-0,n012w8,0,12,100000,100.0,adaptive,2026-07-02T07:24:01+01:00,4,0,-1,1008,0,global_best_update,22,99.696520,2605,2575,30,1
n012w8-0,n012w8,0,12,100000,100.0,adaptive,2026-07-02T07:24:01+01:00,4,0,-1,1009,0,global_best_update,27,99.627676,2575,2410,165,1
n012w8-0,n012w8,0,12,100000,100.0,adaptive,2026-07-02T07:24:01+01:00,4,0,-1,1010,0,global_best_update,28,99.613913,2410,2245,165,1
n012w8-0,n012w8,0,12,100000,100.0,adaptive,2026-07-02T07:24:01+01:00,4,0,-1,1011,0,global_best_update,32,99.558879,2245,2155,90,1
n012w8-0,n012w8,0,12,100000,100.0,adaptive,2026-07-02T07:24:01+01:00,4,0,-1,1012,0,global_best_update,37,99.490130,2155,1945,210,1
n012w8-0,n012w8,0,12,100000,100.0,adaptive,2026-07-02T07:24:01+01:00,4,0,-1,1013,0,global_best_update,41,99.435165,1945,1930,15,1
n012w8-0,n012w8,0,12,100000,100.0,adaptive,2026-07-02T07:24:01+01:00,4,0,-1,1014,0,global_best_update,43,99.407694,1930,1900,30,1
n012w8-0,n012w8,0,12,100000,100.0,adaptive,2026-07-02T07:24:01+01:00,4,0,-1,1015,0,global_best_update,45,99.380231,1900,1810,90,1
n012w8-0,n012w8,0,12,100000,100.0,adaptive,2026-07-02T07:24:01+01:00,4,7,5,1023,3,global_best_update,23,99.682748,1810,1785,25,1
n012w8-0,n012w8,0,12,100000,100.0,adaptive,2026-07-02T07:24:01+01:00,4,7,5,1024,3,global_best_update,24,99.668977,1785,1755,30,1
n012w8-0,n012w8,0,12,100000,100.0,adaptive,2026-07-02T07:24:01+01:00,4,7,5,1025,3,global_best_update,26,99.641441,1755,1690,65,1
n012w8-0,n012w8,0,12,100000,100.0,adaptive,2026-07-02T07:24:01+01:00,4,7,5,1026,3,global_best_update,27,99.627676,1690,1675,15,1
n012w8-0,n012w8,0,12,100000,100.0,adaptive,2026-07-02T07:24:01+01:00,4,14,12,1034,7,global_best_update,12,99.834351,1675,1540,135,1
n012w8-0,n012w8,0,12,100000,100.0,adaptive,2026-07-02T07:24:01+01:00,4,3,1,1024,1,global_best_update,91,98.750658,1540,1460,80,1
n012w8-0,n012w8,0,12,100000,100.0,adaptive,2026-07-02T07:24:01+01:00,4,5,3,1027,2,global_best_update,627,91.702252,1460,1440,20,2
n012w8-0,n012w8,0,12,100000,100.0,adaptive,2026-07-02T07:24:01+01:00,4,24,22,1047,12,global_best_update,4,99.944753,1440,1425,15,2
n012w8-0,n012w8,0,12,100000,100.0,adaptive,2026-07-02T07:24:01+01:00,4,24,22,1048,12,global_best_update,9,99.875738,1425,1365,60,2
n012w8-0,n012w8,0,12,100000,100.0,adaptive,2026-07-02T07:24:01+01:00,4,24,22,1049,12,global_best_update,17,99.765412,1365,1275,90,2
n012w8-0,n012w8,0,12,100000,100.0,adaptive,2026-07-02T07:24:01+01:00,4,24,22,1050,12,global_best_update,19,99.737850,1275,1260,15,2
n012w8-0,n012w8,0,12,100000,100.0,adaptive,2026-07-02T07:24:01+01:00,4,24,22,1051,12,global_best_update,20,99.724071,1260,1170,90,2
n012w8-0,n012w8,0,12,100000,100.0,adaptive,2026-07-02T07:24:01+01:00,4,24,22,1052,12,global_best_update,21,99.710295,1170,1125,45,2
n012w8-0,n012w8,0,12,100000,100.0,adaptive,2026-07-02T07:24:01+01:00,4,22,20,1051,11,global_best_update,97,98.668835,1125,1095,30,3
n012w8-0,n012w8,0,12,100000,100.0,adaptive,2026-07-02T07:24:01+01:00,4,14,12,1044,7,global_best_update,363,95.108646,1095,1060,35,3
n012w8-0,n012w8,0,12,100000,100.0,adaptive,2026-07-02T07:24:01+01:00,4,32,30,1063,16,global_best_update,8,99.889537,1060,1030,30,3
n012w8-0,n012w8,0,12,100000,100.0,adaptive,2026-07-02T07:24:01+01:00,4,32,30,1064,16,global_best_update,9,99.875738,1030,1000,30,3
n012w8-0,n012w8,0,12,100000,100.0,adaptive,2026-07-02T07:24:01+01:00,4,32,30,1065,16,global_best_update,13,99.820560,1000,985,15,3
n012w8-0,n012w8,0,12,100000,100.0,adaptive,2026-07-02T07:24:01+01:00,4,32,30,1066,16,global_best_update,64,99.119705,985,940,45,3
n012w8-0,n012w8,0,12,100000,100.0,adaptive,2026-07-02T07:24:01+01:00,4,32,30,1067,16,global_best_update,249,96.618435,940,925,15,3
n012w8-0,n012w8,0,12,100000,100.0,adaptive,2026-07-02T07:24:01+01:00,4,32,30,1068,16,global_best_update,303,95.900308,925,910,15,3
n012w8-0,n012w8,0,12,100000,100.0,adaptive,2026-07-02T07:24:01+01:00,4,32,30,1069,16,global_best_update,418,94.388699,910,895,15,3
n012w8-0,n012w8,0,12,100000,100.0,adaptive,2026-07-02T07:24:01+01:00,4,32,30,1070,16,global_best_update,441,94.089249,895,835,60,3
n012w8-0,n012w8,0,12,100000,100.0,adaptive,2026-07-02T07:24:01+01:00,4,30,28,1069,15,global_best_update,594,92.121288,835,795,40,4
n012w8-0,n012w8,0,12,100000,100.0,adaptive,2026-07-02T07:24:01+01:00,4,32,30,1072,16,global_best_update,2260,73.181280,795,790,5,8
n012w8-0,n012w8,0,12,100000,100.0,adaptive,2026-07-02T07:24:01+01:00,4,32,30,1073,16,global_best_update,3310,63.299459,790,780,10,10
n012w8-0,n012w8,0,12,100000,100.0,adaptive,2026-07-02T07:24:01+01:00,4,32,30,1074,16,global_best_update,3311,63.290715,780,705,75,10
n012w8-0,n012w8,0,12,100000,100.0,adaptive,2026-07-02T07:24:01+01:00,4,31,29,1074,15,global_best_update,10021,25.046094,705,685,20,28
n012w8-0,n012w8,0,12,100000,100.0,adaptive,2026-07-02T07:24:01+01:00,4,31,29,1075,15,global_best_update,14604,13.297194,685,655,30,38
n012w8-0,n012w8,0,12,100000,100.0,adaptive,2026-07-02T07:24:01+01:00,4,30,28,1075,15,global_best_update,28005,2.087853,655,645,10,66
n012w8-0,n012w8,0,12,100000,100.0,adaptive,2026-07-02T07:24:01+01:00,4,30,28,1076,15,global_best_update,29121,1.789534,645,625,20,68
n012w8-0,n012w8,0,12,100000,100.0,adaptive,2026-07-02T07:24:01+01:00,4,31,29,1078,15,global_best_update,30089,1.565525,625,600,25,72
n012w8-0,n012w8,0,12,100000,100.0,adaptive,2026-07-02T07:24:01+01:00,4,31,29,1079,15,global_best_update,30093,1.564660,600,555,45,72
n012w8-0,n012w8,0,12,100000,100.0,adaptive,2026-07-02T07:24:01+01:00,4,31,29,1080,15,global_best_update,30096,1.564012,555,540,15,72
n012w8-0,n012w8,0,12,100000,100.0,adaptive,2026-07-02T07:24:01+01:00,4,31,29,1081,15,global_best_update,39255,0.441266,540,510,30,93
n012w8-0,n012w8,0,12,100000,100.0,adaptive,2026-07-02T07:24:01+01:00,4,30,28,1081,15,global_best_update,47642,0.138510,510,505,5,110
n012w8-0,n012w8,0,12,100000,100.0,adaptive,2026-07-02T07:24:01+01:00,4,30,28,1082,15,global_best_update,56942,0.038325,505,460,45,130
n012w8-0,n012w8,0,12,100000,100.0,adaptive,2026-07-02T07:24:01+01:00,4,30,28,1083,15,global_best_update,61298,0.020995,460,415,45,141
n012w8-0,n012w8,0,12,100000,100.0,adaptive,2026-07-02T07:24:01+01:00,4,32,30,1086,16,global_best_update,68234,0.008053,415,390,25,155
n012w8-0,n012w8,0,12,100000,100.0,adaptive,2026-07-02T07:24:01+01:00,4,51,49,1106,25,global_best_update,113,98.450970,390,270,120,230
n012w8-0,n012w8,0,12,100000,100.0,adaptive,2026-07-02T07:24:01+01:00,4,57,55,1113,28,global_best_update,109,98.505391,270,255,15,231
n012w8-0,n012w8,0,12,100000,100.0,adaptive,2026-07-02T07:24:01+01:00,4,58,56,1115,29,global_best_update,109,98.505391,255,240,15,231
n012w8-0,n012w8,0,12,100000,100.0,adaptive,2026-07-02T07:24:01+01:00,4,57,55,1115,28,global_best_update,4306,55.162000,240,210,30,240
n012w8-0,n012w8,0,12,100000,100.0,adaptive,2026-07-02T07:24:01+01:00,4,57,55,1116,28,global_best_update,5227,48.571330,210,195,15,241
n012w8-0,n012w8,0,12,100000,100.0,adaptive,2026-07-02T07:24:01+01:00,4,61,59,1121,30,global_best_update,27,99.627676,195,165,30,242
n012w8-0,n012w8,0,12,100000,100.0,adaptive,2026-07-02T07:24:01+01:00,4,57,55,1118,28,global_best_update,41310,0.332200,165,150,15,314
n012w8-0,n012w8,0,12,100000,100.0,adaptive,2026-07-02T07:24:01+01:00,4,57,55,1119,28,global_best_update,42659,0.275715,150,135,15,316
n012w8-0,n012w8,0,12,100000,100.0,adaptive,2026-07-02T07:24:01+01:00,4,64,62,1127,32,global_best_update,150,97.948999,135,120,15,317
n012w8-0,n012w8,0,12,100000,100.0,adaptive,2026-07-02T07:24:01+01:00,5,0,-1,1000,0,global_best_update,7,99.903338,4440,4050,390,0
n012w8-0,n012w8,0,12,100000,100.0,adaptive,2026-07-02T07:24:01+01:00,5,0,-1,1001,0,global_best_update,8,99.889537,4050,3960,90,0
n012w8-0,n012w8,0,12,100000,100.0,adaptive,2026-07-02T07:24:01+01:00,5,0,-1,1002,0,global_best_update,10,99.861940,3960,3840,120,0
n012w8-0,n012w8,0,12,100000,100.0,adaptive,2026-07-02T07:24:01+01:00,5,0,-1,1003,0,global_best_update,11,99.848145,3840,3480,360,0
n012w8-0,n012w8,0,12,100000,100.0,adaptive,2026-07-02T07:24:01+01:00,5,0,-1,1004,0,global_best_update,12,99.834351,3480,3450,30,0
n012w8-0,n012w8,0,12,100000,100.0,adaptive,2026-07-02T07:24:01+01:00,5,0,-1,1005,0,global_best_update,14,99.806770,3450,3405,45,0
n012w8-0,n012w8,0,12,100000,100.0,adaptive,2026-07-02T07:24:01+01:00,5,0,-1,1006,0,global_best_update,21,99.710295,3405,3315,90,0
n012w8-0,n012w8,0,12,100000,100.0,adaptive,2026-07-02T07:24:01+01:00,5,6,4,1013,3,global_best_update,1,99.986185,3315,3270,45,0
n012w8-0,n012w8,0,12,100000,100.0,adaptive,2026-07-02T07:24:01+01:00,5,0,-1,1008,0,global_best_update,22,99.696520,3270,3045,225,0
n012w8-0,n012w8,0,12,100000,100.0,adaptive,2026-07-02T07:24:01+01:00,5,0,-1,1009,0,global_best_update,24,99.668977,3045,2565,480,0
n012w8-0,n012w8,0,12,100000,100.0,adaptive,2026-07-02T07:24:01+01:00,5,0,-1,1010,0,global_best_update,25,99.655208,2565,2385,180,0
n012w8-0,n012w8,0,12,100000,100.0,adaptive,2026-07-02T07:24:01+01:00,5,0,-1,1011,0,global_best_update,26,99.641441,2385,2325,60,0
n012w8-0,n012w8,0,12,100000,100.0,adaptive,2026-07-02T07:24:01+01:00,5,11,9,1023,5,global_best_update,4,99.944753,2325,2235,90,0
n012w8-0,n012w8,0,12,100000,100.0,adaptive,2026-07-02T07:24:01+01:00,5,11,9,1024,5,global_best_update,6,99.917141,2235,2085,150,0
n012w8-0,n012w8,0,12,100000,100.0,adaptive,2026-07-02T07:24:01+01:00,5,11,9,1025,5,global_best_update,7,99.903338,2085,2055,30,0
n012w8-0,n012w8,0,12,100000,100.0,adaptive,2026-07-02T07:24:01+01:00,5,11,9,1026,5,global_best_update,8,99.889537,2055,1965,90,0
n012w8-0,n012w8,0,12,100000,100.0,adaptive,2026-07-02T07:24:01+01:00,5,5,3,1021,2,global_best_update,40,99.448904,1965,1940,25,0
n012w8-0,n012w8,0,12,100000,100.0,adaptive,2026-07-02T07:24:01+01:00,5,5,3,1022,2,global_best_update,41,99.435165,1940,1910,30,0
n012w8-0,n012w8,0,12,100000,100.0,adaptive,2026-07-02T07:24:01+01:00,5,5,3,1023,2,global_best_update,42,99.421429,1910,1790,120,0
n012w8-0,n012w8,0,12,100000,100.0,adaptive,2026-07-02T07:24:01+01:00,5,5,3,1024,2,global_best_update,43,99.407694,1790,1760,30,0
n012w8-0,n012w8,0,12,100000,100.0,adaptive,2026-07-02T07:24:01+01:00,5,21,19,1041,10,global_best_update,2,99.972373,1760,1715,45,0
n012w8-0,n012w8,0,12,100000,100.0,adaptive,2026-07-02T07:24:01+01:00,5,21,19,1042,10,global_best_update,3,99.958562,1715,1695,20,0
n012w8-0,n012w8,0,12,100000,100.0,adaptive,2026-07-02T07:24:01+01:00,5,21,19,1043,10,global_best_update,8,99.889537,1695,1665,30,0
n012w8-0,n012w8,0,12,100000,100.0,adaptive,2026-07-02T07:24:01+01:00,5,21,19,1044,10,global_best_update,11,99.848145,1665,1515,150,0
n012w8-0,n012w8,0,12,100000,100.0,adaptive,2026-07-02T07:24:01+01:00,5,16,14,1040,8,global_best_update,38,99.476386,1515,1495,20,1
n012w8-0,n012w8,0,12,100000,100.0,adaptive,2026-07-02T07:24:01+01:00,5,23,21,1048,11,global_best_update,11,99.848145,1495,1425,70,1
n012w8-0,n012w8,0,12,100000,100.0,adaptive,2026-07-02T07:24:01+01:00,5,22,20,1048,11,global_best_update,12,99.834351,1425,1235,190,1
n012w8-0,n012w8,0,12,100000,100.0,adaptive,2026-07-02T07:24:01+01:00,5,22,20,1049,11,global_best_update,14,99.806770,1235,1215,20,1
n012w8-0,n012w8,0,12,100000,100.0,adaptive,2026-07-02T07:24:01+01:00,5,28,26,1056,14,global_best_update,14,99.806770,1215,1175,40,1
n012w8-0,n012w8,0,12,100000,100.0,adaptive,2026-07-02T07:24:01+01:00,5,28,26,1057,14,global_best_update,63,99.133400,1175,1160,15,1
n012w8-0,n012w8,0,12,100000,100.0,adaptive,2026-07-02T07:24:01+01:00,5,28,26,1058,14,global_best_update,71,99.023894,1160,1115,45,1
n012w8-0,n012w8,0,12,100000,100.0,adaptive,2026-07-02T07:24:01+01:00,5,28,26,1059,14,global_best_update,90,98.764302,1115,1105,10,1
n012w8-0,n012w8,0,12,100000,100.0,adaptive,2026-07-02T07:24:01+01:00,5,28,26,1060,14,global_best_update,91,98.750658,1105,1075,30,1
n012w8-0,n012w8,0,12,100000,100.0,adaptive,2026-07-02T07:24:01+01:00,5,28,26,1061,14,global_best_update,92,98.737016,1075,1060,15,1
n012w8-0,n012w8,0,12,100000,100.0,adaptive,2026-07-02T07:24:01+01:00,5,28,26,1062,14,global_best_update,93,98.723376,1060,1045,15,1
n012w8-0,n012w8,0,12,100000,100.0,adaptive,2026-07-02T07:24:01+01:00,5,28,26,1063,14,global_best_update,266,96.391780,1045,1000,45,1
n012w8-0,n012w8,0,12,100000,100.0,adaptive,2026-07-02T07:24:01+01:00,5,28,26,1064,14,global_best_update,290,96.072701,1000,995,5,1
n012w8-0,n012w8,0,12,100000,100.0,adaptive,2026-07-02T07:24:01+01:00,5,28,26,1065,14,global_best_update,291,96.059429,995,890,105,1
n012w8-0,n012w8,0,12,100000,100.0,adaptive,2026-07-02T07:24:01+01:00,5,32,30,1070,16,global_best_update,1934,76.552610,890,875,15,10
n012w8-0,n012w8,0,12,100000,100.0,adaptive,2026-07-02T07:24:01+01:00,5,32,30,1071,16,global_best_update,2338,72.396905,875,850,25,12
n012w8-0,n012w8,0,12,100000,100.0,adaptive,2026-07-02T07:24:01+01:00,5,31,29,1071,15,global_best_update,5062,49.691259,850,785,65,24
n012w8-0,n012w8,0,12,100000,100.0,adaptive,2026-07-02T07:24:01+01:00,5,31,29,1072,15,global_best_update,5063,49.684394,785,770,15,24
n012w8-0,n012w8,0,12,100000,100.0,adaptive,2026-07-02T07:24:01+01:00,5,31,29,1073,15,global_best_update,6100,43.052661,770,710,60,29
n012w8-0,n012w8,0,12,100000,100.0,adaptive,2026-07-02T07:24:01+01:00,5,32,30,1075,16,global_best_update,24867,3.220920,710,690,20,76
n012w8-0,n012w8,0,12,100000,100.0,adaptive,2026-07-02T07:24:01+01:00,5,32,30,1076,16,global_best_update,24868,3.220476,690,660,30,76
n012w8-0,n012w8,0,12,100000,100.0,adaptive,2026-07-02T07:24:01+01:00,5,32,30,1077,16,global_best_update,41703,0.314644,660,650,10,120
n012w8-0,n012w8,0,12,100000,100.0,adaptive,2026-07-02T07:24:01+01:00,5,31,29,1077,15,global_best_update,45843,0.177591,650,635,15,133
n012w8-0,n012w8,0,12,100000,100.0,adaptive,2026-07-02T07:24:01+01:00,5,31,29,1078,15,global_best_update,51862,0.077318,635,610,25,149
n012w8-0,n012w8,0,12,100000,100.0,adaptive,2026-07-02T07:24:01+01:00,5,31,29,1079,15,global_best_update,71824,0.004904,610,570,40,198
n012w8-0,n012w8,0,12,100000,100.0,adaptive,2026-07-02T07:24:01+01:00,5,30,28,1079,15,global_best_update,82840,0.001071,570,555,15,225
n012w8-0,n012w8,0,12,100000,100.0,adaptive,2026-07-02T07:24:01+01:00,5,28,26,1078,14,global_best_update,96291,0.000167,555,535,20,246
n012w8-0,n012w8,0,12,100000,100.0,adaptive,2026-07-02T07:24:01+01:00,5,50,48,1101,25,global_best_update,113,98.450970,535,525,10,266
n012w8-0,n012w8,0,12,100000,100.0,adaptive,2026-07-02T07:24:01+01:00,5,50,48,1102,25,global_best_update,224,96.952721,525,495,30,266
n012w8-0,n012w8,0,12,100000,100.0,adaptive,2026-07-02T07:24:01+01:00,5,50,48,1103,25,global_best_update,320,95.675337,495,480,15,267
n012w8-0,n012w8,0,12,100000,100.0,adaptive,2026-07-02T07:24:01+01:00,5,54,52,1108,27,global_best_update,237,96.778748,480,450,30,268
n012w8-0,n012w8,0,12,100000,100.0,adaptive,2026-07-02T07:24:01+01:00,5,55,53,1110,27,global_best_update,479,93.596584,450,420,30,268
n012w8-0,n012w8,0,12,100000,100.0,adaptive,2026-07-02T07:24:01+01:00,5,57,55,1113,28,global_best_update,585,92.235902,420,410,10,270
n012w8-0,n012w8,0,12,100000,100.0,adaptive,2026-07-02T07:24:01+01:00,5,55,53,1112,27,global_best_update,1504,81.238145,410,390,20,271
n012w8-0,n012w8,0,12,100000,100.0,adaptive,2026-07-02T07:24:01+01:00,5,59,57,1117,29,global_best_update,151,97.935467,390,380,10,271
n012w8-0,n012w8,0,12,100000,100.0,adaptive,2026-07-02T07:24:01+01:00,5,59,57,1118,29,global_best_update,250,96.605088,380,375,5,272
n012w8-0,n012w8,0,12,100000,100.0,adaptive,2026-07-02T07:24:01+01:00,5,61,59,1121,30,global_best_update,3,99.958562,375,365,10,272
n012w8-0,n012w8,0,12,100000,100.0,adaptive,2026-07-02T07:24:01+01:00,5,50,48,1111,25,global_best_update,93059,0.000261,365,360,5,478
n012w8-0,n012w8,0,12,100000,100.0,adaptive,2026-07-02T07:24:01+01:00,5,63,61,1125,31,global_best_update,261,96.458388,360,350,10,479
n012w8-0,n012w8,0,12,100000,100.0,adaptive,2026-07-02T07:24:01+01:00,6,0,-1,1000,0,global_best_update,1,99.986185,3445,3235,210,0
n012w8-0,n012w8,0,12,100000,100.0,adaptive,2026-07-02T07:24:01+01:00,6,0,-1,1001,0,global_best_update,7,99.903338,3235,3175,60,0
n012w8-0,n012w8,0,12,100000,100.0,adaptive,2026-07-02T07:24:01+01:00,6,0,-1,1002,0,global_best_update,8,99.889537,3175,3115,60,0
n012w8-0,n012w8,0,12,100000,100.0,adaptive,2026-07-02T07:24:01+01:00,6,0,-1,1003,0,global_best_update,9,99.875738,3115,2920,195,0
n012w8-0,n012w8,0,12,100000,100.0,adaptive,2026-07-02T07:24:01+01:00,6,0,-1,1004,0,global_best_update,11,99.848145,2920,2830,90,0
n012w8-0,n012w8,0,12,100000,100.0,adaptive,2026-07-02T07:24:01+01:00,6,0,-1,1005,0,global_best_update,12,99.834351,2830,2740,90,0
n012w8-0,n012w8,0,12,100000,100.0,adaptive,2026-07-02T07:24:01+01:00,6,0,-1,1006,0,global_best_update,13,99.820560,2740,2575,165,0
n012w8-0,n012w8,0,12,100000,100.0,adaptive,2026-07-02T07:24:01+01:00,6,0,-1,1007,0,global_best_update,14,99.806770,2575,2515,60,0
n012w8-0,n012w8,0,12,100000,100.0,adaptive,2026-07-02T07:24:01+01:00,6,0,-1,1008,0,global_best_update,15,99.792982,2515,2350,165,0
n012w8-0,n012w8,0,12,100000,100.0,adaptive,2026-07-02T07:24:01+01:00,6,0,-1,1009,0,global_best_update,20,99.724071,2350,2290,60,0
n012w8-0,n012w8,0,12,100000,100.0,adaptive,2026-07-02T07:24:01+01:00,6,0,-1,1010,0,global_best_update,21,99.710295,2290,2180,110,0
n012w8-0,n012w8,0,12,100000,100.0,adaptive,2026-07-02T07:24:01+01:00,6,0,-1,1011,0,global_best_update,22,99.696520,2180,2120,60,0
n012w8-0,n012w8,0,12,100000,100.0,adaptive,2026-07-02T07:24:01+01:00,6,0,-1,1012,0,global_best_update,24,99.668977,2120,2045,75,0
n012w8-0,n012w8,0,12,100000,100.0,adaptive,2026-07-02T07:24:01+01:00,6,0,-1,1013,0,global_best_update,25,99.655208,2045,1970,75,0
n012w8-0,n012w8,0,12,100000,100.0,adaptive,2026-07-02T07:24:01+01:00,6,0,-1,1014,0,global_best_update,38,99.476386,1970,1915,55,0
n012w8-0,n012w8,0,12,100000,100.0,adaptive,2026-07-02T07:24:01+01:00,6,0,-1,1015,0,global_best_update,39,99.462644,1915,1870,45,0
n012w8-0,n012w8,0,12,100000,100.0,adaptive,2026-07-02T07:24:01+01:00,6,0,-1,1016,0,global_best_update,43,99.407694,1870,1810,60,0
n012w8-0,n012w8,0,12,100000,100.0,adaptive,2026-07-02T07:24:01+01:00,6,0,-1,1017,0,global_best_update,44,99.393961,1810,1795,15,0
n012w8-0,n012w8,0,12,100000,100.0,adaptive,2026-07-02T07:24:01+01:00,6,0,-1,1018,0,global_best_update,45,99.380231,1795,1615,180,0
n012w8-0,n012w8,0,12,100000,100.0,adaptive,2026-07-02T07:24:01+01:00,6,0,-1,1019,0,global_best_update,67,99.078632,1615,1600,15,0
n012w8-0,n012w8,0,12,100000,100.0,adaptive,2026-07-02T07:24:01+01:00,6,0,-1,1020,0,global_best_update,81,98.887182,1600,1590,10,0
n012w8-0,n012w8,0,12,100000,100.0,adaptive,2026-07-02T07:24:01+01:00,6,5,3,1026,2,global_best_update,229,96.885771,1590,1485,105,1
n012w8-0,n012w8,0,12,100000,100.0,adaptive,2026-07-02T07:24:01+01:00,6,5,3,1027,2,global_best_update,230,96.872387,1485,1395,90,1
n012w8-0,n012w8,0,12,100000,100.0,adaptive,2026-07-02T07:24:01+01:00,6,22,20,1045,11,global_best_update,27,99.627676,1395,1365,30,1
n012w8-0,n012w8,0,12,100000,100.0,adaptive,2026-07-02T07:24:01+01:00,6,22,20,1046,11,global_best_update,32,99.558879,1365,1245,120,1
n012w8-0,n012w8,0,12,100000,100.0,adaptive,2026-07-02T07:24:01+01:00,6,22,20,1047,11,global_best_update,33,99.545126,1245,1125,120,1
n012w8-0,n012w8,0,12,100000,100.0,adaptive,2026-07-02T07:24:01+01:00,6,22,20,1048,11,global_best_update,749,90.169570,1125,1090,35,2
n012w8-0,n012w8,0,12,100000,100.0,adaptive,2026-07-02T07:24:01+01:00,6,22,20,1049,11,global_best_update,2426,71.522058,1090,1070,20,4
n012w8-0,n012w8,0,12,100000,100.0,adaptive,2026-07-02T07:24:01+01:00,6,29,27,1057,14,global_best_update,6,99.917141,1070,1025,45,5
n012w8-0,n012w8,0,12,100000,100.0,adaptive,2026-07-02T07:24:01+01:00,6,29,27,1058,14,global_best_update,10,99.861940,1025,940,85,5
n012w8-0,n012w8,0,12,100000,100.0,adaptive,2026-07-02T07:24:01+01:00,6,29,27,1059,14,global_best_update,12,99.834351,940,910,30,5
n012w8-0,n012w8,0,12,100000,100.0,adaptive,2026-07-02T07:24:01+01:00,6,25,23,1056,12,global_best_update,75,98.969186,910,880,30,5
n012w8-0,n012w8,0,12,100000,100.0,adaptive,2026-07-02T07:24:01+01:00,6,25,23,1057,12,global_best_update,77,98.941844,880,865,15,5
n012w8-0,n012w8,0,12,100000,100.0,adaptive,2026-07-02T07:24:01+01:00,6,27,25,1060,13,global_best_update,138,98.111519,865,850,15,5
n012w8-0,n012w8,0,12,100000,100.0,adaptive,2026-07-02T07:24:01+01:00,6,32,30,1066,16,global_best_update,19,99.737850,850,835,15,5
n012w8-0,n012w8,0,12,100000,100.0,adaptive,2026-07-02T07:24:01+01:00,6,32,30,1067,16,global_best_update,20,99.724071,835,715,120,5
n012w8-0,n012w8,0,12,100000,100.0,adaptive,2026-07-02T07:24:01+01:00,6,32,30,1068,16,global_best_update,3639,60.486715,715,655,60,13
n012w8-0,n012w8,0,12,100000,100.0,adaptive,2026-07-02T07:24:01+01:00,6,31,29,1068,15,global_best_update,3235,63.958755,655,625,30,14
n012w8-0,n012w8,0,12,100000,100.0,adaptive,2026-07-02T07:24:01+01:00,6,31,29,1069,15,global_best_update,7237,36.794254,625,610,15,23
n012w8-0,n012w8,0,12,100000,100.0,adaptive,2026-07-02T07:24:01+01:00,6,32,30,1071,16,global_best_update,15272,12.124951,610,585,25,40
n012w8-0,n012w8,0,12,100000,100.0,adaptive,2026-07-02T07:24:01+01:00,6,32,30,1072,16,global_best_update,16993,9.559166,585,565,20,44
n012w8-0,n012w8,0,12,100000,100.0,adaptive,2026-07-02T07:24:01+01:00,6,29,27,1070,14,global_best_update,19566,6.699463,565,535,30,51
n012w8-0,n012w8,0,12,100000,100.0,adaptive,2026-07-02T07:24:01+01:00,6,31,29,1073,15,global_best_update,24687,3.302022,535,505,30,64
n012w8-0,n012w8,0,12,100000,100.0,adaptive,2026-07-02T07:24:01+01:00,6,31,29,1074,15,global_best_update,30427,1.494101,505,460,45,77
n012w8-0,n012w8,0,12,100000,100.0,adaptive,2026-07-02T07:24:01+01:00,6,32,30,1076,16,global_best_update,36149,0.677735,460,445,15,87
n012w8-0,n012w8,0,12,100000,100.0,adaptive,2026-07-02T07:24:01+01:00,6,31,29,1076,15,global_best_update,59268,0.027792,445,435,10,143
n012w8-0,n012w8,0,12,100000,100.0,adaptive,2026-07-02T07:24:01+01:00,6,31,29,1077,15,global_best_update,70122,0.006204,435,420,15,168
n012w8-0,n012w8,0,12,100000,100.0,adaptive,2026-07-02T07:24:01+01:00,6,31,29,1078,15,global_best_update,74200,0.003532,420,390,30,177
n012w8-0,n012w8,0,12,100000,100.0,adaptive,2026-07-02T07:24:01+01:00,6,32,30,1080,16,global_best_update,90764,0.000358,390,375,15,213
n012w8-0,n012w8,0,12,100000,100.0,adaptive,2026-07-02T07:24:01+01:00,6,32,30,1081,16,global_best_update,93011,0.000263,375,370,5,218
n012w8-0,n012w8,0,12,100000,100.0,adaptive,2026-07-02T07:24:01+01:00,6,32,30,1082,16,global_best_update,93013,0.000263,370,355,15,218
n012w8-0,n012w8,0,12,100000,100.0,adaptive,2026-07-02T07:24:01+01:00,6,46,44,1097,23,global_best_update,407,94.532251,355,340,15,240
n012w8-0,n012w8,0,12,100000,100.0,adaptive,2026-07-02T07:24:01+01:00,6,45,43,1097,22,global_best_update,1173,85.039363,340,325,15,240
n012w8-0,n012w8,0,12,100000,100.0,adaptive,2026-07-02T07:24:01+01:00,6,50,48,1103,25,global_best_update,88,98.791596,325,315,10,241
n012w8-0,n012w8,0,12,100000,100.0,adaptive,2026-07-02T07:24:01+01:00,6,53,51,1107,26,global_best_update,52,99.284168,315,310,5,241
n012w8-0,n012w8,0,12,100000,100.0,adaptive,2026-07-02T07:24:01+01:00,6,51,49,1106,25,global_best_update,156,97.867839,310,295,15,241
n012w8-0,n012w8,0,12,100000,100.0,adaptive,2026-07-02T07:24:01+01:00,6,50,48,1106,25,global_best_update,306,95.860568,295,285,10,241
n012w8-0,n012w8,0,12,100000,100.0,adaptive,2026-07-02T07:24:01+01:00,6,55,53,1112,27,global_best_update,94,98.709738,285,270,15,241
n012w8-0,n012w8,0,12,100000,100.0,adaptive,2026-07-02T07:24:01+01:00,6,55,53,1113,27,global_best_update,96,98.682467,270,265,5,241
n012w8-0,n012w8,0,12,100000,100.0,adaptive,2026-07-02T07:24:01+01:00,6,55,53,1114,27,global_best_update,97,98.668835,265,250,15,241
n012w8-0,n012w8,0,12,100000,100.0,adaptive,2026-07-02T07:24:01+01:00,6,59,57,1119,29,global_best_update,12,99.834351,250,240,10,243
n012w8-0,n012w8,0,12,100000,100.0,adaptive,2026-07-02T07:24:01+01:00,6,59,57,1120,29,global_best_update,742,90.256814,240,225,15,244
n012w8-0,n012w8,0,12,100000,100.0,adaptive,2026-07-02T07:24:01+01:00,6,58,56,1120,29,global_best_update,2638,69.457636,225,220,5,249
n012w8-0,n012w8,0,12,100000,100.0,adaptive,2026-07-02T07:24:01+01:00,6,60,58,1123,30,global_best_update,13423,15.653808,220,210,10,272
n012w8-0,n012w8,0,12,100000,100.0,adaptive,2026-07-02T07:24:01+01:00,6,51,49,1115,25,global_best_update,31216,1.339800,210,205,5,309
n012w8-0,n012w8,0,12,100000,100.0,adaptive,2026-07-02T07:24:01+01:00,6,66,64,1131,33,global_best_update,413,94.453923,205,190,15,454
n012w8-0,n012w8,0,12,100000,100.0,adaptive,2026-07-02T07:24:01+01:00,7,0,-1,1000,0,global_best_update,2,99.972373,3430,3355,75,3
n012w8-0,n012w8,0,12,100000,100.0,adaptive,2026-07-02T07:24:01+01:00,7,0,-1,1001,0,global_best_update,3,99.958562,3355,3325,30,3
n012w8-0,n012w8,0,12,100000,100.0,adaptive,2026-07-02T07:24:01+01:00,7,0,-1,1002,0,global_best_update,4,99.944753,3325,3190,135,3
n012w8-0,n012w8,0,12,100000,100.0,adaptive,2026-07-02T07:24:01+01:00,7,0,-1,1003,0,global_best_update,5,99.930946,3190,3135,55,3
n012w8-0,n012w8,0,12,100000,100.0,adaptive,2026-07-02T07:24:01+01:00,7,0,-1,1004,0,global_best_update,8,99.889537,3135,3120,15,3
n012w8-0,n012w8,0,12,100000,100.0,adaptive,2026-07-02T07:24:01+01:00,7,0,-1,1005,0,global_best_update,10,99.861940,3120,3090,30,3
n012w8-0,n012w8,0,12,100000,100.0,adaptive,2026-07-02T07:24:01+01:00,7,0,-1,1006,0,global_best_update,13,99.820560,3090,3075,15,3
n012w8-0,n012w8,0,12,100000,100.0,adaptive,2026-07-02T07:24:01+01:00,7,0,-1,1007,0,global_best_update,16,99.779196,3075,2950,125,3
n012w8-0,n012w8,0,12,100000,100.0,adaptive,2026-07-02T07:24:01+01:00,7,0,-1,1008,0,global_best_update,18,99.751630,2950,2920,30,3
n012w8-0,n012w8,0,12,100000,100.0,adaptive,2026-07-02T07:24:01+01:00,7,0,-1,1009,0,global_best_update,19,99.737850,2920,2875,45,3
n012w8-0,n012w8,0,12,100000,100.0,adaptive,2026-07-02T07:24:01+01:00,7,0,-1,1010,0,global_best_update,22,99.696520,2875,2695,180,3
n012w8-0,n012w8,0,12,100000,100.0,adaptive,2026-07-02T07:24:01+01:00,7,0,-1,1011,0,global_best_update,24,99.668977,2695,2595,100,3
n012w8-0,n012w8,0,12,100000,100.0,adaptive,2026-07-02T07:24:01+01:00,7,0,-1,1012,0,global_best_update,28,99.613913,2595,2575,20,3
n012w8-0,n012w8,0,12,100000,100.0,adaptive,2026-07-02T07:24:01+01:00,7,5,3,1018,2,global_best_update,14,99.806770,2575,2535,40,3
n012w8-0,n012w8,0,12,100000,100.0,adaptive,2026-07-02T07:24:01+01:00,7,0,-1,1014,0,global_best_update,31,99.572635,2535,2485,50,3
n012w8-0,n012w8,0,12,100000,100.0,adaptive,2026-07-02T07:24:01+01:00,7,5,3,1020,2,global_best_update,16,99.779196,2485,2445,40,3
n012w8-0,n012w8,0,12,100000,100.0,adaptive,2026-07-02T07:24:01+01:00,7,0,-1,1016,0,global_best_update,32,99.558879,2445,2410,35,3
n012w8-0,n012w8,0,12,100000,100.0,adaptive,2026-07-02T07:24:01+01:00,7,5,3,1022,2,global_best_update,18,99.751630,2410,2325,85,3
n012w8-0,n012w8,0,12,100000,100.0,adaptive,2026-07-02T07:24:01+01:00,7,5,3,1023,2,global_best_update,44,99.393961,2325,2130,195,3
n012w8-0,n012w8,0,12,100000,100.0,adaptive,2026-07-02T07:24:01+01:00,7,18,16,1037,9,global_best_update,16,99.779196,2130,2050,80,3
n012w8-0,n012w8,0,12,100000,100.0,adaptive,2026-07-02T07:24:01+01:00,7,18,16,1038,9,global_best_update,17,99.765412,2050,1980,70,3
n012w8-0,n012w8,0,12,100000,100.0,adaptive,2026-07-02T07:24:01+01:00,7,5,3,1026,2,global_best_update,50,99.311605,1980,1920,60,3
n012w8-0,n012w8,0,12,100000,100.0,adaptive,2026-07-02T07:24:01+01:00,7,15,13,1037,7,global_best_update,34,99.531374,1920,1895,25,3
n012w8-0,n012w8,0,12,100000,100.0,adaptive,2026-07-02T07:24:01+01:00,7,18,16,1041,9,global_best_update,38,99.476386,1895,1890,5,3
n012w8-0,n012w8,0,12,100000,100.0,adaptive,2026-07-02T07:24:01+01:00,7,15,13,1039,7,global_best_update,58,99.201902,1890,1870,20,3
n012w8-0,n012w8,0,12,100000,100.0,adaptive,2026-07-02T07:24:01+01:00,7,3,1,1028,1,global_best_update,58,99.201902,1870,1785,85,3
n012w8-0,n012w8,0,12,100000,100.0,adaptive,2026-07-02T07:24:01+01:00,7,0,-1,1026,0,global_best_update,102,98.600700,1785,1770,15,3
n012w8-0,n012w8,0,12,100000,100.0,adaptive,2026-07-02T07:24:01+01:00,7,0,-1,1027,0,global_best_update,103,98.587079,1770,1710,60,3
n012w8-0,n012w8,0,12,100000,100.0,adaptive,2026-07-02T07:24:01+01:00,7,5,3,1033,2,global_best_update,89,98.777948,1710,1665,45,3
n012w8-0,n012w8,0,12,100000,100.0,adaptive,2026-07-02T07:24:01+01:00,7,7,5,1036,3,global_best_update,133,98.179316,1665,1640,25,3
n012w8-0,n012w8,0,12,100000,100.0,adaptive,2026-07-02T07:24:01+01:00,7,13,11,1043,6,global_best_update,145,98.016683,1640,1590,50,4
n012w8-0,n012w8,0,12,100000,100.0,adaptive,2026-07-02T07:24:01+01:00,7,13,11,1044,6,global_best_update,149,97.962532,1590,1555,35,4
n012w8-0,n012w8,0,12,100000,100.0,adaptive,2026-07-02T07:24:01+01:00,7,15,13,1047,7,global_best_update,266,96.391780,1555,1535,20,4
n012w8-0,n012w8,0,12,100000,100.0,adaptive,2026-07-02T07:24:01+01:00,7,32,30,1065,16,global_best_update,9,99.875738,1535,1395,140,4
n012w8-0,n012w8,0,12,100000,100.0,adaptive,2026-07-02T07:24:01+01:00,7,32,30,1066,16,global_best_update,29,99.600152,1395,1380,15,4
n012w8-0,n012w8,0,12,100000,100.0,adaptive,2026-07-02T07:24:01+01:00,7,25,23,1060,12,global_best_update,54,99.256738,1380,1320,60,4
n012w8-0,n012w8,0,12,100000,100.0,adaptive,2026-07-02T07:24:01+01:00,7,2,0,1038,1,global_best_update,377,94.924868,1320,1225,95,4
n012w8-0,n012w8,0,12,100000,100.0,adaptive,2026-07-02T07:24:01+01:00,7,32,30,1069,16,global_best_update,364,95.095507,1225,1210,15,5
n012w8-0,n012w8,0,12,100000,100.0,adaptive,2026-07-02T07:24:01+01:00,7,30,28,1068,15,global_best_update,405,94.558375,1210,1165,45,5
n012w8-0,n012w8,0,12,100000,100.0,adaptive,2026-07-02T07:24:01+01:00,7,30,28,1069,15,global_best_update,874,88.625766,1165,1160,5,6
n012w8-0,n012w8,0,12,100000,100.0,adaptive,2026-07-02T07:24:01+01:00,7,3,1,1043,1,global_best_update,1253,84.104648,1160,1155,5,6
n012w8-0,n012w8,0,12,100000,100.0,adaptive,2026-07-02T07:24:01+01:00,7,32,30,1073,16,global_best_update,1312,83.421885,1155,1100,55,7
n012w8-0,n012w8,0,12,100000,100.0,adaptive,2026-07-02T07:24:01+01:00,7,31,29,1073,15,global_best_update,2523,70.569981,1100,1080,20,11
n012w8-0,n012w8,0,12,100000,100.0,adaptive,2026-07-02T07:24:01+01:00,7,31,29,1074,15,global_best_update,2524,70.560232,1080,1065,15,11
n012w8-0,n012w8,0,12,100000,100.0,adaptive,2026-07-02T07:24:01+01:00,7,32,30,1076,16,global_best_update,4457,54.023162,1065,1010,55,14
n012w8-0,n012w8,0,12,100000,100.0,adaptive,2026-07-02T07:24:01+01:00,7,32,30,1077,16,global_best_update,4458,54.015699,1010,935,75,14
n012w8-0,n012w8,0,12,100000,100.0,adaptive,2026-07-02T07:24:01+01:00,7,30,28,1076,15,global_best_update,7777,34.149158,935,925,10,22
n012w8-0,n012w8,0,12,100000,100.0,adaptive,2026-07-02T07:24:01+01:00,7,31,29,1078,15,global_best_update,18337,7.939260,925,900,25,47
n012w8-0,n012w8,0,12,100000,100.0,adaptive,2026-07-02T07:24:01+01:00,7,30,28,1078,15,global_best_update,19022,7.222374,900,875,25,50
n012w8-0,n012w8,0,12,100000,100.0,adaptive,2026-07-02T07:24:01+01:00,7,30,28,1079,15,global_best_update,19023,7.221377,875,860,15,50
n012w8-0,n012w8,0,12,100000,100.0,adaptive,2026-07-02T07:24:01+01:00,7,24,22,1074,12,global_best_update,24108,3.577009,860,810,50,61
n012w8-0,n012w8,0,12,100000,100.0,adaptive,2026-07-02T07:24:01+01:00,7,32,30,1083,16,global_best_update,32785,1.078698,810,805,5,82
n012w8-0,n012w8,0,12,100000,100.0,adaptive,2026-07-02T07:24:01+01:00,7,12,10,1064,6,global_best_update,36989,0.603476,805,745,60,93
n012w8-0,n012w8,0,12,100000,100.0,adaptive,2026-07-02T07:24:01+01:00,7,28,26,1081,14,global_best_update,38511,0.489035,745,720,25,97
n012w8-0,n012w8,0,12,100000,100.0,adaptive,2026-07-02T07:24:01+01:00,7,26,24,1080,13,global_best_update,50944,0.087773,720,660,60,124
n012w8-0,n012w8,0,12,100000,100.0,adaptive,2026-07-02T07:24:01+01:00,7,30,28,1085,15,global_best_update,69541,0.006723,660,650,10,169
n012w8-0,n012w8,0,12,100000,100.0,adaptive,2026-07-02T07:24:01+01:00,7,32,30,1088,16,global_best_update,71767,0.004943,650,645,5,171
n012w8-0,n012w8,0,12,100000,100.0,adaptive,2026-07-02T07:24:01+01:00,7,30,28,1087,15,global_best_update,73528,0.003875,645,610,35,177
n012w8-0,n012w8,0,12,100000,100.0,adaptive,2026-07-02T07:24:01+01:00,7,32,30,1090,16,global_best_update,86688,0.000629,610,570,40,205
n012w8-0,n012w8,0,12,100000,100.0,adaptive,2026-07-02T07:24:01+01:00,7,32,30,1091,16,global_best_update,86778,0.000621,570,550,20,205
n012w8-0,n012w8,0,12,100000,100.0,adaptive,2026-07-02T07:24:01+01:00,7,30,28,1090,15,global_best_update,85516,0.000740,550,520,30,205
n012w8-0,n012w8,0,12,100000,100.0,adaptive,2026-07-02T07:24:01+01:00,7,27,25,1088,13,global_best_update,108645,0.000030,520,505,15,259
n012w8-0,n012w8,0,12,100000,100.0,adaptive,2026-07-02T07:24:01+01:00,7,20,18,1082,10,global_best_update,111159,0.000021,505,480,25,272
n012w8-0,n012w8,0,12,100000,100.0,adaptive,2026-07-02T07:24:01+01:00,7,32,30,1095,16,global_best_update,122591,0.000004,480,470,10,285
n012w8-0,n012w8,0,12,100000,100.0,adaptive,2026-07-02T07:24:01+01:00,7,32,30,1096,16,global_best_update,128614,0.000002,470,440,30,299
n012w8-0,n012w8,0,12,100000,100.0,adaptive,2026-07-02T07:24:01+01:00,7,22,20,1087,11,global_best_update,135122,0.000001,440,425,15,320
n012w8-0,n012w8,0,12,100000,100.0,adaptive,2026-07-02T07:24:01+01:00,7,29,27,1095,14,global_best_update,147145,0.000000,425,420,5,343
n012w8-0,n012w8,0,12,100000,100.0,adaptive,2026-07-02T07:24:01+01:00,7,29,27,1096,14,global_best_update,147147,0.000000,420,390,30,343
n012w8-0,n012w8,0,12,100000,100.0,adaptive,2026-07-02T07:24:01+01:00,7,28,26,1096,14,global_best_update,155993,0.000000,390,370,20,365
n012w8-0,n012w8,0,12,100000,100.0,adaptive,2026-07-02T07:24:01+01:00,7,23,21,1092,11,global_best_update,198587,0.000000,370,355,15,462
n012w8-0,n012w8,0,12,100000,100.0,adaptive,2026-07-02T07:24:01+01:00,7,62,60,1132,31,global_best_update,31420,1.302567,355,345,10,541
n012w8-0,n012w8,0,12,100000,100.0,adaptive,2026-07-02T07:24:01+01:00,7,61,59,1132,30,global_best_update,46050,0.172584,345,340,5,571
n012w8-0,n012w8,0,12,100000,100.0,adaptive,2026-07-02T07:24:01+01:00,7,64,62,1136,32,global_best_update,61743,0.019743,340,335,5,606
n012w8-0,n012w8,0,12,100000,100.0,adaptive,2026-07-02T07:24:01+01:00,7,64,62,1137,32,global_best_update,62564,0.017626,335,320,15,607
n012w8-0,n012w8,0,12,100000,100.0,adaptive,2026-07-02T07:24:01+01:00,7,61,59,1135,30,global_best_update,100037,0.000099,320,315,5,689
n012w8-0,n012w8,0,12,100000,100.0,adaptive,2026-07-02T07:24:01+01:00,7,61,59,1136,30,global_best_update,105578,0.000046,315,300,15,701
n012w8-0,n012w8,0,12,100000,100.0,adaptive,2026-07-02T07:24:01+01:00,7,61,59,1137,30,global_best_update,111450,0.000021,300,280,20,713
n012w8-0,n012w8,0,12,100000,100.0,adaptive,2026-07-02T07:24:01+01:00,7,61,59,1138,30,global_best_update,147631,0.000000,280,265,15,793
n012w8-0,n012w8,0,12,100000,100.0,adaptive,2026-07-02T07:24:01+01:00,7,61,59,1139,30,global_best_update,158131,0.000000,265,255,10,815
n012w8-0,n012w8,0,12,100000,100.0,adaptive,2026-07-02T07:24:01+01:00,7,61,59,1140,30,global_best_update,168648,0.000000,255,250,5,837
n012w8-0,n012w8,0,12,100000,100.0,adaptive,2026-07-02T07:24:01+01:00,7,61,59,1141,30,global_best_update,171305,0.000000,250,225,25,843
n012w8-0,n012w8,0,12,100000,100.0,adaptive,2026-07-02T07:24:01+01:00,8,0,-1,1000,0,global_best_update,1,99.986185,4725,4575,150,1
n012w8-0,n012w8,0,12,100000,100.0,adaptive,2026-07-02T07:24:01+01:00,8,0,-1,1001,0,global_best_update,2,99.972373,4575,4515,60,1
n012w8-0,n012w8,0,12,100000,100.0,adaptive,2026-07-02T07:24:01+01:00,8,0,-1,1002,0,global_best_update,3,99.958562,4515,4410,105,1
n012w8-0,n012w8,0,12,100000,100.0,adaptive,2026-07-02T07:24:01+01:00,8,0,-1,1003,0,global_best_update,4,99.944753,4410,4350,60,1
n012w8-0,n012w8,0,12,100000,100.0,adaptive,2026-07-02T07:24:01+01:00,8,0,-1,1004,0,global_best_update,5,99.930946,4350,4170,180,1
n012w8-0,n012w8,0,12,100000,100.0,adaptive,2026-07-02T07:24:01+01:00,8,0,-1,1005,0,global_best_update,9,99.875738,4170,4095,75,1
n012w8-0,n012w8,0,12,100000,100.0,adaptive,2026-07-02T07:24:01+01:00,8,0,-1,1006,0,global_best_update,12,99.834351,4095,4090,5,1
n012w8-0,n012w8,0,12,100000,100.0,adaptive,2026-07-02T07:24:01+01:00,8,0,-1,1007,0,global_best_update,14,99.806770,4090,3890,200,1
n012w8-0,n012w8,0,12,100000,100.0,adaptive,2026-07-02T07:24:01+01:00,8,0,-1,1008,0,global_best_update,21,99.710295,3890,3740,150,1
n012w8-0,n012w8,0,12,100000,100.0,adaptive,2026-07-02T07:24:01+01:00,8,0,-1,1009,0,global_best_update,28,99.613913,3740,3640,100,1
n012w8-0,n012w8,0,12,100000,100.0,adaptive,2026-07-02T07:24:01+01:00,8,0,-1,1010,0,global_best_update,31,99.572635,3640,3535,105,1
n012w8-0,n012w8,0,12,100000,100.0,adaptive,2026-07-02T07:24:01+01:00,8,0,-1,1011,0,global_best_update,34,99.531374,3535,3515,20,1
n012w8-0,n012w8,0,12,100000,100.0,adaptive,2026-07-02T07:24:01+01:00,8,0,-1,1012,0,global_best_update,35,99.517624,3515,3460,55,1
n012w8-0,n012w8,0,12,100000,100.0,adaptive,2026-07-02T07:24:01+01:00,8,0,-1,1013,0,global_best_update,39,99.462644,3460,3450,10,1
n012w8-0,n012w8,0,12,100000,100.0,adaptive,2026-07-02T07:24:01+01:00,8,0,-1,1014,0,global_best_update,40,99.448904,3450,3240,210,1
n012w8-0,n012w8,0,12,100000,100.0,adaptive,2026-07-02T07:24:01+01:00,8,0,-1,1015,0,global_best_update,41,99.435165,3240,3190,50,1
n012w8-0,n012w8,0,12,100000,100.0,adaptive,2026-07-02T07:24:01+01:00,8,0,-1,1016,0,global_best_update,42,99.421429,3190,3130,60,1
n012w8-0,n012w8,0,12,100000,100.0,adaptive,2026-07-02T07:24:01+01:00,8,9,7,1026,4,global_best_update,20,99.724071,3130,3120,10,1
n012w8-0,n012w8,0,12,100000,100.0,adaptive,2026-07-02T07:24:01+01:00,8,18,16,1036,9,global_best_update,9,99.875738,3120,3110,10,1
n012w8-0,n012w8,0,12,100000,100.0,adaptive,2026-07-02T07:24:01+01:00,8,18,16,1037,9,global_best_update,12,99.834351,3110,3080,30,1
n012w8-0,n012w8,0,12,100000,100.0,adaptive,2026-07-02T07:24:01+01:00,8,14,12,1034,7,global_best_update,12,99.834351,3080,3050,30,1
n012w8-0,n012w8,0,12,100000,100.0,adaptive,2026-07-02T07:24:01+01:00,8,18,16,1039,9,global_best_update,16,99.779196,3050,2960,90,1
n012w8-0,n012w8,0,12,100000,100.0,adaptive,2026-07-02T07:24:01+01:00,8,14,12,1036,7,global_best_update,16,99.779196,2960,2920,40,1
n012w8-0,n012w8,0,12,100000,100.0,adaptive,2026-07-02T07:24:01+01:00,8,14,12,1037,7,global_best_update,18,99.751630,2920,2900,20,1
n012w8-0,n012w8,0,12,100000,100.0,adaptive,2026-07-02T07:24:01+01:00,8,14,12,1038,7,global_best_update,19,99.737850,2900,2840,60,1
n012w8-0,n012w8,0,12,100000,100.0,adaptive,2026-07-02T07:24:01+01:00,8,14,12,1039,7,global_best_update,20,99.724071,2840,2830,10,1
n012w8-0,n012w8,0,12,100000,100.0,adaptive,2026-07-02T07:24:01+01:00,8,14,12,1040,7,global_best_update,21,99.710295,2830,2820,10,1
n012w8-0,n012w8,0,12,100000,100.0,adaptive,2026-07-02T07:24:01+01:00,8,14,12,1041,7,global_best_update,23,99.682748,2820,2760,60,1
n012w8-0,n012w8,0,12,100000,100.0,adaptive,2026-07-02T07:24:01+01:00,8,14,12,1042,7,global_best_update,24,99.668977,2760,2745,15,1
n012w8-0,n012w8,0,12,100000,100.0,adaptive,2026-07-02T07:24:01+01:00,8,18,16,1047,9,global_best_update,44,99.393961,2745,2700,45,1
n012w8-0,n012w8,0,12,100000,100.0,adaptive,2026-07-02T07:24:01+01:00,8,24,22,1054,12,global_best_update,176,97.597794,2700,2675,25,1
n012w8-0,n012w8,0,12,100000,100.0,adaptive,2026-07-02T07:24:01+01:00,8,24,22,1055,12,global_best_update,227,96.912545,2675,2620,55,2
n012w8-0,n012w8,0,12,100000,100.0,adaptive,2026-07-02T07:24:01+01:00,8,21,19,1053,10,global_best_update,313,95.767908,2620,2615,5,2
n012w8-0,n012w8,0,12,100000,100.0,adaptive,2026-07-02T07:24:01+01:00,8,21,19,1054,10,global_best_update,345,95.345456,2615,2595,20,2
n012w8-0,n012w8,0,12,100000,100.0,adaptive,2026-07-02T07:24:01+01:00,8,21,19,1055,10,global_best_update,346,95.332284,2595,2580,15,2
n012w8-0,n012w8,0,12,100000,100.0,adaptive,2026-07-02T07:24:01+01:00,8,24,22,1059,12,global_best_update,367,95.056102,2580,2520,60,2
n012w8-0,n012w8,0,12,100000,100.0,adaptive,2026-07-02T07:24:01+01:00,8,32,30,1068,16,global_best_update,36,99.503876,2520,2485,35,4
n012w8-0,n012w8,0,12,100000,100.0,adaptive,2026-07-02T07:24:01+01:00,8,28,26,1065,14,global_best_update,41,99.435165,2485,2470,15,4
n012w8-0,n012w8,0,12,100000,100.0,adaptive,2026-07-02T07:24:01+01:00,8,32,30,1070,16,global_best_update,211,97.127006,2470,2435,35,4
n012w8-0,n012w8,0,12,100000,100.0,adaptive,2026-07-02T07:24:01+01:00,8,32,30,1071,16,global_best_update,370,95.016712,2435,2385,50,5
n012w8-0,n012w8,0,12,100000,100.0,adaptive,2026-07-02T07:24:01+01:00,8,28,26,1068,14,global_best_update,444,94.050260,2385,2270,115,5
n012w8-0,n012w8,0,12,100000,100.0,adaptive,2026-07-02T07:24:01+01:00,8,30,28,1071,15,global_best_update,787,89.697430,2270,2260,10,5
n012w8-0,n012w8,0,12,100000,100.0,adaptive,2026-07-02T07:24:01+01:00,8,30,28,1072,15,global_best_update,788,89.685039,2260,2230,30,5
n012w8-0,n012w8,0,12,100000,100.0,adaptive,2026-07-02T07:24:01+01:00,8,32,30,1075,16,global_best_update,10808,22.465702,2230,2220,10,31
n012w8-0,n012w8,0,12,100000,100.0,adaptive,2026-07-02T07:24:01+01:00,8,30,28,1074,15,global_best_update,10846,22.348069,2220,2205,15,32
n012w8-0,n012w8,0,12,100000,100.0,adaptive,2026-07-02T07:24:01+01:00,8,32,30,1077,16,global_best_update,19541,6.722642,2205,2180,25,54
n012w8-0,n012w8,0,12,100000,100.0,adaptive,2026-07-02T07:24:01+01:00,8,30,28,1076,15,global_best_update,19853,6.439023,2180,2175,5,55
n012w8-0,n012w8,0,12,100000,100.0,adaptive,2026-07-02T07:24:01+01:00,8,32,30,1079,16,global_best_update,21531,5.106696,2175,2165,10,60
n012w8-0,n012w8,0,12,100000,100.0,adaptive,2026-07-02T07:24:01+01:00,8,32,30,1080,16,global_best_update,21538,5.101760,2165,2125,40,60
n012w8-0,n012w8,0,12,100000,100.0,adaptive,2026-07-02T07:24:01+01:00,8,30,28,1079,15,global_best_update,24995,3.164463,2125,2100,25,69
n012w8-0,n012w8,0,12,100000,100.0,adaptive,2026-07-02T07:24:01+01:00,8,28,26,1078,14,global_best_update,26479,2.577864,2100,2095,5,72
n012w8-0,n012w8,0,12,100000,100.0,adaptive,2026-07-02T07:24:01+01:00,8,32,30,1083,16,global_best_update,31693,1.254354,2095,2060,35,86
n012w8-0,n012w8,0,12,100000,100.0,adaptive,2026-07-02T07:24:01+01:00,8,32,30,1084,16,global_best_update,38819,0.468662,2060,2045,15,104
n012w8-0,n012w8,0,12,100000,100.0,adaptive,2026-07-02T07:24:01+01:00,8,30,28,1083,15,global_best_update,41728,0.313560,2045,2025,20,112
n012w8-0,n012w8,0,12,100000,100.0,adaptive,2026-07-02T07:24:01+01:00,8,32,30,1086,16,global_best_update,42502,0.281760,2025,2000,25,113
n012w8-0,n012w8,0,12,100000,100.0,adaptive,2026-07-02T07:24:01+01:00,8,30,28,1085,15,global_best_update,49011,0.114641,2000,1975,25,130
n012w8-0,n012w8,0,12,100000,100.0,adaptive,2026-07-02T07:24:01+01:00,8,30,28,1086,15,global_best_update,50617,0.091829,1975,1940,35,134
n012w8-0,n012w8,0,12,100000,100.0,adaptive,2026-07-02T07:24:01+01:00,8,30,28,1087,15,global_best_update,76449,0.002589,1940,1890,50,199
n012w8-0,n012w8,0,12,100000,100.0,adaptive,2026-07-02T07:24:01+01:00,8,31,29,1089,15,global_best_update,91230,0.000336,1890,1865,25,238
n012w8-0,n012w8,0,12,100000,100.0,adaptive,2026-07-02T07:24:01+01:00,8,31,29,1090,15,global_best_update,91233,0.000336,1865,1835,30,238
n012w8-0,n012w8,0,12,100000,100.0,adaptive,2026-07-02T07:24:01+01:00,8,31,29,1091,15,global_best_update,120601,0.000006,1835,1830,5,311
n012w8-0,n012w8,0,12,100000,100.0,adaptive,2026-07-02T07:24:01+01:00,8,32,30,1093,16,global_best_update,123067,0.000004,1830,1815,15,315
n012w8-0,n012w8,0,12,100000,100.0,adaptive,2026-07-02T07:24:01+01:00,8,31,29,1093,15,global_best_update,122834,0.000004,1815,1805,10,318
n012w8-0,n012w8,0,12,100000,100.0,adaptive,2026-07-02T07:24:01+01:00,8,31,29,1094,15,global_best_update,128800,0.000002,1805,1800,5,333
n012w8-0,n012w8,0,12,100000,100.0,adaptive,2026-07-02T07:24:01+01:00,8,29,27,1093,14,global_best_update,142320,0.000000,1800,1780,20,365
n012w8-0,n012w8,0,12,100000,100.0,adaptive,2026-07-02T07:24:01+01:00,8,23,21,1088,11,global_best_update,144859,0.000000,1780,1765,15,371
n012w8-0,n012w8,0,12,100000,100.0,adaptive,2026-07-02T07:24:01+01:00,8,16,14,1082,8,global_best_update,150520,0.000000,1765,1750,15,386
n012w8-0,n012w8,0,12,100000,100.0,adaptive,2026-07-02T07:24:01+01:00,8,32,30,1099,16,global_best_update,155093,0.000000,1750,1745,5,395
n012w8-0,n012w8,0,12,100000,100.0,adaptive,2026-07-02T07:24:01+01:00,8,32,30,1100,16,global_best_update,168164,0.000000,1745,1740,5,426
n012w8-0,n012w8,0,12,100000,100.0,adaptive,2026-07-02T07:24:01+01:00,8,31,29,1100,15,global_best_update,168052,0.000000,1740,1730,10,433
n012w8-0,n012w8,0,12,100000,100.0,adaptive,2026-07-02T07:24:01+01:00,8,29,27,1099,14,global_best_update,176783,0.000000,1730,1725,5,449
n012w8-0,n012w8,0,12,100000,100.0,adaptive,2026-07-02T07:24:01+01:00,8,29,27,1100,14,global_best_update,176876,0.000000,1725,1705,20,450
n012w8-0,n012w8,0,12,100000,100.0,adaptive,2026-07-02T07:24:01+01:00,8,29,27,1101,14,global_best_update,186330,0.000000,1705,1700,5,473
n012w8-0,n012w8,0,12,100000,100.0,adaptive,2026-07-02T07:24:01+01:00,8,32,30,1105,16,global_best_update,192732,0.000000,1700,1685,15,487
n012w8-0,n012w8,0,12,100000,100.0,adaptive,2026-07-02T07:24:01+01:00,8,32,30,1106,16,global_best_update,193452,0.000000,1685,1675,10,489
n012w8-0,n012w8,0,12,100000,100.0,adaptive,2026-07-02T07:24:01+01:00,8,62,60,1137,31,global_best_update,39754,0.411870,1675,1665,10,612
n012w8-0,n012w8,0,12,100000,100.0,adaptive,2026-07-02T07:24:01+01:00,8,60,58,1136,30,global_best_update,47416,0.142903,1665,1660,5,631
n012w8-0,n012w8,0,12,100000,100.0,adaptive,2026-07-02T07:24:01+01:00,8,60,58,1137,30,global_best_update,53651,0.060387,1660,1635,25,647
n012w8-0,n012w8,0,12,100000,100.0,adaptive,2026-07-02T07:24:01+01:00,8,64,62,1142,32,global_best_update,81135,0.001355,1635,1625,10,720
n012w8-0,n012w8,0,12,100000,100.0,adaptive,2026-07-02T07:24:01+01:00,8,60,58,1139,30,global_best_update,95990,0.000174,1625,1620,5,752
n012w8-0,n012w8,0,12,100000,100.0,adaptive,2026-07-02T07:24:01+01:00,8,60,58,1140,30,global_best_update,99508,0.000107,1620,1615,5,761
n012w8-0,n012w8,0,12,100000,100.0,adaptive,2026-07-02T07:24:01+01:00,8,64,62,1145,32,global_best_update,102106,0.000075,1615,1600,15,772
n012w8-0,n012w8,0,12,100000,100.0,adaptive,2026-07-02T07:24:01+01:00,8,57,55,1139,28,global_best_update,141823,0.000000,1600,1590,10,866
n012w8-0,n012w8,0,12,100000,100.0,adaptive,2026-07-02T07:24:01+01:00,8,57,55,1140,28,global_best_update,145200,0.000000,1590,1585,5,874
n012w8-0,n012w8,0,12,100000,100.0,adaptive,2026-07-02T07:24:01+01:00,8,57,55,1141,28,global_best_update,167039,0.000000,1585,1575,10,929
n012w8-0,n012w8,0,12,100000,100.0,adaptive,2026-07-02T07:24:01+01:00,8,54,52,1139,27,global_best_update,196753,0.000000,1575,1560,15,998
n012w8-0,n012w8,0,12,100000,100.0,adaptive,2026-07-02T07:24:01+01:00,8,84,82,1170,42,global_best_update,10341,23.962934,1560,1555,5,1037
n012w8-0,n012w8,0,12,100000,100.0,adaptive,2026-07-02T07:24:01+01:00,8,74,72,1161,37,global_best_update,92053,0.000300,1555,1545,10,1221
