run_id,instance,seed,beam_width,iterations,temperature,cooling_mode,timestamp,week,worker_id,candidate,temperature_at_event,old_global_best,new_global_best,improvement,elapsed_ms
n012w8-0,n012w8,0,12,100000,100.0,adaptive,2026-07-02T10:01:13+01:00,1,0,3,99.958562,3800,3530,270,1
n012w8-0,n012w8,0,12,100000,100.0,adaptive,2026-07-02T10:01:13+01:00,1,0,4,99.944753,3530,3320,210,1
n012w8-0,n012w8,0,12,100000,100.0,adaptive,2026-07-02T10:01:13+01:00,1,0,6,99.917141,3320,3230,90,1
n012w8-0,n012w8,0,12,100000,100.0,adaptive,2026-07-02T10:01:13+01:00,1,0,7,99.903338,3230,3010,220,1
n012w8-0,n012w8,0,12,100000,100.0,adaptive,2026-07-02T10:01:13+01:00,1,0,9,99.875738,3010,2980,30,1
n012w8-0,n012w8,0,12,100000,100.0,adaptive,2026-07-02T10:01:13+01:00,1,0,10,99.861940,2980,2875,105,1
n012w8-0,n012w8,0,12,100000,100.0,adaptive,2026-07-02T10:01:13+01:00,1,0,11,99.848145,2875,2815,60,1
n012w8-0,n012w8,0,12,100000,100.0,adaptive,2026-07-02T10:01:13+01:00,1,0,12,99.834351,2815,2740,75,1
n012w8-0,n012w8,0,12,100000,100.0,adaptive,2026-07-02T10:01:13+01:00,1,0,13,99.820560,2740,2560,180,1
n012w8-0,n012w8,0,12,100000,100.0,adaptive,2026-07-02T10:01:13+01:00,1,0,16,99.779196,2560,2425,135,1
n012w8-0,n012w8,0,12,100000,100.0,adaptive,2026-07-02T10:01:13+01:00,1,0,29,99.600152,2425,2395,30,1
n012w8-0,n012w8,0,12,100000,100.0,adaptive,2026-07-02T10:01:13+01:00,1,6,13,99.820560,2395,2365,30,1
n012w8-0,n012w8,0,12,100000,100.0,adaptive,2026-07-02T10:01:13+01:00,1,6,14,99.806770,2365,2155,210,1
n012w8-0,n012w8,0,12,100000,100.0,adaptive,2026-07-02T10:01:13+01:00,1,6,15,99.792982,2155,2140,15,1
n012w8-0,n012w8,0,12,100000,100.0,adaptive,2026-07-02T10:01:13+01:00,1,6,19,99.737850,2140,2110,30,1
n012w8-0,n012w8,0,12,100000,100.0,adaptive,2026-07-02T10:01:13+01:00,1,6,20,99.724071,2110,2080,30,1
n012w8-0,n012w8,0,12,100000,100.0,adaptive,2026-07-02T10:01:13+01:00,1,0,54,99.256738,2080,2070,10,1
n012w8-0,n012w8,0,12,100000,100.0,adaptive,2026-07-02T10:01:13+01:00,1,0,56,99.229317,2070,1980,90,1
n012w8-0,n012w8,0,12,100000,100.0,adaptive,2026-07-02T10:01:13+01:00,1,0,57,99.215608,1980,1920,60,1
n012w8-0,n012w8,0,12,100000,100.0,adaptive,2026-07-02T10:01:13+01:00,1,4,56,99.229317,1920,1875,45,1
n012w8-0,n012w8,0,12,100000,100.0,adaptive,2026-07-02T10:01:13+01:00,1,0,76,98.955514,1875,1745,130,1
n012w8-0,n012w8,0,12,100000,100.0,adaptive,2026-07-02T10:01:13+01:00,1,0,78,98.928176,1745,1740,5,1
n012w8-0,n012w8,0,12,100000,100.0,adaptive,2026-07-02T10:01:13+01:00,1,0,87,98.805245,1740,1635,105,1
n012w8-0,n012w8,0,12,100000,100.0,adaptive,2026-07-02T10:01:13+01:00,1,0,88,98.791596,1635,1605,30,1
n012w8-0,n012w8,0,12,100000,100.0,adaptive,2026-07-02T10:01:13+01:00,1,0,90,98.764302,1605,1495,110,1
n012w8-0,n012w8,0,12,100000,100.0,adaptive,2026-07-02T10:01:13+01:00,1,0,92,98.737016,1495,1395,100,1
n012w8-0,n012w8,0,12,100000,100.0,adaptive,2026-07-02T10:01:13+01:00,1,0,97,98.668835,1395,1365,30,1
n012w8-0,n012w8,0,12,100000,100.0,adaptive,2026-07-02T10:01:13+01:00,1,0,196,97.328493,1365,1360,5,2
n012w8-0,n012w8,0,12,100000,100.0,adaptive,2026-07-02T10:01:13+01:00,1,0,197,97.315048,1360,1345,15,2
n012w8-0,n012w8,0,12,100000,100.0,adaptive,2026-07-02T10:01:13+01:00,1,0,204,97.220981,1345,1330,15,2
n012w8-0,n012w8,0,12,100000,100.0,adaptive,2026-07-02T10:01:13+01:00,1,0,348,95.305947,1330,1320,10,2
n012w8-0,n012w8,0,12,100000,100.0,adaptive,2026-07-02T10:01:13+01:00,1,0,352,95.253293,1320,1290,30,2
n012w8-0,n012w8,0,12,100000,100.0,adaptive,2026-07-02T10:01:13+01:00,1,0,353,95.240134,1290,1230,60,2
n012w8-0,n012w8,0,12,100000,100.0,adaptive,2026-07-02T10:01:13+01:00,1,0,482,93.557800,1230,1205,25,2
n012w8-0,n012w8,0,12,100000,100.0,adaptive,2026-07-02T10:01:13+01:00,1,4,1187,84.875042,1205,1190,15,2
n012w8-0,n012w8,0,12,100000,100.0,adaptive,2026-07-02T10:01:13+01:00,1,4,1188,84.863316,1190,1160,30,2
n012w8-0,n012w8,0,12,100000,100.0,adaptive,2026-07-02T10:01:13+01:00,1,4,1189,84.851593,1160,1130,30,2
n012w8-0,n012w8,0,12,100000,100.0,adaptive,2026-07-02T10:01:13+01:00,1,0,1415,82.243200,1130,1025,105,4
n012w8-0,n012w8,0,12,100000,100.0,adaptive,2026-07-02T10:01:13+01:00,1,0,1417,82.220479,1025,995,30,4
n012w8-0,n012w8,0,12,100000,100.0,adaptive,2026-07-02T10:01:13+01:00,1,0,1423,82.152352,995,955,40,4
n012w8-0,n012w8,0,12,100000,100.0,adaptive,2026-07-02T10:01:13+01:00,1,0,1425,82.129655,955,945,10,4
n012w8-0,n012w8,0,12,100000,100.0,adaptive,2026-07-02T10:01:13+01:00,1,0,1612,80.035009,945,935,10,4
n012w8-0,n012w8,0,12,100000,100.0,adaptive,2026-07-02T10:01:13+01:00,1,0,1615,80.001844,935,915,20,4
n012w8-0,n012w8,0,12,100000,100.0,adaptive,2026-07-02T10:01:13+01:00,1,4,2629,69.544053,915,850,65,6
n012w8-0,n012w8,0,12,100000,100.0,adaptive,2026-07-02T10:01:13+01:00,1,3,5411,47.352182,850,820,30,12
n012w8-0,n012w8,0,12,100000,100.0,adaptive,2026-07-02T10:01:13+01:00,1,3,5415,47.326022,820,775,45,13
n012w8-0,n012w8,0,12,100000,100.0,adaptive,2026-07-02T10:01:13+01:00,1,3,5421,47.286808,775,730,45,13
n012w8-0,n012w8,0,12,100000,100.0,adaptive,2026-07-02T10:01:13+01:00,1,3,5460,47.032710,730,720,10,13
n012w8-0,n012w8,0,12,100000,100.0,adaptive,2026-07-02T10:01:13+01:00,1,2,8373,31.449953,720,705,15,16
n012w8-0,n012w8,0,12,100000,100.0,adaptive,2026-07-02T10:01:13+01:00,1,7,9121,28.362206,705,695,10,18
n012w8-0,n012w8,0,12,100000,100.0,adaptive,2026-07-02T10:01:13+01:00,1,2,9403,27.278470,695,685,10,18
n012w8-0,n012w8,0,12,100000,100.0,adaptive,2026-07-02T10:01:13+01:00,1,2,9425,27.195685,685,660,25,18
n012w8-0,n012w8,0,12,100000,100.0,adaptive,2026-07-02T10:01:13+01:00,1,0,9556,26.707916,660,620,40,18
n012w8-0,n012w8,0,12,100000,100.0,adaptive,2026-07-02T10:01:13+01:00,1,0,9573,26.645262,620,605,15,18
n012w8-0,n012w8,0,12,100000,100.0,adaptive,2026-07-02T10:01:13+01:00,1,0,9615,26.491100,605,590,15,18
n012w8-0,n012w8,0,12,100000,100.0,adaptive,2026-07-02T10:01:13+01:00,1,0,9623,26.461838,590,560,30,18
n012w8-0,n012w8,0,12,100000,100.0,adaptive,2026-07-02T10:01:13+01:00,1,9,10023,25.039174,560,545,15,24
n012w8-0,n012w8,0,12,100000,100.0,adaptive,2026-07-02T10:01:13+01:00,1,3,12783,17.100941,545,535,10,25
n012w8-0,n012w8,0,12,100000,100.0,adaptive,2026-07-02T10:01:13+01:00,1,3,12828,16.994954,535,520,15,25
n012w8-0,n012w8,0,12,100000,100.0,adaptive,2026-07-02T10:01:13+01:00,1,3,12850,16.943378,520,505,15,25
n012w8-0,n012w8,0,12,100000,100.0,adaptive,2026-07-02T10:01:13+01:00,1,3,13070,16.436146,505,490,15,26
n012w8-0,n012w8,0,12,100000,100.0,adaptive,2026-07-02T10:01:13+01:00,1,3,13139,16.280210,490,475,15,26
n012w8-0,n012w8,0,12,100000,100.0,adaptive,2026-07-02T10:01:13+01:00,1,3,13188,16.170372,475,460,15,26
n012w8-0,n012w8,0,12,100000,100.0,adaptive,2026-07-02T10:01:13+01:00,1,3,13255,16.021383,460,445,15,26
n012w8-0,n012w8,0,12,100000,100.0,adaptive,2026-07-02T10:01:13+01:00,1,3,13299,15.924287,445,430,15,26
n012w8-0,n012w8,0,12,100000,100.0,adaptive,2026-07-02T10:01:13+01:00,1,3,13572,15.334867,430,425,5,26
n012w8-0,n012w8,0,12,100000,100.0,adaptive,2026-07-02T10:01:13+01:00,1,3,13703,15.059828,425,410,15,27
n012w8-0,n012w8,0,12,100000,100.0,adaptive,2026-07-02T10:01:13+01:00,1,9,15950,11.040786,410,400,10,33
n012w8-0,n012w8,0,12,100000,100.0,adaptive,2026-07-02T10:01:13+01:00,2,0,1,99.986185,3815,3665,150,1
n012w8-0,n012w8,0,12,100000,100.0,adaptive,2026-07-02T10:01:13+01:00,2,0,3,99.958562,3665,3575,90,1
n012w8-0,n012w8,0,12,100000,100.0,adaptive,2026-07-02T10:01:13+01:00,2,0,4,99.944753,3575,3545,30,1
n012w8-0,n012w8,0,12,100000,100.0,adaptive,2026-07-02T10:01:13+01:00,2,0,6,99.917141,3545,3500,45,1
n012w8-0,n012w8,0,12,100000,100.0,adaptive,2026-07-02T10:01:13+01:00,2,0,7,99.903338,3500,3430,70,1
n012w8-0,n012w8,0,12,100000,100.0,adaptive,2026-07-02T10:01:13+01:00,2,0,8,99.889537,3430,3310,120,1
n012w8-0,n012w8,0,12,100000,100.0,adaptive,2026-07-02T10:01:13+01:00,2,0,10,99.861940,3310,3265,45,1
n012w8-0,n012w8,0,12,100000,100.0,adaptive,2026-07-02T10:01:13+01:00,2,0,13,99.820560,3265,3055,210,1
n012w8-0,n012w8,0,12,100000,100.0,adaptive,2026-07-02T10:01:13+01:00,2,0,18,99.751630,3055,2905,150,1
n012w8-0,n012w8,0,12,100000,100.0,adaptive,2026-07-02T10:01:13+01:00,2,0,19,99.737850,2905,2815,90,1
n012w8-0,n012w8,0,12,100000,100.0,adaptive,2026-07-02T10:01:13+01:00,2,2,10,99.861940,2815,2710,105,1
n012w8-0,n012w8,0,12,100000,100.0,adaptive,2026-07-02T10:01:13+01:00,2,3,12,99.834351,2710,2665,45,1
n012w8-0,n012w8,0,12,100000,100.0,adaptive,2026-07-02T10:01:13+01:00,2,0,25,99.655208,2665,2635,30,1
n012w8-0,n012w8,0,12,100000,100.0,adaptive,2026-07-02T10:01:13+01:00,2,3,14,99.806770,2635,2620,15,1
n012w8-0,n012w8,0,12,100000,100.0,adaptive,2026-07-02T10:01:13+01:00,2,0,27,99.627676,2620,2545,75,1
n012w8-0,n012w8,0,12,100000,100.0,adaptive,2026-07-02T10:01:13+01:00,2,3,17,99.765412,2545,2410,135,1
n012w8-0,n012w8,0,12,100000,100.0,adaptive,2026-07-02T10:01:13+01:00,2,3,20,99.724071,2410,2065,345,1
n012w8-0,n012w8,0,12,100000,100.0,adaptive,2026-07-02T10:01:13+01:00,2,3,21,99.710295,2065,1945,120,1
n012w8-0,n012w8,0,12,100000,100.0,adaptive,2026-07-02T10:01:13+01:00,2,3,23,99.682748,1945,1935,10,1
n012w8-0,n012w8,0,12,100000,100.0,adaptive,2026-07-02T10:01:13+01:00,2,6,25,99.655208,1935,1865,70,1
n012w8-0,n012w8,0,12,100000,100.0,adaptive,2026-07-02T10:01:13+01:00,2,6,27,99.627676,1865,1850,15,1
n012w8-0,n012w8,0,12,100000,100.0,adaptive,2026-07-02T10:01:13+01:00,2,6,28,99.613913,1850,1640,210,1
n012w8-0,n012w8,0,12,100000,100.0,adaptive,2026-07-02T10:01:13+01:00,2,6,32,99.558879,1640,1580,60,1
n012w8-0,n012w8,0,12,100000,100.0,adaptive,2026-07-02T10:01:13+01:00,2,6,46,99.366502,1580,1555,25,1
n012w8-0,n012w8,0,12,100000,100.0,adaptive,2026-07-02T10:01:13+01:00,2,6,53,99.270452,1555,1510,45,1
n012w8-0,n012w8,0,12,100000,100.0,adaptive,2026-07-02T10:01:13+01:00,2,6,56,99.229317,1510,1450,60,1
n012w8-0,n012w8,0,12,100000,100.0,adaptive,2026-07-02T10:01:13+01:00,2,3,97,98.668835,1450,1425,25,1
n012w8-0,n012w8,0,12,100000,100.0,adaptive,2026-07-02T10:01:13+01:00,2,3,99,98.641575,1425,1365,60,1
n012w8-0,n012w8,0,12,100000,100.0,adaptive,2026-07-02T10:01:13+01:00,2,3,100,98.627949,1365,1290,75,1
n012w8-0,n012w8,0,12,100000,100.0,adaptive,2026-07-02T10:01:13+01:00,2,2,159,97.827285,1290,1280,10,1
n012w8-0,n012w8,0,12,100000,100.0,adaptive,2026-07-02T10:01:13+01:00,2,4,271,96.325218,1280,1250,30,1
n012w8-0,n012w8,0,12,100000,100.0,adaptive,2026-07-02T10:01:13+01:00,2,4,272,96.311911,1250,1215,35,1
n012w8-0,n012w8,0,12,100000,100.0,adaptive,2026-07-02T10:01:13+01:00,2,4,277,96.245404,1215,1185,30,1
n012w8-0,n012w8,0,12,100000,100.0,adaptive,2026-07-02T10:01:13+01:00,2,4,279,96.218814,1185,1170,15,1
n012w8-0,n012w8,0,12,100000,100.0,adaptive,2026-07-02T10:01:13+01:00,2,6,324,95.622479,1170,1160,10,1
n012w8-0,n012w8,0,12,100000,100.0,adaptive,2026-07-02T10:01:13+01:00,2,0,414,94.440875,1160,1055,105,2
n012w8-0,n012w8,0,12,100000,100.0,adaptive,2026-07-02T10:01:13+01:00,2,0,418,94.388699,1055,1040,15,2
n012w8-0,n012w8,0,12,100000,100.0,adaptive,2026-07-02T10:01:13+01:00,2,9,451,93.959349,1040,1035,5,2
n012w8-0,n012w8,0,12,100000,100.0,adaptive,2026-07-02T10:01:13+01:00,2,9,452,93.946369,1035,975,60,2
n012w8-0,n012w8,0,12,100000,100.0,adaptive,2026-07-02T10:01:13+01:00,2,3,771,89.895924,975,950,25,2
n012w8-0,n012w8,0,12,100000,100.0,adaptive,2026-07-02T10:01:13+01:00,2,3,772,89.883505,950,935,15,2
n012w8-0,n012w8,0,12,100000,100.0,adaptive,2026-07-02T10:01:13+01:00,2,3,800,89.536477,935,905,30,2
n012w8-0,n012w8,0,12,100000,100.0,adaptive,2026-07-02T10:01:13+01:00,2,5,2447,71.314854,905,880,25,4
n012w8-0,n012w8,0,12,100000,100.0,adaptive,2026-07-02T10:01:13+01:00,2,5,2454,71.245920,880,850,30,4
n012w8-0,n012w8,0,12,100000,100.0,adaptive,2026-07-02T10:01:13+01:00,2,5,2456,71.226237,850,835,15,4
n012w8-0,n012w8,0,12,100000,100.0,adaptive,2026-07-02T10:01:13+01:00,2,5,2461,71.177053,835,825,10,4
n012w8-0,n012w8,0,12,100000,100.0,adaptive,2026-07-02T10:01:13+01:00,2,7,4317,55.078233,825,820,5,8
n012w8-0,n012w8,0,12,100000,100.0,adaptive,2026-07-02T10:01:13+01:00,2,7,4322,55.040200,820,805,15,8
n012w8-0,n012w8,0,12,100000,100.0,adaptive,2026-07-02T10:01:13+01:00,2,7,5511,46.702486,805,785,20,9
n012w8-0,n012w8,0,12,100000,100.0,adaptive,2026-07-02T10:01:13+01:00,2,7,5513,46.689584,785,755,30,9
n012w8-0,n012w8,0,12,100000,100.0,adaptive,2026-07-02T10:01:13+01:00,2,3,7401,35.969964,755,745,10,13
n012w8-0,n012w8,0,12,100000,100.0,adaptive,2026-07-02T10:01:13+01:00,2,7,7723,34.404876,745,725,20,13
n012w8-0,n012w8,0,12,100000,100.0,adaptive,2026-07-02T10:01:13+01:00,2,7,7750,34.276779,725,685,40,13
n012w8-0,n012w8,0,12,100000,100.0,adaptive,2026-07-02T10:01:13+01:00,2,7,7866,33.731838,685,675,10,13
n012w8-0,n012w8,0,12,100000,100.0,adaptive,2026-07-02T10:01:13+01:00,2,7,7895,33.596961,675,660,15,13
n012w8-0,n012w8,0,12,100000,100.0,adaptive,2026-07-02T10:01:13+01:00,2,7,8211,32.161774,660,645,15,13
n012w8-0,n012w8,0,12,100000,100.0,adaptive,2026-07-02T10:01:13+01:00,2,3,8186,32.273049,645,565,80,13
n012w8-0,n012w8,0,12,100000,100.0,adaptive,2026-07-02T10:01:13+01:00,2,3,8194,32.237399,565,550,15,13
n012w8-0,n012w8,0,12,100000,100.0,adaptive,2026-07-02T10:01:13+01:00,2,3,8278,31.865446,550,535,15,14
n012w8-0,n012w8,0,12,100000,100.0,adaptive,2026-07-02T10:01:13+01:00,2,3,8283,31.843442,535,505,30,14
n012w8-0,n012w8,0,12,100000,100.0,adaptive,2026-07-02T10:01:13+01:00,2,3,9432,27.169397,505,495,10,17
n012w8-0,n012w8,0,12,100000,100.0,adaptive,2026-07-02T10:01:13+01:00,2,5,10539,23.316320,495,490,5,18
n012w8-0,n012w8,0,12,100000,100.0,adaptive,2026-07-02T10:01:13+01:00,2,5,10551,23.277696,490,445,45,18
n012w8-0,n012w8,0,12,100000,100.0,adaptive,2026-07-02T10:01:13+01:00,2,3,11231,21.190441,445,405,40,20
n012w8-0,n012w8,0,12,100000,100.0,adaptive,2026-07-02T10:01:13+01:00,2,7,12544,17.675024,405,390,15,20
n012w8-0,n012w8,0,12,100000,100.0,adaptive,2026-07-02T10:01:13+01:00,2,7,12545,17.672582,390,375,15,20
n012w8-0,n012w8,0,12,100000,100.0,adaptive,2026-07-02T10:01:13+01:00,2,3,13282,15.961731,375,360,15,23
n012w8-0,n012w8,0,12,100000,100.0,adaptive,2026-07-02T10:01:13+01:00,2,3,13301,15.919888,360,355,5,23
n012w8-0,n012w8,0,12,100000,100.0,adaptive,2026-07-02T10:01:13+01:00,2,3,13408,15.686281,355,340,15,23
n012w8-0,n012w8,0,12,100000,100.0,adaptive,2026-07-02T10:01:13+01:00,2,3,13511,15.464647,340,325,15,23
n012w8-0,n012w8,0,12,100000,100.0,adaptive,2026-07-02T10:01:13+01:00,2,7,14984,12.617113,325,315,10,24
n012w8-0,n012w8,0,12,100000,100.0,adaptive,2026-07-02T10:01:13+01:00,2,3,17499,8.913741,315,310,5,28
n012w8-0,n012w8,0,12,100000,100.0,adaptive,2026-07-02T10:01:13+01:00,2,16,16139,10.756228,310,305,5,29
n012w8-0,n012w8,0,12,100000,100.0,adaptive,2026-07-02T10:01:13+01:00,2,15,19532,6.731006,305,295,10,37
n012w8-0,n012w8,0,12,100000,100.0,adaptive,2026-07-02T10:01:13+01:00,2,15,20373,5.992665,295,280,15,38
n012w8-0,n012w8,0,12,100000,100.0,adaptive,2026-07-02T10:01:13+01:00,2,39,16115,10.791952,280,250,30,387
n012w8-0,n012w8,0,12,100000,100.0,adaptive,2026-07-02T10:01:13+01:00,2,39,16178,10.698429,250,220,30,387
n012w8-0,n012w8,0,12,100000,100.0,adaptive,2026-07-02T10:01:13+01:00,3,0,4,99.944753,4370,4190,180,0
n012w8-0,n012w8,0,12,100000,100.0,adaptive,2026-07-02T10:01:13+01:00,3,0,5,99.930946,4190,4160,30,0
n012w8-0,n012w8,0,12,100000,100.0,adaptive,2026-07-02T10:01:13+01:00,3,0,8,99.889537,4160,4130,30,0
n012w8-0,n012w8,0,12,100000,100.0,adaptive,2026-07-02T10:01:13+01:00,3,0,9,99.875738,4130,4100,30,0
n012w8-0,n012w8,0,12,100000,100.0,adaptive,2026-07-02T10:01:13+01:00,3,0,10,99.861940,4100,3920,180,0
n012w8-0,n012w8,0,12,100000,100.0,adaptive,2026-07-02T10:01:13+01:00,3,0,11,99.848145,3920,3770,150,0
n012w8-0,n012w8,0,12,100000,100.0,adaptive,2026-07-02T10:01:13+01:00,3,0,12,99.834351,3770,3725,45,0
n012w8-0,n012w8,0,12,100000,100.0,adaptive,2026-07-02T10:01:13+01:00,3,0,14,99.806770,3725,3710,15,0
n012w8-0,n012w8,0,12,100000,100.0,adaptive,2026-07-02T10:01:13+01:00,3,0,16,99.779196,3710,3680,30,0
n012w8-0,n012w8,0,12,100000,100.0,adaptive,2026-07-02T10:01:13+01:00,3,4,4,99.944753,3680,3420,260,0
n012w8-0,n012w8,0,12,100000,100.0,adaptive,2026-07-02T10:01:13+01:00,3,5,8,99.889537,3420,3250,170,0
n012w8-0,n012w8,0,12,100000,100.0,adaptive,2026-07-02T10:01:13+01:00,3,5,9,99.875738,3250,3235,15,0
n012w8-0,n012w8,0,12,100000,100.0,adaptive,2026-07-02T10:01:13+01:00,3,4,10,99.861940,3235,3035,200,0
n012w8-0,n012w8,0,12,100000,100.0,adaptive,2026-07-02T10:01:13+01:00,3,4,12,99.834351,3035,2885,150,0
n012w8-0,n012w8,0,12,100000,100.0,adaptive,2026-07-02T10:01:13+01:00,3,4,13,99.820560,2885,2855,30,0
n012w8-0,n012w8,0,12,100000,100.0,adaptive,2026-07-02T10:01:13+01:00,3,6,16,99.779196,2855,2610,245,0
n012w8-0,n012w8,0,12,100000,100.0,adaptive,2026-07-02T10:01:13+01:00,3,6,27,99.627676,2610,2520,90,0
n012w8-0,n012w8,0,12,100000,100.0,adaptive,2026-07-02T10:01:13+01:00,3,6,30,99.586392,2520,2490,30,0
n012w8-0,n012w8,0,12,100000,100.0,adaptive,2026-07-02T10:01:13+01:00,3,5,37,99.490130,2490,2405,85,0
n012w8-0,n012w8,0,12,100000,100.0,adaptive,2026-07-02T10:01:13+01:00,3,5,38,99.476386,2405,2335,70,0
n012w8-0,n012w8,0,12,100000,100.0,adaptive,2026-07-02T10:01:13+01:00,3,5,40,99.448904,2335,2305,30,0
n012w8-0,n012w8,0,12,100000,100.0,adaptive,2026-07-02T10:01:13+01:00,3,6,36,99.503876,2305,2225,80,0
n012w8-0,n012w8,0,12,100000,100.0,adaptive,2026-07-02T10:01:13+01:00,3,6,37,99.490130,2225,2075,150,0
n012w8-0,n012w8,0,12,100000,100.0,adaptive,2026-07-02T10:01:13+01:00,3,6,38,99.476386,2075,1895,180,0
n012w8-0,n012w8,0,12,100000,100.0,adaptive,2026-07-02T10:01:13+01:00,3,3,53,99.270452,1895,1845,50,0
n012w8-0,n012w8,0,12,100000,100.0,adaptive,2026-07-02T10:01:13+01:00,3,8,45,99.380231,1845,1830,15,0
n012w8-0,n012w8,0,12,100000,100.0,adaptive,2026-07-02T10:01:13+01:00,3,3,54,99.256738,1830,1815,15,0
n012w8-0,n012w8,0,12,100000,100.0,adaptive,2026-07-02T10:01:13+01:00,3,3,61,99.160795,1815,1785,30,0
n012w8-0,n012w8,0,12,100000,100.0,adaptive,2026-07-02T10:01:13+01:00,3,3,62,99.147096,1785,1755,30,0
n012w8-0,n012w8,0,12,100000,100.0,adaptive,2026-07-02T10:01:13+01:00,3,3,64,99.119705,1755,1515,240,0
n012w8-0,n012w8,0,12,100000,100.0,adaptive,2026-07-02T10:01:13+01:00,3,8,108,98.519001,1515,1490,25,0
n012w8-0,n012w8,0,12,100000,100.0,adaptive,2026-07-02T10:01:13+01:00,3,6,132,98.192880,1490,1480,10,1
n012w8-0,n012w8,0,12,100000,100.0,adaptive,2026-07-02T10:01:13+01:00,3,7,148,97.976067,1480,1470,10,1
n012w8-0,n012w8,0,12,100000,100.0,adaptive,2026-07-02T10:01:13+01:00,3,7,149,97.962532,1470,1440,30,1
n012w8-0,n012w8,0,12,100000,100.0,adaptive,2026-07-02T10:01:13+01:00,3,8,168,97.705722,1440,1395,45,1
n012w8-0,n012w8,0,12,100000,100.0,adaptive,2026-07-02T10:01:13+01:00,3,8,169,97.692225,1395,1335,60,1
n012w8-0,n012w8,0,12,100000,100.0,adaptive,2026-07-02T10:01:13+01:00,3,8,170,97.678729,1335,1320,15,1
n012w8-0,n012w8,0,12,100000,100.0,adaptive,2026-07-02T10:01:13+01:00,3,8,173,97.638253,1320,1290,30,1
n012w8-0,n012w8,0,12,100000,100.0,adaptive,2026-07-02T10:01:13+01:00,3,8,174,97.624765,1290,1230,60,1
n012w8-0,n012w8,0,12,100000,100.0,adaptive,2026-07-02T10:01:13+01:00,3,0,640,91.537701,1230,1220,10,1
n012w8-0,n012w8,0,12,100000,100.0,adaptive,2026-07-02T10:01:13+01:00,3,16,1026,86.784067,1220,1205,15,2
n012w8-0,n012w8,0,12,100000,100.0,adaptive,2026-07-02T10:01:13+01:00,3,16,1029,86.748106,1205,1130,75,2
n012w8-0,n012w8,0,12,100000,100.0,adaptive,2026-07-02T10:01:13+01:00,3,4,1623,79.913472,1130,1120,10,3
n012w8-0,n012w8,0,12,100000,100.0,adaptive,2026-07-02T10:01:13+01:00,3,4,1627,79.869322,1120,1100,20,3
n012w8-0,n012w8,0,12,100000,100.0,adaptive,2026-07-02T10:01:13+01:00,3,16,2046,75.377200,1100,1095,5,3
n012w8-0,n012w8,0,12,100000,100.0,adaptive,2026-07-02T10:01:13+01:00,3,5,2797,67.948520,1095,1085,10,5
n012w8-0,n012w8,0,12,100000,100.0,adaptive,2026-07-02T10:01:13+01:00,3,8,2146,74.342986,1085,1045,40,5
n012w8-0,n012w8,0,12,100000,100.0,adaptive,2026-07-02T10:01:13+01:00,3,8,2147,74.332716,1045,1030,15,5
n012w8-0,n012w8,0,12,100000,100.0,adaptive,2026-07-02T10:01:13+01:00,3,0,4082,56.895773,1030,1025,5,8
n012w8-0,n012w8,0,12,100000,100.0,adaptive,2026-07-02T10:01:13+01:00,3,0,4086,56.864340,1025,1010,15,8
n012w8-0,n012w8,0,12,100000,100.0,adaptive,2026-07-02T10:01:13+01:00,3,0,4218,55.836733,1010,995,15,8
n012w8-0,n012w8,0,12,100000,100.0,adaptive,2026-07-02T10:01:13+01:00,3,0,4219,55.829019,995,905,90,8
n012w8-0,n012w8,0,12,100000,100.0,adaptive,2026-07-02T10:01:13+01:00,3,0,4231,55.736539,905,845,60,8
n012w8-0,n012w8,0,12,100000,100.0,adaptive,2026-07-02T10:01:13+01:00,3,4,6165,42.667775,845,840,5,11
n012w8-0,n012w8,0,12,100000,100.0,adaptive,2026-07-02T10:01:13+01:00,3,12,4588,53.054228,840,835,5,11
n012w8-0,n012w8,0,12,100000,100.0,adaptive,2026-07-02T10:01:13+01:00,3,4,7445,35.751972,835,825,10,13
n012w8-0,n012w8,0,12,100000,100.0,adaptive,2026-07-02T10:01:13+01:00,3,4,7447,35.742095,825,780,45,13
n012w8-0,n012w8,0,12,100000,100.0,adaptive,2026-07-02T10:01:13+01:00,3,4,7460,35.677959,780,765,15,13
n012w8-0,n012w8,0,12,100000,100.0,adaptive,2026-07-02T10:01:13+01:00,3,4,8293,31.799479,765,750,15,14
n012w8-0,n012w8,0,12,100000,100.0,adaptive,2026-07-02T10:01:13+01:00,3,7,8317,31.694215,750,735,15,15
n012w8-0,n012w8,0,12,100000,100.0,adaptive,2026-07-02T10:01:13+01:00,3,7,8350,31.550046,735,705,30,15
n012w8-0,n012w8,0,12,100000,100.0,adaptive,2026-07-02T10:01:13+01:00,3,16,10722,22.734217,705,700,5,19
n012w8-0,n012w8,0,12,100000,100.0,adaptive,2026-07-02T10:01:13+01:00,3,16,10821,22.425390,700,680,20,20
n012w8-0,n012w8,0,12,100000,100.0,adaptive,2026-07-02T10:01:13+01:00,3,16,10897,22.191160,680,650,30,20
n012w8-0,n012w8,0,12,100000,100.0,adaptive,2026-07-02T10:01:13+01:00,3,0,12258,18.387386,650,645,5,21
n012w8-0,n012w8,0,12,100000,100.0,adaptive,2026-07-02T10:01:13+01:00,3,4,12960,16.687835,645,630,15,22
n012w8-0,n012w8,0,12,100000,100.0,adaptive,2026-07-02T10:01:13+01:00,3,4,13009,16.575247,630,600,30,22
n012w8-0,n012w8,0,12,100000,100.0,adaptive,2026-07-02T10:01:13+01:00,3,0,13950,14.554591,600,595,5,23
n012w8-0,n012w8,0,12,100000,100.0,adaptive,2026-07-02T10:01:13+01:00,3,0,14585,13.332144,595,580,15,24
n012w8-0,n012w8,0,12,100000,100.0,adaptive,2026-07-02T10:01:13+01:00,3,0,15283,12.106539,580,550,30,25
n012w8-0,n012w8,0,12,100000,100.0,adaptive,2026-07-02T10:01:13+01:00,3,4,17099,9.420197,550,545,5,29
n012w8-0,n012w8,0,12,100000,100.0,adaptive,2026-07-02T10:01:13+01:00,3,4,17500,8.912509,545,530,15,29
n012w8-0,n012w8,0,12,100000,100.0,adaptive,2026-07-02T10:01:13+01:00,3,6,16235,10.614511,530,520,10,30
n012w8-0,n012w8,0,12,100000,100.0,adaptive,2026-07-02T10:01:13+01:00,3,6,17496,8.917436,520,505,15,31
n012w8-0,n012w8,0,12,100000,100.0,adaptive,2026-07-02T10:01:13+01:00,3,6,17556,8.843822,505,490,15,32
n012w8-0,n012w8,0,12,100000,100.0,adaptive,2026-07-02T10:01:13+01:00,3,6,17776,8.579066,490,475,15,32
n012w8-0,n012w8,0,12,100000,100.0,adaptive,2026-07-02T10:01:13+01:00,3,6,19518,6.744038,475,460,15,35
n012w8-0,n012w8,0,12,100000,100.0,adaptive,2026-07-02T10:01:13+01:00,4,0,1,99.986185,3510,3480,30,0
n012w8-0,n012w8,0,12,100000,100.0,adaptive,2026-07-02T10:01:13+01:00,4,0,3,99.958562,3480,3120,360,0
n012w8-0,n012w8,0,12,100000,100.0,adaptive,2026-07-02T10:01:13+01:00,4,0,4,99.944753,3120,3105,15,0
n012w8-0,n012w8,0,12,100000,100.0,adaptive,2026-07-02T10:01:13+01:00,4,0,5,99.930946,3105,3075,30,0
n012w8-0,n012w8,0,12,100000,100.0,adaptive,2026-07-02T10:01:13+01:00,4,0,6,99.917141,3075,2995,80,0
n012w8-0,n012w8,0,12,100000,100.0,adaptive,2026-07-02T10:01:13+01:00,4,0,7,99.903338,2995,2965,30,0
n012w8-0,n012w8,0,12,100000,100.0,adaptive,2026-07-02T10:01:13+01:00,4,0,8,99.889537,2965,2830,135,0
n012w8-0,n012w8,0,12,100000,100.0,adaptive,2026-07-02T10:01:13+01:00,4,0,13,99.820560,2830,2755,75,0
n012w8-0,n012w8,0,12,100000,100.0,adaptive,2026-07-02T10:01:13+01:00,4,0,15,99.792982,2755,2695,60,0
n012w8-0,n012w8,0,12,100000,100.0,adaptive,2026-07-02T10:01:13+01:00,4,0,19,99.737850,2695,2640,55,0
n012w8-0,n012w8,0,12,100000,100.0,adaptive,2026-07-02T10:01:13+01:00,4,0,20,99.724071,2640,2610,30,0
n012w8-0,n012w8,0,12,100000,100.0,adaptive,2026-07-02T10:01:13+01:00,4,3,11,99.848145,2610,2460,150,0
n012w8-0,n012w8,0,12,100000,100.0,adaptive,2026-07-02T10:01:13+01:00,4,3,13,99.820560,2460,2430,30,0
n012w8-0,n012w8,0,12,100000,100.0,adaptive,2026-07-02T10:01:13+01:00,4,0,25,99.655208,2430,2385,45,0
n012w8-0,n012w8,0,12,100000,100.0,adaptive,2026-07-02T10:01:13+01:00,4,3,15,99.792982,2385,2340,45,0
n012w8-0,n012w8,0,12,100000,100.0,adaptive,2026-07-02T10:01:13+01:00,4,3,16,99.779196,2340,2190,150,0
n012w8-0,n012w8,0,12,100000,100.0,adaptive,2026-07-02T10:01:13+01:00,4,3,17,99.765412,2190,2145,45,0
n012w8-0,n012w8,0,12,100000,100.0,adaptive,2026-07-02T10:01:13+01:00,4,3,19,99.737850,2145,1965,180,0
n012w8-0,n012w8,0,12,100000,100.0,adaptive,2026-07-02T10:01:13+01:00,4,3,21,99.710295,1965,1830,135,0
n012w8-0,n012w8,0,12,100000,100.0,adaptive,2026-07-02T10:01:13+01:00,4,3,23,99.682748,1830,1740,90,0
n012w8-0,n012w8,0,12,100000,100.0,adaptive,2026-07-02T10:01:13+01:00,4,3,27,99.627676,1740,1620,120,0
n012w8-0,n012w8,0,12,100000,100.0,adaptive,2026-07-02T10:01:13+01:00,4,3,31,99.572635,1620,1605,15,0
n012w8-0,n012w8,0,12,100000,100.0,adaptive,2026-07-02T10:01:13+01:00,4,3,35,99.517624,1605,1530,75,0
n012w8-0,n012w8,0,12,100000,100.0,adaptive,2026-07-02T10:01:13+01:00,4,3,37,99.490130,1530,1470,60,0
n012w8-0,n012w8,0,12,100000,100.0,adaptive,2026-07-02T10:01:13+01:00,4,2,79,98.914509,1470,1435,35,1
n012w8-0,n012w8,0,12,100000,100.0,adaptive,2026-07-02T10:01:13+01:00,4,5,90,98.764302,1435,1365,70,1
n012w8-0,n012w8,0,12,100000,100.0,adaptive,2026-07-02T10:01:13+01:00,4,5,91,98.750658,1365,1275,90,1
n012w8-0,n012w8,0,12,100000,100.0,adaptive,2026-07-02T10:01:13+01:00,4,5,132,98.192880,1275,1215,60,1
n012w8-0,n012w8,0,12,100000,100.0,adaptive,2026-07-02T10:01:13+01:00,4,5,134,98.165752,1215,1200,15,1
n012w8-0,n012w8,0,12,100000,100.0,adaptive,2026-07-02T10:01:13+01:00,4,5,142,98.057316,1200,1110,90,1
n012w8-0,n012w8,0,12,100000,100.0,adaptive,2026-07-02T10:01:13+01:00,4,5,164,97.759731,1110,1080,30,1
n012w8-0,n012w8,0,12,100000,100.0,adaptive,2026-07-02T10:01:13+01:00,4,5,167,97.719222,1080,1020,60,1
n012w8-0,n012w8,0,12,100000,100.0,adaptive,2026-07-02T10:01:13+01:00,4,5,887,88.466735,1020,1005,15,2
n012w8-0,n012w8,0,12,100000,100.0,adaptive,2026-07-02T10:01:13+01:00,4,5,890,88.430076,1005,975,30,2
n012w8-0,n012w8,0,12,100000,100.0,adaptive,2026-07-02T10:01:13+01:00,4,5,902,88.283593,975,930,45,2
n012w8-0,n012w8,0,12,100000,100.0,adaptive,2026-07-02T10:01:13+01:00,4,3,1170,85.074616,930,925,5,2
n012w8-0,n012w8,0,12,100000,100.0,adaptive,2026-07-02T10:01:13+01:00,4,7,1533,80.913316,925,900,25,3
n012w8-0,n012w8,0,12,100000,100.0,adaptive,2026-07-02T10:01:13+01:00,4,7,1550,80.723503,900,870,30,3
n012w8-0,n012w8,0,12,100000,100.0,adaptive,2026-07-02T10:01:13+01:00,4,0,2080,75.023963,870,850,20,3
n012w8-0,n012w8,0,12,100000,100.0,adaptive,2026-07-02T10:01:13+01:00,4,8,2787,68.042459,850,825,25,4
n012w8-0,n012w8,0,12,100000,100.0,adaptive,2026-07-02T10:01:13+01:00,4,8,3034,65.759727,825,810,15,5
n012w8-0,n012w8,0,12,100000,100.0,adaptive,2026-07-02T10:01:13+01:00,4,8,3048,65.632659,810,765,45,5
n012w8-0,n012w8,0,12,100000,100.0,adaptive,2026-07-02T10:01:13+01:00,4,8,3052,65.596399,765,735,30,5
n012w8-0,n012w8,0,12,100000,100.0,adaptive,2026-07-02T10:01:13+01:00,4,8,3053,65.587337,735,675,60,5
n012w8-0,n012w8,0,12,100000,100.0,adaptive,2026-07-02T10:01:13+01:00,4,8,3058,65.542047,675,615,60,5
n012w8-0,n012w8,0,12,100000,100.0,adaptive,2026-07-02T10:01:13+01:00,4,4,4051,57.139969,615,570,45,6
n012w8-0,n012w8,0,12,100000,100.0,adaptive,2026-07-02T10:01:13+01:00,4,7,6728,39.474806,570,510,60,10
n012w8-0,n012w8,0,12,100000,100.0,adaptive,2026-07-02T10:01:13+01:00,4,7,6733,39.447547,510,480,30,10
n012w8-0,n012w8,0,12,100000,100.0,adaptive,2026-07-02T10:01:13+01:00,4,4,8380,31.419553,480,465,15,12
n012w8-0,n012w8,0,12,100000,100.0,adaptive,2026-07-02T10:01:13+01:00,4,4,9143,28.276132,465,435,30,13
n012w8-0,n012w8,0,12,100000,100.0,adaptive,2026-07-02T10:01:13+01:00,4,4,9145,28.268320,435,420,15,13
n012w8-0,n012w8,0,12,100000,100.0,adaptive,2026-07-02T10:01:13+01:00,4,4,9154,28.233193,420,345,75,13
n012w8-0,n012w8,0,12,100000,100.0,adaptive,2026-07-02T10:01:13+01:00,4,8,11674,19.932419,345,330,15,17
n012w8-0,n012w8,0,12,100000,100.0,adaptive,2026-07-02T10:01:13+01:00,4,11,8546,30.707185,330,315,15,18
n012w8-0,n012w8,0,12,100000,100.0,adaptive,2026-07-02T10:01:13+01:00,4,8,12694,17.312509,315,285,30,18
n012w8-0,n012w8,0,12,100000,100.0,adaptive,2026-07-02T10:01:13+01:00,4,8,13769,14.923133,285,255,30,20
n012w8-0,n012w8,0,12,100000,100.0,adaptive,2026-07-02T10:01:13+01:00,4,8,13775,14.910768,255,225,30,20
n012w8-0,n012w8,0,12,100000,100.0,adaptive,2026-07-02T10:01:13+01:00,4,8,14194,14.072135,225,210,15,20
n012w8-0,n012w8,0,12,100000,100.0,adaptive,2026-07-02T10:01:13+01:00,4,8,17602,8.787797,210,195,15,25
n012w8-0,n012w8,0,12,100000,100.0,adaptive,2026-07-02T10:01:13+01:00,4,12,17208,9.279402,195,180,15,29
n012w8-0,n012w8,0,12,100000,100.0,adaptive,2026-07-02T10:01:13+01:00,4,5,22726,4.329522,180,165,15,43
n012w8-0,n012w8,0,12,100000,100.0,adaptive,2026-07-02T10:01:13+01:00,4,14,20390,5.978607,165,150,15,43
n012w8-0,n012w8,0,12,100000,100.0,adaptive,2026-07-02T10:01:13+01:00,4,14,20549,5.848709,150,135,15,43
n012w8-0,n012w8,0,12,100000,100.0,adaptive,2026-07-02T10:01:13+01:00,5,0,1,99.986185,4395,4215,180,0
n012w8-0,n012w8,0,12,100000,100.0,adaptive,2026-07-02T10:01:13+01:00,5,0,2,99.972373,4215,4205,10,0
n012w8-0,n012w8,0,12,100000,100.0,adaptive,2026-07-02T10:01:13+01:00,5,0,5,99.930946,4205,3965,240,0
n012w8-0,n012w8,0,12,100000,100.0,adaptive,2026-07-02T10:01:13+01:00,5,0,12,99.834351,3965,3855,110,0
n012w8-0,n012w8,0,12,100000,100.0,adaptive,2026-07-02T10:01:13+01:00,5,0,13,99.820560,3855,3795,60,0
n012w8-0,n012w8,0,12,100000,100.0,adaptive,2026-07-02T10:01:13+01:00,5,0,14,99.806770,3795,3780,15,0
n012w8-0,n012w8,0,12,100000,100.0,adaptive,2026-07-02T10:01:13+01:00,5,0,15,99.792982,3780,3750,30,0
n012w8-0,n012w8,0,12,100000,100.0,adaptive,2026-07-02T10:01:13+01:00,5,2,2,99.972373,3750,3645,105,0
n012w8-0,n012w8,0,12,100000,100.0,adaptive,2026-07-02T10:01:13+01:00,5,2,4,99.944753,3645,3405,240,0
n012w8-0,n012w8,0,12,100000,100.0,adaptive,2026-07-02T10:01:13+01:00,5,3,8,99.889537,3405,3305,100,0
n012w8-0,n012w8,0,12,100000,100.0,adaptive,2026-07-02T10:01:13+01:00,5,2,5,99.930946,3305,3255,50,0
n012w8-0,n012w8,0,12,100000,100.0,adaptive,2026-07-02T10:01:13+01:00,5,2,7,99.903338,3255,3225,30,0
n012w8-0,n012w8,0,12,100000,100.0,adaptive,2026-07-02T10:01:13+01:00,5,3,12,99.834351,3225,3045,180,0
n012w8-0,n012w8,0,12,100000,100.0,adaptive,2026-07-02T10:01:13+01:00,5,3,13,99.820560,3045,2885,160,0
n012w8-0,n012w8,0,12,100000,100.0,adaptive,2026-07-02T10:01:13+01:00,5,3,15,99.792982,2885,2825,60,0
n012w8-0,n012w8,0,12,100000,100.0,adaptive,2026-07-02T10:01:13+01:00,5,3,17,99.765412,2825,2770,55,0
n012w8-0,n012w8,0,12,100000,100.0,adaptive,2026-07-02T10:01:13+01:00,5,4,14,99.806770,2770,2720,50,0
n012w8-0,n012w8,0,12,100000,100.0,adaptive,2026-07-02T10:01:13+01:00,5,2,23,99.682748,2720,2705,15,0
n012w8-0,n012w8,0,12,100000,100.0,adaptive,2026-07-02T10:01:13+01:00,5,3,21,99.710295,2705,2650,55,0
n012w8-0,n012w8,0,12,100000,100.0,adaptive,2026-07-02T10:01:13+01:00,5,8,9,99.875738,2650,2580,70,0
n012w8-0,n012w8,0,12,100000,100.0,adaptive,2026-07-02T10:01:13+01:00,5,2,26,99.641441,2580,2570,10,0
n012w8-0,n012w8,0,12,100000,100.0,adaptive,2026-07-02T10:01:13+01:00,5,3,27,99.627676,2570,2380,190,0
n012w8-0,n012w8,0,12,100000,100.0,adaptive,2026-07-02T10:01:13+01:00,5,3,29,99.600152,2380,2080,300,0
n012w8-0,n012w8,0,12,100000,100.0,adaptive,2026-07-02T10:01:13+01:00,5,3,32,99.558879,2080,2020,60,0
n012w8-0,n012w8,0,12,100000,100.0,adaptive,2026-07-02T10:01:13+01:00,5,3,33,99.545126,2020,1860,160,0
n012w8-0,n012w8,0,12,100000,100.0,adaptive,2026-07-02T10:01:13+01:00,5,8,45,99.380231,1860,1830,30,0
n012w8-0,n012w8,0,12,100000,100.0,adaptive,2026-07-02T10:01:13+01:00,5,8,46,99.366502,1830,1785,45,0
n012w8-0,n012w8,0,12,100000,100.0,adaptive,2026-07-02T10:01:13+01:00,5,8,49,99.325326,1785,1755,30,0
n012w8-0,n012w8,0,12,100000,100.0,adaptive,2026-07-02T10:01:13+01:00,5,8,50,99.311605,1755,1665,90,0
n012w8-0,n012w8,0,12,100000,100.0,adaptive,2026-07-02T10:01:13+01:00,5,8,53,99.270452,1665,1620,45,0
n012w8-0,n012w8,0,12,100000,100.0,adaptive,2026-07-02T10:01:13+01:00,5,8,63,99.133400,1620,1515,105,0
n012w8-0,n012w8,0,12,100000,100.0,adaptive,2026-07-02T10:01:13+01:00,5,7,96,98.682467,1515,1420,95,1
n012w8-0,n012w8,0,12,100000,100.0,adaptive,2026-07-02T10:01:13+01:00,5,3,117,98.396579,1420,1405,15,1
n012w8-0,n012w8,0,12,100000,100.0,adaptive,2026-07-02T10:01:13+01:00,5,3,122,98.328633,1405,1375,30,1
n012w8-0,n012w8,0,12,100000,100.0,adaptive,2026-07-02T10:01:13+01:00,5,3,123,98.315049,1375,1315,60,1
n012w8-0,n012w8,0,12,100000,100.0,adaptive,2026-07-02T10:01:13+01:00,5,11,88,98.791596,1315,1235,80,1
n012w8-0,n012w8,0,12,100000,100.0,adaptive,2026-07-02T10:01:13+01:00,5,3,135,98.152191,1235,1165,70,1
n012w8-0,n012w8,0,12,100000,100.0,adaptive,2026-07-02T10:01:13+01:00,5,5,635,91.600955,1165,1145,20,1
n012w8-0,n012w8,0,12,100000,100.0,adaptive,2026-07-02T10:01:13+01:00,5,5,726,90.456546,1145,1140,5,1
n012w8-0,n012w8,0,12,100000,100.0,adaptive,2026-07-02T10:01:13+01:00,5,5,727,90.444050,1140,1125,15,1
n012w8-0,n012w8,0,12,100000,100.0,adaptive,2026-07-02T10:01:13+01:00,5,5,729,90.419063,1125,1080,45,1
n012w8-0,n012w8,0,12,100000,100.0,adaptive,2026-07-02T10:01:13+01:00,5,7,983,87.301157,1080,1065,15,1
n012w8-0,n012w8,0,12,100000,100.0,adaptive,2026-07-02T10:01:13+01:00,5,9,651,91.398696,1065,1035,30,2
n012w8-0,n012w8,0,12,100000,100.0,adaptive,2026-07-02T10:01:13+01:00,5,9,652,91.386070,1035,990,45,2
n012w8-0,n012w8,0,12,100000,100.0,adaptive,2026-07-02T10:01:13+01:00,5,9,654,91.360822,990,945,45,2
n012w8-0,n012w8,0,12,100000,100.0,adaptive,2026-07-02T10:01:13+01:00,5,5,1566,80.545262,945,920,25,2
n012w8-0,n012w8,0,12,100000,100.0,adaptive,2026-07-02T10:01:13+01:00,5,5,1569,80.511886,920,890,30,2
n012w8-0,n012w8,0,12,100000,100.0,adaptive,2026-07-02T10:01:13+01:00,5,8,1644,79.681958,890,810,80,2
n012w8-0,n012w8,0,12,100000,100.0,adaptive,2026-07-02T10:01:13+01:00,5,8,1654,79.571950,810,775,35,2
n012w8-0,n012w8,0,12,100000,100.0,adaptive,2026-07-02T10:01:13+01:00,5,8,1659,79.517002,775,760,15,2
n012w8-0,n012w8,0,12,100000,100.0,adaptive,2026-07-02T10:01:13+01:00,5,8,1661,79.495034,760,715,45,2
n012w8-0,n012w8,0,12,100000,100.0,adaptive,2026-07-02T10:01:13+01:00,5,7,7464,35.658248,715,710,5,12
n012w8-0,n012w8,0,12,100000,100.0,adaptive,2026-07-02T10:01:13+01:00,5,7,7478,35.589345,710,695,15,12
n012w8-0,n012w8,0,12,100000,100.0,adaptive,2026-07-02T10:01:13+01:00,5,7,7485,35.554944,695,680,15,12
n012w8-0,n012w8,0,12,100000,100.0,adaptive,2026-07-02T10:01:13+01:00,5,6,7757,34.243646,680,670,10,12
n012w8-0,n012w8,0,12,100000,100.0,adaptive,2026-07-02T10:01:13+01:00,5,7,7981,33.200146,670,610,60,12
n012w8-0,n012w8,0,12,100000,100.0,adaptive,2026-07-02T10:01:13+01:00,5,7,8033,32.962489,610,595,15,12
n012w8-0,n012w8,0,12,100000,100.0,adaptive,2026-07-02T10:01:13+01:00,5,3,9794,25.844016,595,555,40,16
n012w8-0,n012w8,0,12,100000,100.0,adaptive,2026-07-02T10:01:13+01:00,5,5,9859,25.612973,555,540,15,16
n012w8-0,n012w8,0,12,100000,100.0,adaptive,2026-07-02T10:01:13+01:00,5,3,9925,25.380490,540,525,15,16
n012w8-0,n012w8,0,12,100000,100.0,adaptive,2026-07-02T10:01:13+01:00,5,3,10050,24.945947,525,520,5,16
n012w8-0,n012w8,0,12,100000,100.0,adaptive,2026-07-02T10:01:13+01:00,5,2,10688,22.841257,520,510,10,17
n012w8-0,n012w8,0,12,100000,100.0,adaptive,2026-07-02T10:01:13+01:00,5,2,10696,22.816026,510,495,15,17
n012w8-0,n012w8,0,12,100000,100.0,adaptive,2026-07-02T10:01:13+01:00,5,2,11478,20.479531,495,460,35,18
n012w8-0,n012w8,0,12,100000,100.0,adaptive,2026-07-02T10:01:13+01:00,5,2,12431,17.953123,460,450,10,19
n012w8-0,n012w8,0,12,100000,100.0,adaptive,2026-07-02T10:01:13+01:00,5,5,12322,18.225523,450,420,30,20
n012w8-0,n012w8,0,12,100000,100.0,adaptive,2026-07-02T10:01:13+01:00,5,5,12347,18.162683,420,405,15,20
n012w8-0,n012w8,0,12,100000,100.0,adaptive,2026-07-02T10:01:13+01:00,5,2,15047,12.507773,405,380,25,23
n012w8-0,n012w8,0,12,100000,100.0,adaptive,2026-07-02T10:01:13+01:00,5,2,15125,12.373712,380,370,10,23
n012w8-0,n012w8,0,12,100000,100.0,adaptive,2026-07-02T10:01:13+01:00,5,8,23888,3.687398,370,340,30,39
n012w8-0,n012w8,0,12,100000,100.0,adaptive,2026-07-02T10:01:13+01:00,5,8,24823,3.240560,340,330,10,41
n012w8-0,n012w8,0,12,100000,100.0,adaptive,2026-07-02T10:01:13+01:00,6,0,1,99.986185,3400,3370,30,0
n012w8-0,n012w8,0,12,100000,100.0,adaptive,2026-07-02T10:01:13+01:00,6,0,2,99.972373,3370,3265,105,0
n012w8-0,n012w8,0,12,100000,100.0,adaptive,2026-07-02T10:01:13+01:00,6,0,6,99.917141,3265,3010,255,0
n012w8-0,n012w8,0,12,100000,100.0,adaptive,2026-07-02T10:01:13+01:00,6,0,7,99.903338,3010,2860,150,0
n012w8-0,n012w8,0,12,100000,100.0,adaptive,2026-07-02T10:01:13+01:00,6,0,9,99.875738,2860,2830,30,0
n012w8-0,n012w8,0,12,100000,100.0,adaptive,2026-07-02T10:01:13+01:00,6,0,11,99.848145,2830,2755,75,0
n012w8-0,n012w8,0,12,100000,100.0,adaptive,2026-07-02T10:01:13+01:00,6,0,12,99.834351,2755,2650,105,0
n012w8-0,n012w8,0,12,100000,100.0,adaptive,2026-07-02T10:01:13+01:00,6,0,13,99.820560,2650,2635,15,0
n012w8-0,n012w8,0,12,100000,100.0,adaptive,2026-07-02T10:01:13+01:00,6,5,1,99.986185,2635,2590,45,0
n012w8-0,n012w8,0,12,100000,100.0,adaptive,2026-07-02T10:01:13+01:00,6,0,19,99.737850,2590,2485,105,0
n012w8-0,n012w8,0,12,100000,100.0,adaptive,2026-07-02T10:01:13+01:00,6,5,3,99.958562,2485,2425,60,0
n012w8-0,n012w8,0,12,100000,100.0,adaptive,2026-07-02T10:01:13+01:00,6,0,22,99.696520,2425,2350,75,0
n012w8-0,n012w8,0,12,100000,100.0,adaptive,2026-07-02T10:01:13+01:00,6,0,26,99.641441,2350,2335,15,0
n012w8-0,n012w8,0,12,100000,100.0,adaptive,2026-07-02T10:01:13+01:00,6,0,27,99.627676,2335,2215,120,0
n012w8-0,n012w8,0,12,100000,100.0,adaptive,2026-07-02T10:01:13+01:00,6,0,28,99.613913,2215,2155,60,0
n012w8-0,n012w8,0,12,100000,100.0,adaptive,2026-07-02T10:01:13+01:00,6,0,30,99.586392,2155,2110,45,0
n012w8-0,n012w8,0,12,100000,100.0,adaptive,2026-07-02T10:01:13+01:00,6,6,11,99.848145,2110,2080,30,0
n012w8-0,n012w8,0,12,100000,100.0,adaptive,2026-07-02T10:01:13+01:00,6,6,12,99.834351,2080,2020,60,0
n012w8-0,n012w8,0,12,100000,100.0,adaptive,2026-07-02T10:01:13+01:00,6,6,14,99.806770,2020,1900,120,0
n012w8-0,n012w8,0,12,100000,100.0,adaptive,2026-07-02T10:01:13+01:00,6,6,19,99.737850,1900,1840,60,0
n012w8-0,n012w8,0,12,100000,100.0,adaptive,2026-07-02T10:01:13+01:00,6,6,20,99.724071,1840,1810,30,0
n012w8-0,n012w8,0,12,100000,100.0,adaptive,2026-07-02T10:01:13+01:00,6,14,20,99.724071,1810,1750,60,0
n012w8-0,n012w8,0,12,100000,100.0,adaptive,2026-07-02T10:01:13+01:00,6,14,30,99.586392,1750,1640,110,0
n012w8-0,n012w8,0,12,100000,100.0,adaptive,2026-07-02T10:01:13+01:00,6,14,33,99.545126,1640,1580,60,0
n012w8-0,n012w8,0,12,100000,100.0,adaptive,2026-07-02T10:01:13+01:00,6,10,20,99.724071,1580,1565,15,0
n012w8-0,n012w8,0,12,100000,100.0,adaptive,2026-07-02T10:01:13+01:00,6,14,34,99.531374,1565,1445,120,0
n012w8-0,n012w8,0,12,100000,100.0,adaptive,2026-07-02T10:01:13+01:00,6,14,40,99.448904,1445,1430,15,0
n012w8-0,n012w8,0,12,100000,100.0,adaptive,2026-07-02T10:01:13+01:00,6,14,51,99.297885,1430,1400,30,0
n012w8-0,n012w8,0,12,100000,100.0,adaptive,2026-07-02T10:01:13+01:00,6,4,75,98.969186,1400,1390,10,0
n012w8-0,n012w8,0,12,100000,100.0,adaptive,2026-07-02T10:01:13+01:00,6,10,48,99.339049,1390,1385,5,0
n012w8-0,n012w8,0,12,100000,100.0,adaptive,2026-07-02T10:01:13+01:00,6,10,49,99.325326,1385,1355,30,0
n012w8-0,n012w8,0,12,100000,100.0,adaptive,2026-07-02T10:01:13+01:00,6,4,91,98.750658,1355,1325,30,0
n012w8-0,n012w8,0,12,100000,100.0,adaptive,2026-07-02T10:01:13+01:00,6,4,96,98.682467,1325,1310,15,0
n012w8-0,n012w8,0,12,100000,100.0,adaptive,2026-07-02T10:01:13+01:00,6,4,97,98.668835,1310,1235,75,0
n012w8-0,n012w8,0,12,100000,100.0,adaptive,2026-07-02T10:01:13+01:00,6,4,99,98.641575,1235,1220,15,0
n012w8-0,n012w8,0,12,100000,100.0,adaptive,2026-07-02T10:01:13+01:00,6,4,100,98.627949,1220,1205,15,0
n012w8-0,n012w8,0,12,100000,100.0,adaptive,2026-07-02T10:01:13+01:00,6,10,83,98.859862,1205,1180,25,0
n012w8-0,n012w8,0,12,100000,100.0,adaptive,2026-07-02T10:01:13+01:00,6,4,115,98.423771,1180,1175,5,0
n012w8-0,n012w8,0,12,100000,100.0,adaptive,2026-07-02T10:01:13+01:00,6,11,103,98.587079,1175,1135,40,0
n012w8-0,n012w8,0,12,100000,100.0,adaptive,2026-07-02T10:01:13+01:00,6,6,165,97.746226,1135,1120,15,0
n012w8-0,n012w8,0,12,100000,100.0,adaptive,2026-07-02T10:01:13+01:00,6,6,167,97.719222,1120,1105,15,0
n012w8-0,n012w8,0,12,100000,100.0,adaptive,2026-07-02T10:01:13+01:00,6,6,171,97.665235,1105,1015,90,0
n012w8-0,n012w8,0,12,100000,100.0,adaptive,2026-07-02T10:01:13+01:00,6,6,172,97.651743,1015,1000,15,0
n012w8-0,n012w8,0,12,100000,100.0,adaptive,2026-07-02T10:01:13+01:00,6,6,343,95.371805,1000,990,10,0
n012w8-0,n012w8,0,12,100000,100.0,adaptive,2026-07-02T10:01:13+01:00,6,9,355,95.213822,990,985,5,0
n012w8-0,n012w8,0,12,100000,100.0,adaptive,2026-07-02T10:01:13+01:00,6,9,356,95.200669,985,955,30,0
n012w8-0,n012w8,0,12,100000,100.0,adaptive,2026-07-02T10:01:13+01:00,6,9,357,95.187517,955,910,45,0
n012w8-0,n012w8,0,12,100000,100.0,adaptive,2026-07-02T10:01:13+01:00,6,8,237,96.778748,910,800,110,0
n012w8-0,n012w8,0,12,100000,100.0,adaptive,2026-07-02T10:01:13+01:00,6,6,2052,75.314743,800,785,15,3
n012w8-0,n012w8,0,12,100000,100.0,adaptive,2026-07-02T10:01:13+01:00,6,7,2044,75.398030,785,730,55,3
n012w8-0,n012w8,0,12,100000,100.0,adaptive,2026-07-02T10:01:13+01:00,6,7,2048,75.356375,730,685,45,3
n012w8-0,n012w8,0,12,100000,100.0,adaptive,2026-07-02T10:01:13+01:00,6,7,2084,74.982514,685,670,15,3
n012w8-0,n012w8,0,12,100000,100.0,adaptive,2026-07-02T10:01:13+01:00,6,7,2085,74.972156,670,655,15,3
n012w8-0,n012w8,0,12,100000,100.0,adaptive,2026-07-02T10:01:13+01:00,6,7,2089,74.930736,655,625,30,3
n012w8-0,n012w8,0,12,100000,100.0,adaptive,2026-07-02T10:01:13+01:00,6,7,4512,53.614221,625,595,30,7
n012w8-0,n012w8,0,12,100000,100.0,adaptive,2026-07-02T10:01:13+01:00,6,7,5974,43.808663,595,580,15,9
n012w8-0,n012w8,0,12,100000,100.0,adaptive,2026-07-02T10:01:13+01:00,6,9,6199,42.467823,580,540,40,9
n012w8-0,n012w8,0,12,100000,100.0,adaptive,2026-07-02T10:01:13+01:00,6,4,7497,35.496048,540,520,20,11
n012w8-0,n012w8,0,12,100000,100.0,adaptive,2026-07-02T10:01:13+01:00,6,14,8219,32.126247,520,490,30,12
n012w8-0,n012w8,0,12,100000,100.0,adaptive,2026-07-02T10:01:13+01:00,6,14,8245,32.011056,490,480,10,12
n012w8-0,n012w8,0,12,100000,100.0,adaptive,2026-07-02T10:01:13+01:00,6,14,8349,31.554405,480,475,5,13
n012w8-0,n012w8,0,12,100000,100.0,adaptive,2026-07-02T10:01:13+01:00,6,14,8720,29.977817,475,450,25,13
n012w8-0,n012w8,0,12,100000,100.0,adaptive,2026-07-02T10:01:13+01:00,6,14,8736,29.911624,450,420,30,13
n012w8-0,n012w8,0,12,100000,100.0,adaptive,2026-07-02T10:01:13+01:00,6,6,9497,26.926506,420,390,30,15
n012w8-0,n012w8,0,12,100000,100.0,adaptive,2026-07-02T10:01:13+01:00,6,6,9504,26.900478,390,360,30,15
n012w8-0,n012w8,0,12,100000,100.0,adaptive,2026-07-02T10:01:13+01:00,6,6,9520,26.841081,360,345,15,15
n012w8-0,n012w8,0,12,100000,100.0,adaptive,2026-07-02T10:01:13+01:00,6,6,9562,26.685786,345,330,15,15
n012w8-0,n012w8,0,12,100000,100.0,adaptive,2026-07-02T10:01:13+01:00,6,9,12735,17.214721,330,325,5,19
n012w8-0,n012w8,0,12,100000,100.0,adaptive,2026-07-02T10:01:13+01:00,6,9,12806,17.046688,325,315,10,19
n012w8-0,n012w8,0,12,100000,100.0,adaptive,2026-07-02T10:01:13+01:00,6,6,13031,16.524944,315,310,5,20
n012w8-0,n012w8,0,12,100000,100.0,adaptive,2026-07-02T10:01:13+01:00,6,6,13071,16.433876,310,280,30,20
n012w8-0,n012w8,0,12,100000,100.0,adaptive,2026-07-02T10:01:13+01:00,6,6,13379,15.749254,280,265,15,20
n012w8-0,n012w8,0,12,100000,100.0,adaptive,2026-07-02T10:01:13+01:00,6,14,15473,11.792883,265,250,15,24
n012w8-0,n012w8,0,12,100000,100.0,adaptive,2026-07-02T10:01:13+01:00,6,14,15478,11.784740,250,225,25,24
n012w8-0,n012w8,0,12,100000,100.0,adaptive,2026-07-02T10:01:13+01:00,6,38,16994,9.557845,225,210,15,361
n012w8-0,n012w8,0,12,100000,100.0,adaptive,2026-07-02T10:01:13+01:00,6,44,22300,4.591980,210,195,15,379
n012w8-0,n012w8,0,12,100000,100.0,adaptive,2026-07-02T10:01:13+01:00,7,0,2,99.972373,3355,3325,30,3
n012w8-0,n012w8,0,12,100000,100.0,adaptive,2026-07-02T10:01:13+01:00,7,0,6,99.917141,3325,3220,105,3
n012w8-0,n012w8,0,12,100000,100.0,adaptive,2026-07-02T10:01:13+01:00,7,0,7,99.903338,3220,3190,30,3
n012w8-0,n012w8,0,12,100000,100.0,adaptive,2026-07-02T10:01:13+01:00,7,0,8,99.889537,3190,3145,45,3
n012w8-0,n012w8,0,12,100000,100.0,adaptive,2026-07-02T10:01:13+01:00,7,0,9,99.875738,3145,3055,90,3
n012w8-0,n012w8,0,12,100000,100.0,adaptive,2026-07-02T10:01:13+01:00,7,0,11,99.848145,3055,2920,135,3
n012w8-0,n012w8,0,12,100000,100.0,adaptive,2026-07-02T10:01:13+01:00,7,0,13,99.820560,2920,2785,135,3
n012w8-0,n012w8,0,12,100000,100.0,adaptive,2026-07-02T10:01:13+01:00,7,0,14,99.806770,2785,2635,150,3
n012w8-0,n012w8,0,12,100000,100.0,adaptive,2026-07-02T10:01:13+01:00,7,0,15,99.792982,2635,2395,240,3
n012w8-0,n012w8,0,12,100000,100.0,adaptive,2026-07-02T10:01:13+01:00,7,0,16,99.779196,2395,2335,60,3
n012w8-0,n012w8,0,12,100000,100.0,adaptive,2026-07-02T10:01:13+01:00,7,0,18,99.751630,2335,2110,225,3
n012w8-0,n012w8,0,12,100000,100.0,adaptive,2026-07-02T10:01:13+01:00,7,0,20,99.724071,2110,2095,15,3
n012w8-0,n012w8,0,12,100000,100.0,adaptive,2026-07-02T10:01:13+01:00,7,0,22,99.696520,2095,1885,210,3
n012w8-0,n012w8,0,12,100000,100.0,adaptive,2026-07-02T10:01:13+01:00,7,0,25,99.655208,1885,1855,30,3
n012w8-0,n012w8,0,12,100000,100.0,adaptive,2026-07-02T10:01:13+01:00,7,0,27,99.627676,1855,1810,45,3
n012w8-0,n012w8,0,12,100000,100.0,adaptive,2026-07-02T10:01:13+01:00,7,0,45,99.380231,1810,1770,40,3
n012w8-0,n012w8,0,12,100000,100.0,adaptive,2026-07-02T10:01:13+01:00,7,0,47,99.352775,1770,1635,135,3
n012w8-0,n012w8,0,12,100000,100.0,adaptive,2026-07-02T10:01:13+01:00,7,0,50,99.311605,1635,1630,5,3
n012w8-0,n012w8,0,12,100000,100.0,adaptive,2026-07-02T10:01:13+01:00,7,0,51,99.297885,1630,1600,30,3
n012w8-0,n012w8,0,12,100000,100.0,adaptive,2026-07-02T10:01:13+01:00,7,0,59,99.188198,1600,1525,75,3
n012w8-0,n012w8,0,12,100000,100.0,adaptive,2026-07-02T10:01:13+01:00,7,0,75,98.969186,1525,1505,20,3
n012w8-0,n012w8,0,12,100000,100.0,adaptive,2026-07-02T10:01:13+01:00,7,0,80,98.900845,1505,1490,15,3
n012w8-0,n012w8,0,12,100000,100.0,adaptive,2026-07-02T10:01:13+01:00,7,0,84,98.846205,1490,1480,10,3
n012w8-0,n012w8,0,12,100000,100.0,adaptive,2026-07-02T10:01:13+01:00,7,3,77,98.941844,1480,1425,55,3
n012w8-0,n012w8,0,12,100000,100.0,adaptive,2026-07-02T10:01:13+01:00,7,0,89,98.777948,1425,1385,40,3
n012w8-0,n012w8,0,12,100000,100.0,adaptive,2026-07-02T10:01:13+01:00,7,2,93,98.723376,1385,1350,35,3
n012w8-0,n012w8,0,12,100000,100.0,adaptive,2026-07-02T10:01:13+01:00,7,3,95,98.696102,1350,1295,55,3
n012w8-0,n012w8,0,12,100000,100.0,adaptive,2026-07-02T10:01:13+01:00,7,3,96,98.682467,1295,1220,75,3
n012w8-0,n012w8,0,12,100000,100.0,adaptive,2026-07-02T10:01:13+01:00,7,2,109,98.505391,1220,1140,80,3
n012w8-0,n012w8,0,12,100000,100.0,adaptive,2026-07-02T10:01:13+01:00,7,2,110,98.491783,1140,1090,50,3
n012w8-0,n012w8,0,12,100000,100.0,adaptive,2026-07-02T10:01:13+01:00,7,2,131,98.206447,1090,1075,15,3
n012w8-0,n012w8,0,12,100000,100.0,adaptive,2026-07-02T10:01:13+01:00,7,2,219,97.019716,1075,1010,65,3
n012w8-0,n012w8,0,12,100000,100.0,adaptive,2026-07-02T10:01:13+01:00,7,2,263,96.431739,1010,995,15,3
n012w8-0,n012w8,0,12,100000,100.0,adaptive,2026-07-02T10:01:13+01:00,7,2,264,96.418418,995,965,30,3
n012w8-0,n012w8,0,12,100000,100.0,adaptive,2026-07-02T10:01:13+01:00,7,3,1012,86.952085,965,855,110,4
n012w8-0,n012w8,0,12,100000,100.0,adaptive,2026-07-02T10:01:13+01:00,7,3,1013,86.940073,855,840,15,4
n012w8-0,n012w8,0,12,100000,100.0,adaptive,2026-07-02T10:01:13+01:00,7,3,1014,86.928063,840,825,15,4
n012w8-0,n012w8,0,12,100000,100.0,adaptive,2026-07-02T10:01:13+01:00,7,2,2252,73.262207,825,750,75,6
n012w8-0,n012w8,0,12,100000,100.0,adaptive,2026-07-02T10:01:13+01:00,7,2,2260,73.181280,750,740,10,6
n012w8-0,n012w8,0,12,100000,100.0,adaptive,2026-07-02T10:01:13+01:00,7,3,4421,54.292520,740,725,15,9
n012w8-0,n012w8,0,12,100000,100.0,adaptive,2026-07-02T10:01:13+01:00,7,5,442,94.076251,725,715,10,9
n012w8-0,n012w8,0,12,100000,100.0,adaptive,2026-07-02T10:01:13+01:00,7,5,452,93.946369,715,710,5,9
n012w8-0,n012w8,0,12,100000,100.0,adaptive,2026-07-02T10:01:13+01:00,7,5,461,93.829629,710,680,30,9
n012w8-0,n012w8,0,12,100000,100.0,adaptive,2026-07-02T10:01:13+01:00,7,0,5701,45.492521,680,625,55,11
n012w8-0,n012w8,0,12,100000,100.0,adaptive,2026-07-02T10:01:13+01:00,7,0,5704,45.473669,625,610,15,11
n012w8-0,n012w8,0,12,100000,100.0,adaptive,2026-07-02T10:01:13+01:00,7,0,5711,45.429714,610,580,30,11
n012w8-0,n012w8,0,12,100000,100.0,adaptive,2026-07-02T10:01:13+01:00,7,14,5672,45.675152,580,545,35,20
n012w8-0,n012w8,0,12,100000,100.0,adaptive,2026-07-02T10:01:13+01:00,7,0,13049,16.483901,545,520,25,22
n012w8-0,n012w8,0,12,100000,100.0,adaptive,2026-07-02T10:01:13+01:00,7,0,13054,16.472518,520,445,75,22
n012w8-0,n012w8,0,12,100000,100.0,adaptive,2026-07-02T10:01:13+01:00,7,0,20001,6.308702,445,415,30,31
n012w8-0,n012w8,0,12,100000,100.0,adaptive,2026-07-02T10:01:13+01:00,7,11,18683,7.568677,415,395,20,39
n012w8-0,n012w8,0,12,100000,100.0,adaptive,2026-07-02T10:01:13+01:00,7,11,18844,7.402186,395,380,15,39
n012w8-0,n012w8,0,12,100000,100.0,adaptive,2026-07-02T10:01:13+01:00,7,0,26969,2.409129,380,365,15,41
n012w8-0,n012w8,0,12,100000,100.0,adaptive,2026-07-02T10:01:13+01:00,7,0,27090,2.369191,365,335,30,41
n012w8-0,n012w8,0,12,100000,100.0,adaptive,2026-07-02T10:01:13+01:00,7,0,29928,1.600737,335,320,15,45
n012w8-0,n012w8,0,12,100000,100.0,adaptive,2026-07-02T10:01:13+01:00,7,0,30070,1.569640,320,305,15,45
n012w8-0,n012w8,0,12,100000,100.0,adaptive,2026-07-02T10:01:13+01:00,7,0,30148,1.552816,305,290,15,45
n012w8-0,n012w8,0,12,100000,100.0,adaptive,2026-07-02T10:01:13+01:00,7,0,30947,1.390529,290,270,20,46
n012w8-0,n012w8,0,12,100000,100.0,adaptive,2026-07-02T10:01:13+01:00,7,8,25984,2.760324,270,240,30,55
n012w8-0,n012w8,0,12,100000,100.0,adaptive,2026-07-02T10:01:13+01:00,7,13,34427,0.859765,240,235,5,68
n012w8-0,n012w8,0,12,100000,100.0,adaptive,2026-07-02T10:01:13+01:00,7,13,34678,0.830462,235,220,15,69
n012w8-0,n012w8,0,12,100000,100.0,adaptive,2026-07-02T10:01:13+01:00,7,45,41976,0.302998,220,215,5,733
n012w8-0,n012w8,0,12,100000,100.0,adaptive,2026-07-02T10:01:13+01:00,8,0,1,99.986185,4785,4725,60,0
n012w8-0,n012w8,0,12,100000,100.0,adaptive,2026-07-02T10:01:13+01:00,8,0,2,99.972373,4725,4585,140,0
n012w8-0,n012w8,0,12,100000,100.0,adaptive,2026-07-02T10:01:13+01:00,8,0,3,99.958562,4585,4375,210,0
n012w8-0,n012w8,0,12,100000,100.0,adaptive,2026-07-02T10:01:13+01:00,8,0,4,99.944753,4375,4255,120,0
n012w8-0,n012w8,0,12,100000,100.0,adaptive,2026-07-02T10:01:13+01:00,8,0,5,99.930946,4255,4125,130,0
n012w8-0,n012w8,0,12,100000,100.0,adaptive,2026-07-02T10:01:13+01:00,8,0,6,99.917141,4125,3945,180,0
n012w8-0,n012w8,0,12,100000,100.0,adaptive,2026-07-02T10:01:13+01:00,8,0,8,99.889537,3945,3870,75,0
n012w8-0,n012w8,0,12,100000,100.0,adaptive,2026-07-02T10:01:13+01:00,8,0,9,99.875738,3870,3815,55,0
n012w8-0,n012w8,0,12,100000,100.0,adaptive,2026-07-02T10:01:13+01:00,8,0,10,99.861940,3815,3565,250,0
n012w8-0,n012w8,0,12,100000,100.0,adaptive,2026-07-02T10:01:13+01:00,8,0,15,99.792982,3565,3360,205,0
n012w8-0,n012w8,0,12,100000,100.0,adaptive,2026-07-02T10:01:13+01:00,8,0,20,99.724071,3360,3315,45,0
n012w8-0,n012w8,0,12,100000,100.0,adaptive,2026-07-02T10:01:13+01:00,8,0,21,99.710295,3315,3250,65,0
n012w8-0,n012w8,0,12,100000,100.0,adaptive,2026-07-02T10:01:13+01:00,8,0,25,99.655208,3250,3180,70,0
n012w8-0,n012w8,0,12,100000,100.0,adaptive,2026-07-02T10:01:13+01:00,8,0,26,99.641441,3180,3120,60,0
n012w8-0,n012w8,0,12,100000,100.0,adaptive,2026-07-02T10:01:13+01:00,8,0,38,99.476386,3120,3090,30,0
n012w8-0,n012w8,0,12,100000,100.0,adaptive,2026-07-02T10:01:13+01:00,8,0,39,99.462644,3090,3040,50,0
n012w8-0,n012w8,0,12,100000,100.0,adaptive,2026-07-02T10:01:13+01:00,8,0,40,99.448904,3040,3000,40,0
n012w8-0,n012w8,0,12,100000,100.0,adaptive,2026-07-02T10:01:13+01:00,8,0,45,99.380231,3000,2985,15,0
n012w8-0,n012w8,0,12,100000,100.0,adaptive,2026-07-02T10:01:13+01:00,8,0,47,99.352775,2985,2975,10,0
n012w8-0,n012w8,0,12,100000,100.0,adaptive,2026-07-02T10:01:13+01:00,8,0,49,99.325326,2975,2945,30,0
n012w8-0,n012w8,0,12,100000,100.0,adaptive,2026-07-02T10:01:13+01:00,8,0,51,99.297885,2945,2925,20,0
n012w8-0,n012w8,0,12,100000,100.0,adaptive,2026-07-02T10:01:13+01:00,8,0,52,99.284168,2925,2845,80,0
n012w8-0,n012w8,0,12,100000,100.0,adaptive,2026-07-02T10:01:13+01:00,8,5,45,99.380231,2845,2740,105,0
n012w8-0,n012w8,0,12,100000,100.0,adaptive,2026-07-02T10:01:13+01:00,8,5,55,99.243027,2740,2625,115,0
n012w8-0,n012w8,0,12,100000,100.0,adaptive,2026-07-02T10:01:13+01:00,8,5,61,99.160795,2625,2585,40,0
n012w8-0,n012w8,0,12,100000,100.0,adaptive,2026-07-02T10:01:13+01:00,8,10,270,96.338527,2585,2560,25,0
n012w8-0,n012w8,0,12,100000,100.0,adaptive,2026-07-02T10:01:13+01:00,8,10,275,96.272001,2560,2555,5,0
n012w8-0,n012w8,0,12,100000,100.0,adaptive,2026-07-02T10:01:13+01:00,8,10,279,96.218814,2555,2540,15,1
n012w8-0,n012w8,0,12,100000,100.0,adaptive,2026-07-02T10:01:13+01:00,8,0,326,95.596062,2540,2480,60,1
n012w8-0,n012w8,0,12,100000,100.0,adaptive,2026-07-02T10:01:13+01:00,8,5,290,96.072701,2480,2425,55,1
n012w8-0,n012w8,0,12,100000,100.0,adaptive,2026-07-02T10:01:13+01:00,8,5,291,96.059429,2425,2395,30,1
n012w8-0,n012w8,0,12,100000,100.0,adaptive,2026-07-02T10:01:13+01:00,8,5,292,96.046159,2395,2390,5,1
n012w8-0,n012w8,0,12,100000,100.0,adaptive,2026-07-02T10:01:13+01:00,8,5,293,96.032890,2390,2375,15,1
n012w8-0,n012w8,0,12,100000,100.0,adaptive,2026-07-02T10:01:13+01:00,8,5,305,95.873813,2375,2345,30,1
n012w8-0,n012w8,0,12,100000,100.0,adaptive,2026-07-02T10:01:13+01:00,8,5,634,91.613611,2345,2315,30,2
n012w8-0,n012w8,0,12,100000,100.0,adaptive,2026-07-02T10:01:13+01:00,8,5,636,91.588300,2315,2285,30,2
n012w8-0,n012w8,0,12,100000,100.0,adaptive,2026-07-02T10:01:13+01:00,8,5,650,91.411324,2285,2280,5,2
n012w8-0,n012w8,0,12,100000,100.0,adaptive,2026-07-02T10:01:13+01:00,8,5,652,91.386070,2280,2235,45,2
n012w8-0,n012w8,0,12,100000,100.0,adaptive,2026-07-02T10:01:13+01:00,8,5,654,91.360822,2235,2215,20,2
n012w8-0,n012w8,0,12,100000,100.0,adaptive,2026-07-02T10:01:13+01:00,8,11,2055,75.283534,2215,2115,100,6
n012w8-0,n012w8,0,12,100000,100.0,adaptive,2026-07-02T10:01:13+01:00,8,11,2056,75.273134,2115,2085,30,6
n012w8-0,n012w8,0,12,100000,100.0,adaptive,2026-07-02T10:01:13+01:00,8,4,5743,45.229314,2085,2075,10,9
n012w8-0,n012w8,0,12,100000,100.0,adaptive,2026-07-02T10:01:13+01:00,8,2,7651,34.748815,2075,2045,30,12
n012w8-0,n012w8,0,12,100000,100.0,adaptive,2026-07-02T10:01:13+01:00,8,10,11912,19.287680,2045,2035,10,19
n012w8-0,n012w8,0,12,100000,100.0,adaptive,2026-07-02T10:01:13+01:00,8,10,12272,18.351856,2035,1980,55,20
n012w8-0,n012w8,0,12,100000,100.0,adaptive,2026-07-02T10:01:13+01:00,8,10,12273,18.349321,1980,1920,60,20
n012w8-0,n012w8,0,12,100000,100.0,adaptive,2026-07-02T10:01:13+01:00,8,13,13484,15.522440,1920,1890,30,24
n012w8-0,n012w8,0,12,100000,100.0,adaptive,2026-07-02T10:01:13+01:00,8,13,13499,15.490306,1890,1875,15,24
n012w8-0,n012w8,0,12,100000,100.0,adaptive,2026-07-02T10:01:13+01:00,8,13,13519,15.447564,1875,1860,15,24
n012w8-0,n012w8,0,12,100000,100.0,adaptive,2026-07-02T10:01:13+01:00,8,13,13672,15.124464,1860,1855,5,24
n012w8-0,n012w8,0,12,100000,100.0,adaptive,2026-07-02T10:01:13+01:00,8,13,13673,15.122375,1855,1830,25,24
n012w8-0,n012w8,0,12,100000,100.0,adaptive,2026-07-02T10:01:13+01:00,8,13,13685,15.097325,1830,1815,15,24
n012w8-0,n012w8,0,12,100000,100.0,adaptive,2026-07-02T10:01:13+01:00,8,10,18592,7.664432,1815,1810,5,29
n012w8-0,n012w8,0,12,100000,100.0,adaptive,2026-07-02T10:01:13+01:00,8,6,20161,6.170779,1810,1805,5,32
n012w8-0,n012w8,0,12,100000,100.0,adaptive,2026-07-02T10:01:13+01:00,8,6,20192,6.144407,1805,1795,10,32
n012w8-0,n012w8,0,12,100000,100.0,adaptive,2026-07-02T10:01:13+01:00,8,6,20234,6.108858,1795,1770,25,32
n012w8-0,n012w8,0,12,100000,100.0,adaptive,2026-07-02T10:01:13+01:00,8,6,20452,5.927615,1770,1750,20,33
n012w8-0,n012w8,0,12,100000,100.0,adaptive,2026-07-02T10:01:13+01:00,8,6,27064,2.377716,1750,1735,15,43
n012w8-0,n012w8,0,12,100000,100.0,adaptive,2026-07-02T10:01:13+01:00,8,6,27121,2.359066,1735,1720,15,43
n012w8-0,n012w8,0,12,100000,100.0,adaptive,2026-07-02T10:01:13+01:00,8,7,23845,3.709369,1720,1700,20,47
n012w8-0,n012w8,0,12,100000,100.0,adaptive,2026-07-02T10:01:13+01:00,8,2,27473,2.247088,1700,1695,5,51
n012w8-0,n012w8,0,12,100000,100.0,adaptive,2026-07-02T10:01:13+01:00,8,7,28218,2.027309,1695,1690,5,54
n012w8-0,n012w8,0,12,100000,100.0,adaptive,2026-07-02T10:01:13+01:00,8,7,28241,2.020878,1690,1680,10,54
n012w8-0,n012w8,0,12,100000,100.0,adaptive,2026-07-02T10:01:13+01:00,8,7,28258,2.016137,1680,1675,5,54
n012w8-0,n012w8,0,12,100000,100.0,adaptive,2026-07-02T10:01:13+01:00,8,7,28387,1.980524,1675,1660,15,54
n012w8-0,n012w8,0,12,100000,100.0,adaptive,2026-07-02T10:01:13+01:00,8,7,29836,1.621213,1660,1650,10,56
n012w8-0,n012w8,0,12,100000,100.0,adaptive,2026-07-02T10:01:13+01:00,8,14,34691,0.828972,1650,1645,5,61
n012w8-0,n012w8,0,12,100000,100.0,adaptive,2026-07-02T10:01:13+01:00,8,7,34356,0.868240,1645,1640,5,63
n012w8-0,n012w8,0,12,100000,100.0,adaptive,2026-07-02T10:01:13+01:00,8,7,34416,0.861073,1640,1630,10,63
n012w8-0,n012w8,0,12,100000,100.0,adaptive,2026-07-02T10:01:13+01:00,8,7,34436,0.858697,1630,1620,10,63
n012w8-0,n012w8,0,12,100000,100.0,adaptive,2026-07-02T10:01:13+01:00,8,15,27916,2.113684,1620,1615,5,67
n012w8-0,n012w8,0,12,100000,100.0,adaptive,2026-07-02T10:01:13+01:00,8,7,38142,0.514612,1615,1605,10,68
n012w8-0,n012w8,0,12,100000,100.0,adaptive,2026-07-02T10:01:13+01:00,8,7,38183,0.511705,1605,1600,5,68
n012w8-0,n012w8,0,12,100000,100.0,adaptive,2026-07-02T10:01:13+01:00,8,7,38390,0.497279,1600,1590,10,68
n012w8-0,n012w8,0,12,100000,100.0,adaptive,2026-07-02T10:01:13+01:00,8,15,30704,1.438004,1590,1580,10,73
n012w8-0,n012w8,0,12,100000,100.0,adaptive,2026-07-02T10:01:13+01:00,8,15,36497,0.645922,1580,1565,15,87
