run_id,instance,seed,beam_width,iterations,temperature,cooling_mode,timestamp,week,worker_id,beam_path,candidate,elapsed_ms,temperature_at_event,current_penalty,previous_best,new_best,improvement,improvement_percent,event_type,branch_depth,seed_used,accepted_worse_count,hard_reject_count,soft_reject_count,discovery_number,cands_since_previous,time_since_previous_ms,improvement_per_10k,improvement_per_second,post_reheat_improved,post_reheat_best_delta,post_reheat_candidates_to_improve,post_reheat_spawned_branch,post_reheat_beat_global,post_reheat_on_winning_lineage
n012w8-0,n012w8,0,5,500000,100.0,adaptive,2026-07-04T12:07:22+01:00,1,0,2,1,0,0.000000,3530,3800,3530,270,7.1053,GLOBAL_BEST,0,123,0,2,0,1,1,0,2700000.0000,0.0000,0,0,0,0,0,0
n012w8-0,n012w8,0,5,500000,100.0,adaptive,2026-07-04T12:07:22+01:00,1,3,2,1,201,0.000000,1435,1450,1435,15,1.0345,GLOBAL_BEST,1,123,0,2,0,2,0,201,0.0000,74.6269,0,0,0,0,0,0
n012w8-0,n012w8,0,5,500000,100.0,adaptive,2026-07-04T12:07:22+01:00,1,0,2,2,0,0.000000,3280,3530,3280,250,7.0822,GLOBAL_BEST,0,123,0,7,0,3,1,-201,2500000.0000,0.0000,0,0,0,0,0,0
n012w8-0,n012w8,0,5,500000,100.0,adaptive,2026-07-04T12:07:22+01:00,1,4,2,2,363,0.000000,1400,1410,1400,10,0.7092,GLOBAL_BEST,2,123,1,3,0,4,0,363,0.0000,27.5482,0,0,0,0,0,0
n012w8-0,n012w8,0,5,500000,100.0,adaptive,2026-07-04T12:07:22+01:00,1,0,2,11,0,0.000000,3190,3280,3190,90,2.7439,GLOBAL_BEST,0,123,2,20,0,5,9,-363,100000.0000,0.0000,0,0,0,0,0,0
n012w8-0,n012w8,0,5,500000,100.0,adaptive,2026-07-04T12:07:22+01:00,1,0,2,13,0,0.000000,3160,3190,3160,30,0.9404,GLOBAL_BEST,0,123,2,22,0,6,2,0,150000.0000,0.0000,0,0,0,0,0,0
n012w8-0,n012w8,0,5,500000,100.0,adaptive,2026-07-04T12:07:22+01:00,1,0,2,14,0,0.000000,3130,3160,3130,30,0.9494,GLOBAL_BEST,0,123,2,23,0,7,1,0,300000.0000,0.0000,0,0,0,0,0,0
n012w8-0,n012w8,0,5,500000,100.0,adaptive,2026-07-04T12:07:22+01:00,1,0,2,15,0,0.000000,3040,3130,3040,90,2.8754,GLOBAL_BEST,0,123,2,23,0,8,1,0,900000.0000,0.0000,0,0,0,0,0,0
n012w8-0,n012w8,0,5,500000,100.0,adaptive,2026-07-04T12:07:22+01:00,1,0,2,16,0,0.000000,2815,3040,2815,225,7.4013,GLOBAL_BEST,0,123,2,25,0,9,1,0,2250000.0000,0.0000,0,0,0,0,0,0
n012w8-0,n012w8,0,5,500000,100.0,adaptive,2026-07-04T12:07:22+01:00,1,0,2,20,0,0.000000,2560,2815,2560,255,9.0586,GLOBAL_BEST,0,123,4,31,0,10,4,0,637500.0000,0.0000,0,0,0,0,0,0
n012w8-0,n012w8,0,5,500000,100.0,adaptive,2026-07-04T12:07:22+01:00,1,0,2,21,0,0.000000,2530,2560,2530,30,1.1719,GLOBAL_BEST,0,123,4,36,0,11,1,0,300000.0000,0.0000,0,0,0,0,0,0
n012w8-0,n012w8,0,5,500000,100.0,adaptive,2026-07-04T12:07:22+01:00,1,0,2,27,0,0.000000,2515,2530,2515,15,0.5929,GLOBAL_BEST,0,123,6,47,1,12,6,0,25000.0000,0.0000,0,0,0,0,0,0
n012w8-0,n012w8,0,5,500000,100.0,adaptive,2026-07-04T12:07:22+01:00,1,0,2,53,0,0.000000,2415,2515,2415,100,3.9761,GLOBAL_BEST,0,123,14,124,3,13,26,0,38461.5385,0.0000,0,0,0,0,0,0
n012w8-0,n012w8,0,5,500000,100.0,adaptive,2026-07-04T12:07:22+01:00,1,0,2,60,0,0.000000,2405,2415,2405,10,0.4141,GLOBAL_BEST,0,123,17,154,3,14,7,0,14285.7143,0.0000,0,0,0,0,0,0
n012w8-0,n012w8,0,5,500000,100.0,adaptive,2026-07-04T12:07:22+01:00,1,0,2,62,0,0.000000,2300,2405,2300,105,4.3659,GLOBAL_BEST,0,123,18,155,3,15,2,0,525000.0000,0.0000,0,0,0,0,0,0
n012w8-0,n012w8,0,5,500000,100.0,adaptive,2026-07-04T12:07:22+01:00,1,0,2,66,0,0.000000,2245,2300,2245,55,2.3913,GLOBAL_BEST,0,123,20,157,3,16,4,0,137500.0000,0.0000,0,0,0,0,0,0
n012w8-0,n012w8,0,5,500000,100.0,adaptive,2026-07-04T12:07:22+01:00,1,0,2,89,0,0.000000,2205,2245,2205,40,1.7817,GLOBAL_BEST,0,123,29,199,3,17,23,0,17391.3043,0.0000,0,0,0,0,0,0
n012w8-0,n012w8,0,5,500000,100.0,adaptive,2026-07-04T12:07:22+01:00,1,0,2,90,0,0.000000,2100,2205,2100,105,4.7619,GLOBAL_BEST,0,123,29,200,3,18,1,0,1050000.0000,0.0000,0,0,0,0,0,0
n012w8-0,n012w8,0,5,500000,100.0,adaptive,2026-07-04T12:07:22+01:00,1,0,2,93,1,0.000000,2095,2100,2095,5,0.2381,GLOBAL_BEST,0,123,30,200,3,19,3,1,16666.6667,5000.0000,0,0,0,0,0,0
n012w8-0,n012w8,0,5,500000,100.0,adaptive,2026-07-04T12:07:22+01:00,1,0,2,106,1,0.000000,2050,2095,2050,45,2.1480,GLOBAL_BEST,0,123,33,214,4,20,13,0,34615.3846,0.0000,0,0,0,0,0,0
n012w8-0,n012w8,0,5,500000,100.0,adaptive,2026-07-04T12:07:22+01:00,1,0,2,107,1,0.000000,1870,2050,1870,180,8.7805,GLOBAL_BEST,0,123,33,214,4,21,1,0,1800000.0000,0.0000,0,0,0,0,0,0
n012w8-0,n012w8,0,5,500000,100.0,adaptive,2026-07-04T12:07:22+01:00,1,0,2,109,1,0.000000,1830,1870,1830,40,2.1390,GLOBAL_BEST,0,123,33,218,4,22,2,0,200000.0000,0.0000,0,0,0,0,0,0
n012w8-0,n012w8,0,5,500000,100.0,adaptive,2026-07-04T12:07:22+01:00,1,0,2,561,1,0.000000,1780,1830,1780,50,2.7322,GLOBAL_BEST,0,123,197,981,19,23,452,0,1106.1947,0.0000,0,0,0,0,0,0
n012w8-0,n012w8,0,5,500000,100.0,adaptive,2026-07-04T12:07:22+01:00,1,0,2,563,1,0.000000,1750,1780,1750,30,1.6854,GLOBAL_BEST,0,123,197,983,19,24,2,0,150000.0000,0.0000,0,0,0,0,0,0
n012w8-0,n012w8,0,5,500000,100.0,adaptive,2026-07-04T12:07:22+01:00,1,0,2,565,1,0.000000,1690,1750,1690,60,3.4286,GLOBAL_BEST,0,123,198,995,19,25,2,0,300000.0000,0.0000,0,0,0,0,0,0
n012w8-0,n012w8,0,5,500000,100.0,adaptive,2026-07-04T12:07:22+01:00,1,0,2,8556,15,0.000000,1675,1690,1675,15,0.8876,GLOBAL_BEST,0,123,3218,15106,331,26,7991,14,18.7711,1071.4286,0,0,0,0,0,0
n012w8-0,n012w8,0,5,500000,100.0,adaptive,2026-07-04T12:07:22+01:00,1,2,2,14454,149,0.000000,1535,1545,1535,10,0.6472,LOCAL_BEST,1,123,5450,26063,569,27,5898,134,16.9549,74.6269,0,0,0,0,0,0
n012w8-0,n012w8,0,5,500000,100.0,adaptive,2026-07-04T12:07:22+01:00,1,2,2,14455,149,0.000000,1475,1535,1475,60,3.9088,GLOBAL_BEST,1,123,5450,26066,569,28,1,0,600000.0000,0.0000,0,0,0,0,0,0
n012w8-0,n012w8,0,5,500000,100.0,adaptive,2026-07-04T12:07:22+01:00,1,0,2,20717,36,0.000000,1665,1675,1665,10,0.5970,GLOBAL_BEST,0,123,7884,36904,816,29,6262,-113,15.9693,0.0000,0,0,0,0,0,0
n012w8-0,n012w8,0,5,500000,100.0,adaptive,2026-07-04T12:07:22+01:00,1,0,2,20719,36,0.000000,1650,1665,1650,15,0.9009,GLOBAL_BEST,0,123,7884,36917,817,30,2,0,75000.0000,0.0000,0,0,0,0,0,0
n012w8-0,n012w8,0,5,500000,100.0,adaptive,2026-07-04T12:07:22+01:00,1,0,2,20720,36,0.000000,1620,1650,1620,30,1.8182,GLOBAL_BEST,0,123,7884,36918,817,31,1,0,300000.0000,0.0000,0,0,0,0,0,0
n012w8-0,n012w8,0,5,500000,100.0,adaptive,2026-07-04T12:07:22+01:00,1,0,2,20722,36,0.000000,1595,1620,1595,25,1.5432,GLOBAL_BEST,0,123,7884,36923,817,32,2,0,125000.0000,0.0000,0,0,0,0,0,0
n012w8-0,n012w8,0,5,500000,100.0,adaptive,2026-07-04T12:07:22+01:00,1,2,2,43837,201,0.000000,1450,1475,1450,25,1.6949,GLOBAL_BEST,1,123,16686,77533,1742,33,23115,165,10.8155,151.5152,0,0,0,0,0,0
n012w8-0,n012w8,0,5,500000,100.0,adaptive,2026-07-04T12:07:22+01:00,1,0,2,69252,123,0.000000,1545,1595,1545,50,3.1348,GLOBAL_BEST,0,123,26305,123860,2707,34,25415,-78,19.6734,0.0000,0,0,0,0,0,0
n012w8-0,n012w8,0,5,500000,100.0,adaptive,2026-07-04T12:07:22+01:00,1,0,2,72965,130,0.000000,1520,1545,1520,25,1.6181,GLOBAL_BEST,0,123,27720,130406,2844,35,3713,7,67.3310,3571.4286,0,0,0,0,0,0
n012w8-0,n012w8,0,5,500000,100.0,adaptive,2026-07-04T12:07:22+01:00,1,0,2,202954,363,0.000000,1410,1520,1410,110,7.2368,GLOBAL_BEST,0,123,77144,362745,7845,36,129989,233,8.4623,472.1030,0,0,0,0,0,0
n012w8-0,n012w8,0,5,500000,100.0,adaptive,2026-07-04T12:07:22+01:00,1,3,2,212591,583,0.000000,1415,1435,1415,20,1.3937,LOCAL_BEST,1,123,80765,380579,8396,37,9637,220,20.7533,90.9091,0,0,0,0,0,0
n012w8-0,n012w8,0,5,500000,100.0,adaptive,2026-07-04T12:07:22+01:00,1,3,2,418520,953,0.000000,1385,1415,1385,30,2.1201,LOCAL_BEST,1,123,158546,748321,16688,38,205929,370,1.4568,81.0811,0,0,0,0,0,0
n012w8-0,n012w8,0,5,500000,100.0,adaptive,2026-07-04T12:07:22+01:00,1,2,2,433723,897,0.000000,1360,1450,1360,90,6.2069,GLOBAL_BEST,1,123,164880,772160,16984,39,15203,-56,59.1988,0.0000,0,0,0,0,0,0
n012w8-0,n012w8,0,5,500000,100.0,adaptive,2026-07-04T12:07:22+01:00,1,2,2,433724,897,0.000000,1315,1360,1315,45,3.3088,GLOBAL_BEST,1,123,164880,772165,16984,40,1,0,450000.0000,0.0000,0,0,0,0,0,0
n012w8-0,n012w8,0,5,500000,100.0,adaptive,2026-07-04T12:07:22+01:00,1,2,2,433725,897,0.000000,1270,1315,1270,45,3.4221,GLOBAL_BEST,1,123,164880,772165,16984,41,1,0,450000.0000,0.0000,0,0,0,0,0,0
n012w8-0,n012w8,0,5,500000,100.0,adaptive,2026-07-04T12:07:22+01:00,2,0,5,1,0,0.000000,3760,3800,3760,40,1.0526,GLOBAL_BEST,0,123,0,0,0,1,1,0,400000.0000,0.0000,0,0,0,0,0,0
n012w8-0,n012w8,0,5,500000,100.0,adaptive,2026-07-04T12:07:22+01:00,2,0,5,4,0,0.000000,3565,3760,3565,195,5.1862,GLOBAL_BEST,0,123,0,4,0,2,3,0,650000.0000,0.0000,0,0,0,0,0,0
n012w8-0,n012w8,0,5,500000,100.0,adaptive,2026-07-04T12:07:22+01:00,2,3,5,5,170,0.000000,1225,1240,1225,15,1.2097,GLOBAL_BEST,1,123,1,8,0,3,1,170,150000.0000,88.2353,0,0,0,0,0,0
n012w8-0,n012w8,0,5,500000,100.0,adaptive,2026-07-04T12:07:22+01:00,2,0,5,7,0,0.000000,3450,3565,3450,115,3.2258,GLOBAL_BEST,0,123,1,13,1,4,2,-170,575000.0000,0.0000,0,0,0,0,0,0
n012w8-0,n012w8,0,5,500000,100.0,adaptive,2026-07-04T12:07:22+01:00,2,0,5,11,0,0.000000,3360,3450,3360,90,2.6087,GLOBAL_BEST,0,123,2,20,1,5,4,0,225000.0000,0.0000,0,0,0,0,0,0
n012w8-0,n012w8,0,5,500000,100.0,adaptive,2026-07-04T12:07:22+01:00,2,0,5,14,0,0.000000,3280,3360,3280,80,2.3810,GLOBAL_BEST,0,123,4,24,1,6,3,0,266666.6667,0.0000,0,0,0,0,0,0
n012w8-0,n012w8,0,5,500000,100.0,adaptive,2026-07-04T12:07:22+01:00,2,0,5,18,0,0.000000,3235,3280,3235,45,1.3720,GLOBAL_BEST,0,123,7,28,1,7,4,0,112500.0000,0.0000,0,0,0,0,0,0
n012w8-0,n012w8,0,5,500000,100.0,adaptive,2026-07-04T12:07:22+01:00,2,0,5,19,0,0.000000,3195,3235,3195,40,1.2365,GLOBAL_BEST,0,123,7,28,1,8,1,0,400000.0000,0.0000,0,0,0,0,0,0
n012w8-0,n012w8,0,5,500000,100.0,adaptive,2026-07-04T12:07:22+01:00,2,0,5,20,0,0.000000,3135,3195,3135,60,1.8779,GLOBAL_BEST,0,123,7,31,1,9,1,0,600000.0000,0.0000,0,0,0,0,0,0
n012w8-0,n012w8,0,5,500000,100.0,adaptive,2026-07-04T12:07:22+01:00,2,0,5,23,0,0.000000,3015,3135,3015,120,3.8278,GLOBAL_BEST,0,123,8,31,1,10,3,0,400000.0000,0.0000,0,0,0,0,0,0
n012w8-0,n012w8,0,5,500000,100.0,adaptive,2026-07-04T12:07:22+01:00,2,0,5,24,0,0.000000,2985,3015,2985,30,0.9950,GLOBAL_BEST,0,123,8,34,1,11,1,0,300000.0000,0.0000,0,0,0,0,0,0
n012w8-0,n012w8,0,5,500000,100.0,adaptive,2026-07-04T12:07:22+01:00,2,0,5,31,0,0.000000,2940,2985,2940,45,1.5075,GLOBAL_BEST,0,123,12,50,1,12,7,0,64285.7143,0.0000,0,0,0,0,0,0
n012w8-0,n012w8,0,5,500000,100.0,adaptive,2026-07-04T12:07:22+01:00,2,0,5,35,0,0.000000,2865,2940,2865,75,2.5510,GLOBAL_BEST,0,123,13,61,1,13,4,0,187500.0000,0.0000,0,0,0,0,0,0
n012w8-0,n012w8,0,5,500000,100.0,adaptive,2026-07-04T12:07:22+01:00,2,0,5,36,0,0.000000,2805,2865,2805,60,2.0942,GLOBAL_BEST,0,123,13,62,1,14,1,0,600000.0000,0.0000,0,0,0,0,0,0
n012w8-0,n012w8,0,5,500000,100.0,adaptive,2026-07-04T12:07:22+01:00,2,0,5,37,0,0.000000,2685,2805,2685,120,4.2781,GLOBAL_BEST,0,123,13,63,1,15,1,0,1200000.0000,0.0000,0,0,0,0,0,0
n012w8-0,n012w8,0,5,500000,100.0,adaptive,2026-07-04T12:07:22+01:00,2,0,5,42,0,0.000000,2620,2685,2620,65,2.4209,GLOBAL_BEST,0,123,14,76,1,16,5,0,130000.0000,0.0000,0,0,0,0,0,0
n012w8-0,n012w8,0,5,500000,100.0,adaptive,2026-07-04T12:07:22+01:00,2,0,5,45,0,0.000000,2560,2620,2560,60,2.2901,GLOBAL_BEST,0,123,15,78,1,17,3,0,200000.0000,0.0000,0,0,0,0,0,0
n012w8-0,n012w8,0,5,500000,100.0,adaptive,2026-07-04T12:07:22+01:00,2,0,5,46,0,0.000000,2530,2560,2530,30,1.1719,GLOBAL_BEST,0,123,15,86,1,18,1,0,300000.0000,0.0000,0,0,0,0,0,0
n012w8-0,n012w8,0,5,500000,100.0,adaptive,2026-07-04T12:07:22+01:00,2,0,5,53,0,0.000000,2470,2530,2470,60,2.3715,GLOBAL_BEST,0,123,16,90,2,19,7,0,85714.2857,0.0000,0,0,0,0,0,0
n012w8-0,n012w8,0,5,500000,100.0,adaptive,2026-07-04T12:07:22+01:00,2,0,5,56,0,0.000000,2295,2470,2295,175,7.0850,GLOBAL_BEST,0,123,18,100,2,20,3,0,583333.3333,0.0000,0,0,0,0,0,0
n012w8-0,n012w8,0,5,500000,100.0,adaptive,2026-07-04T12:07:22+01:00,2,0,5,184,1,0.000000,2270,2295,2270,25,1.0893,GLOBAL_BEST,0,123,61,298,7,21,128,1,1953.1250,25000.0000,0,0,0,0,0,0
n012w8-0,n012w8,0,5,500000,100.0,adaptive,2026-07-04T12:07:22+01:00,2,0,5,189,1,0.000000,2210,2270,2210,60,2.6432,GLOBAL_BEST,0,123,64,302,7,22,5,0,120000.0000,0.0000,0,0,0,0,0,0
n012w8-0,n012w8,0,5,500000,100.0,adaptive,2026-07-04T12:07:22+01:00,2,0,5,207,1,0.000000,2075,2210,2075,135,6.1086,GLOBAL_BEST,0,123,69,323,8,23,18,0,75000.0000,0.0000,0,0,0,0,0,0
n012w8-0,n012w8,0,5,500000,100.0,adaptive,2026-07-04T12:07:22+01:00,2,0,5,212,1,0.000000,2045,2075,2045,30,1.4458,GLOBAL_BEST,0,123,70,334,8,24,5,0,60000.0000,0.0000,0,0,0,0,0,0
n012w8-0,n012w8,0,5,500000,100.0,adaptive,2026-07-04T12:07:22+01:00,2,0,5,230,1,0.000000,1970,2045,1970,75,3.6675,GLOBAL_BEST,0,123,79,360,8,25,18,0,41666.6667,0.0000,0,0,0,0,0,0
n012w8-0,n012w8,0,5,500000,100.0,adaptive,2026-07-04T12:07:22+01:00,2,0,5,346,1,0.000000,1965,1970,1965,5,0.2538,GLOBAL_BEST,0,123,123,593,12,26,116,0,431.0345,0.0000,0,0,0,0,0,0
n012w8-0,n012w8,0,5,500000,100.0,adaptive,2026-07-04T12:07:22+01:00,2,0,5,347,1,0.000000,1950,1965,1950,15,0.7634,GLOBAL_BEST,0,123,123,593,12,27,1,0,150000.0000,0.0000,0,0,0,0,0,0
n012w8-0,n012w8,0,5,500000,100.0,adaptive,2026-07-04T12:07:22+01:00,2,0,5,348,1,0.000000,1920,1950,1920,30,1.5385,GLOBAL_BEST,0,123,123,594,12,28,1,0,300000.0000,0.0000,0,0,0,0,0,0
n012w8-0,n012w8,0,5,500000,100.0,adaptive,2026-07-04T12:07:22+01:00,2,0,5,358,1,0.000000,1810,1920,1810,110,5.7292,GLOBAL_BEST,0,123,126,629,12,29,10,0,110000.0000,0.0000,0,0,0,0,0,0
n012w8-0,n012w8,0,5,500000,100.0,adaptive,2026-07-04T12:07:22+01:00,2,0,5,359,1,0.000000,1785,1810,1785,25,1.3812,GLOBAL_BEST,0,123,126,631,12,30,1,0,250000.0000,0.0000,0,0,0,0,0,0
n012w8-0,n012w8,0,5,500000,100.0,adaptive,2026-07-04T12:07:22+01:00,2,0,5,366,1,0.000000,1705,1785,1705,80,4.4818,GLOBAL_BEST,0,123,128,647,12,31,7,0,114285.7143,0.0000,0,0,0,0,0,0
n012w8-0,n012w8,0,5,500000,100.0,adaptive,2026-07-04T12:07:22+01:00,2,0,5,367,1,0.000000,1615,1705,1615,90,5.2786,GLOBAL_BEST,0,123,128,647,12,32,1,0,900000.0000,0.0000,0,0,0,0,0,0
n012w8-0,n012w8,0,5,500000,100.0,adaptive,2026-07-04T12:07:22+01:00,2,0,5,368,1,0.000000,1585,1615,1585,30,1.8576,GLOBAL_BEST,0,123,128,650,12,33,1,0,300000.0000,0.0000,0,0,0,0,0,0
n012w8-0,n012w8,0,5,500000,100.0,adaptive,2026-07-04T12:07:22+01:00,2,0,5,5921,11,0.000000,1565,1585,1565,20,1.2618,GLOBAL_BEST,0,123,2253,10275,223,34,5553,10,36.0166,2000.0000,0,0,0,0,0,0
n012w8-0,n012w8,0,5,500000,100.0,adaptive,2026-07-04T12:07:22+01:00,2,0,5,7044,13,0.000000,1555,1565,1555,10,0.6390,GLOBAL_BEST,0,123,2667,12201,268,35,1123,2,89.0472,5000.0000,0,0,0,0,0,0
n012w8-0,n012w8,0,5,500000,100.0,adaptive,2026-07-04T12:07:22+01:00,2,0,5,8143,15,0.000000,1535,1555,1535,20,1.2862,GLOBAL_BEST,0,123,3093,14069,314,36,1099,2,181.9836,10000.0000,0,0,0,0,0,0
n012w8-0,n012w8,0,5,500000,100.0,adaptive,2026-07-04T12:07:22+01:00,2,0,5,10328,18,0.000000,1520,1535,1520,15,0.9772,GLOBAL_BEST,0,123,3942,17794,397,37,2185,3,68.6499,5000.0000,0,0,0,0,0,0
n012w8-0,n012w8,0,5,500000,100.0,adaptive,2026-07-04T12:07:22+01:00,2,0,5,10329,18,0.000000,1460,1520,1460,60,3.9474,GLOBAL_BEST,0,123,3942,17796,397,38,1,0,600000.0000,0.0000,0,0,0,0,0,0
n012w8-0,n012w8,0,5,500000,100.0,adaptive,2026-07-04T12:07:22+01:00,2,0,5,12507,22,0.000000,1415,1460,1415,45,3.0822,GLOBAL_BEST,0,123,4782,21557,506,39,2178,4,206.6116,11250.0000,0,0,0,0,0,0
n012w8-0,n012w8,0,5,500000,100.0,adaptive,2026-07-04T12:07:22+01:00,2,0,5,13141,23,0.000000,1410,1415,1410,5,0.3534,GLOBAL_BEST,0,123,5042,22621,538,40,634,1,78.8644,5000.0000,0,0,0,0,0,0
n012w8-0,n012w8,0,5,500000,100.0,adaptive,2026-07-04T12:07:22+01:00,2,0,5,17951,31,0.000000,1360,1410,1360,50,3.5461,GLOBAL_BEST,0,123,6873,30813,701,41,4810,8,103.9501,6250.0000,0,0,0,0,0,0
n012w8-0,n012w8,0,5,500000,100.0,adaptive,2026-07-04T12:07:22+01:00,2,2,5,39695,170,0.000000,1240,1330,1240,90,6.7669,GLOBAL_BEST,1,123,15141,69015,1580,42,21744,139,41.3907,647.4820,0,0,0,0,0,0
n012w8-0,n012w8,0,5,500000,100.0,adaptive,2026-07-04T12:07:22+01:00,2,0,5,61532,103,0.000000,1330,1360,1330,30,2.2059,GLOBAL_BEST,0,123,23450,107000,2486,43,21837,-67,13.7382,0.0000,0,0,0,0,0,0
n012w8-0,n012w8,0,5,500000,100.0,adaptive,2026-07-04T12:07:22+01:00,2,2,5,96181,263,0.000000,1180,1240,1180,60,4.8387,GLOBAL_BEST,1,123,36622,167137,3824,44,34649,160,17.3165,375.0000,0,0,0,0,0,0
n012w8-0,n012w8,0,5,500000,100.0,adaptive,2026-07-04T12:07:22+01:00,2,3,5,120213,370,0.000000,1200,1225,1200,25,2.0408,LOCAL_BEST,1,123,45696,211424,4818,45,24032,107,10.4028,233.6449,0,0,0,0,0,0
n012w8-0,n012w8,0,5,500000,100.0,adaptive,2026-07-04T12:07:22+01:00,2,3,5,120217,370,0.000000,1185,1200,1185,15,1.2500,LOCAL_BEST,1,123,45698,211429,4818,46,4,0,37500.0000,0.0000,0,0,0,0,0,0
n012w8-0,n012w8,0,5,500000,100.0,adaptive,2026-07-04T12:07:22+01:00,2,0,5,129822,218,0.000000,1290,1330,1290,40,3.0075,LOCAL_BEST,0,123,49538,227338,5153,47,9605,-152,41.6450,0.0000,0,0,0,0,0,0
n012w8-0,n012w8,0,5,500000,100.0,adaptive,2026-07-04T12:07:22+01:00,2,0,5,129823,218,0.000000,1260,1290,1260,30,2.3256,LOCAL_BEST,0,123,49538,227341,5153,48,1,0,300000.0000,0.0000,0,0,0,0,0,0
n012w8-0,n012w8,0,5,500000,100.0,adaptive,2026-07-04T12:07:22+01:00,2,0,5,129824,218,0.000000,1230,1260,1230,30,2.3810,LOCAL_BEST,0,123,49538,227342,5153,49,1,0,300000.0000,0.0000,0,0,0,0,0,0
n012w8-0,n012w8,0,5,500000,100.0,adaptive,2026-07-04T12:07:22+01:00,2,0,5,269821,449,0.000000,1205,1230,1205,25,2.0325,LOCAL_BEST,0,123,102558,473265,10661,50,139997,231,1.7858,108.2251,0,0,0,0,0,0
n012w8-0,n012w8,0,5,500000,100.0,adaptive,2026-07-04T12:07:22+01:00,2,4,5,303123,772,0.000000,1130,1180,1130,50,4.2373,LOCAL_BEST,2,123,115671,529622,11860,51,33302,323,15.0141,154.7988,0,0,0,0,0,0
n012w8-0,n012w8,0,5,500000,100.0,adaptive,2026-07-04T12:07:22+01:00,2,3,5,371080,786,0.000000,1145,1185,1145,40,3.3755,LOCAL_BEST,1,123,141113,649697,14617,52,67957,14,5.8861,2857.1429,0,0,0,0,0,0
n012w8-0,n012w8,0,5,500000,100.0,adaptive,2026-07-04T12:07:22+01:00,2,0,5,373722,623,0.000000,1075,1205,1075,130,10.7884,GLOBAL_BEST,0,123,142133,656345,14734,53,2642,-163,492.0515,0.0000,0,0,0,0,0,0
n012w8-0,n012w8,0,5,500000,100.0,adaptive,2026-07-04T12:07:22+01:00,2,2,5,486290,911,0.000000,1115,1180,1115,65,5.5085,LOCAL_BEST,1,123,185495,849009,19018,54,112568,288,5.7743,225.6944,0,0,0,0,0,0
n012w8-0,n012w8,0,5,500000,100.0,adaptive,2026-07-04T12:07:22+01:00,3,4,23,1,424,0.000000,1320,1350,1320,30,2.2222,GLOBAL_BEST,2,123,0,1,0,1,1,424,300000.0000,70.7547,0,0,0,0,0,0
n012w8-0,n012w8,0,5,500000,100.0,adaptive,2026-07-04T12:07:22+01:00,3,0,23,3,0,0.000000,4300,4460,4300,160,3.5874,GLOBAL_BEST,0,123,0,9,0,2,2,-424,800000.0000,0.0000,0,0,0,0,0,0
n012w8-0,n012w8,0,5,500000,100.0,adaptive,2026-07-04T12:07:22+01:00,3,0,23,6,0,0.000000,4120,4300,4120,180,4.1860,GLOBAL_BEST,0,123,0,14,0,3,3,0,600000.0000,0.0000,0,0,0,0,0,0
n012w8-0,n012w8,0,5,500000,100.0,adaptive,2026-07-04T12:07:22+01:00,3,0,23,8,0,0.000000,4090,4120,4090,30,0.7282,GLOBAL_BEST,0,123,0,17,0,4,2,0,150000.0000,0.0000,0,0,0,0,0,0
n012w8-0,n012w8,0,5,500000,100.0,adaptive,2026-07-04T12:07:22+01:00,3,0,23,10,0,0.000000,4080,4090,4080,10,0.2445,GLOBAL_BEST,0,123,0,18,0,5,2,0,50000.0000,0.0000,0,0,0,0,0,0
n012w8-0,n012w8,0,5,500000,100.0,adaptive,2026-07-04T12:07:22+01:00,3,0,23,13,0,0.000000,3855,4080,3855,225,5.5147,GLOBAL_BEST,0,123,1,22,0,6,3,0,750000.0000,0.0000,0,0,0,0,0,0
n012w8-0,n012w8,0,5,500000,100.0,adaptive,2026-07-04T12:07:22+01:00,3,0,23,14,0,0.000000,3780,3855,3780,75,1.9455,GLOBAL_BEST,0,123,1,24,0,7,1,0,750000.0000,0.0000,0,0,0,0,0,0
n012w8-0,n012w8,0,5,500000,100.0,adaptive,2026-07-04T12:07:22+01:00,3,0,23,15,0,0.000000,3615,3780,3615,165,4.3651,GLOBAL_BEST,0,123,1,31,0,8,1,0,1650000.0000,0.0000,0,0,0,0,0,0
n012w8-0,n012w8,0,5,500000,100.0,adaptive,2026-07-04T12:07:22+01:00,3,0,23,16,0,0.000000,3495,3615,3495,120,3.3195,GLOBAL_BEST,0,123,1,34,0,9,1,0,1200000.0000,0.0000,0,0,0,0,0,0
n012w8-0,n012w8,0,5,500000,100.0,adaptive,2026-07-04T12:07:22+01:00,3,0,23,19,0,0.000000,3195,3495,3195,300,8.5837,GLOBAL_BEST,0,123,1,40,0,10,3,0,1000000.0000,0.0000,0,0,0,0,0,0
n012w8-0,n012w8,0,5,500000,100.0,adaptive,2026-07-04T12:07:22+01:00,3,0,23,20,0,0.000000,3015,3195,3015,180,5.6338,GLOBAL_BEST,0,123,1,48,0,11,1,0,1800000.0000,0.0000,0,0,0,0,0,0
n012w8-0,n012w8,0,5,500000,100.0,adaptive,2026-07-04T12:07:22+01:00,3,0,23,21,0,0.000000,3000,3015,3000,15,0.4975,GLOBAL_BEST,0,123,1,48,0,12,1,0,150000.0000,0.0000,0,0,0,0,0,0
n012w8-0,n012w8,0,5,500000,100.0,adaptive,2026-07-04T12:07:22+01:00,3,0,23,24,0,0.000000,2865,3000,2865,135,4.5000,GLOBAL_BEST,0,123,2,52,0,13,3,0,450000.0000,0.0000,0,0,0,0,0,0
n012w8-0,n012w8,0,5,500000,100.0,adaptive,2026-07-04T12:07:22+01:00,3,0,23,25,0,0.000000,2775,2865,2775,90,3.1414,GLOBAL_BEST,0,123,2,54,0,14,1,0,900000.0000,0.0000,0,0,0,0,0,0
n012w8-0,n012w8,0,5,500000,100.0,adaptive,2026-07-04T12:07:22+01:00,3,0,23,27,0,0.000000,2715,2775,2715,60,2.1622,GLOBAL_BEST,0,123,3,57,0,15,2,0,300000.0000,0.0000,0,0,0,0,0,0
n012w8-0,n012w8,0,5,500000,100.0,adaptive,2026-07-04T12:07:22+01:00,3,0,23,30,0,0.000000,2670,2715,2670,45,1.6575,GLOBAL_BEST,0,123,4,67,0,16,3,0,150000.0000,0.0000,0,0,0,0,0,0
n012w8-0,n012w8,0,5,500000,100.0,adaptive,2026-07-04T12:07:22+01:00,3,0,23,52,0,0.000000,2525,2670,2525,145,5.4307,GLOBAL_BEST,0,123,13,142,1,17,22,0,65909.0909,0.0000,0,0,0,0,0,0
n012w8-0,n012w8,0,5,500000,100.0,adaptive,2026-07-04T12:07:22+01:00,3,0,23,75,0,0.000000,2480,2525,2480,45,1.7822,GLOBAL_BEST,0,123,23,173,2,18,23,0,19565.2174,0.0000,0,0,0,0,0,0
n012w8-0,n012w8,0,5,500000,100.0,adaptive,2026-07-04T12:07:22+01:00,3,0,23,76,0,0.000000,2450,2480,2450,30,1.2097,GLOBAL_BEST,0,123,23,176,2,19,1,0,300000.0000,0.0000,0,0,0,0,0,0
n012w8-0,n012w8,0,5,500000,100.0,adaptive,2026-07-04T12:07:22+01:00,3,0,23,77,0,0.000000,2360,2450,2360,90,3.6735,GLOBAL_BEST,0,123,23,178,2,20,1,0,900000.0000,0.0000,0,0,0,0,0,0
n012w8-0,n012w8,0,5,500000,100.0,adaptive,2026-07-04T12:07:22+01:00,3,0,23,78,0,0.000000,2090,2360,2090,270,11.4407,GLOBAL_BEST,0,123,23,178,2,21,1,0,2700000.0000,0.0000,0,0,0,0,0,0
n012w8-0,n012w8,0,5,500000,100.0,adaptive,2026-07-04T12:07:22+01:00,3,0,23,109,1,0.000000,2045,2090,2045,45,2.1531,GLOBAL_BEST,0,123,33,226,4,22,31,1,14516.1290,45000.0000,0,0,0,0,0,0
n012w8-0,n012w8,0,5,500000,100.0,adaptive,2026-07-04T12:07:22+01:00,3,0,23,145,1,0.000000,1895,2045,1895,150,7.3350,GLOBAL_BEST,0,123,45,281,5,23,36,0,41666.6667,0.0000,0,0,0,0,0,0
n012w8-0,n012w8,0,5,500000,100.0,adaptive,2026-07-04T12:07:22+01:00,3,0,23,146,1,0.000000,1865,1895,1865,30,1.5831,GLOBAL_BEST,0,123,45,281,5,24,1,0,300000.0000,0.0000,0,0,0,0,0,0
n012w8-0,n012w8,0,5,500000,100.0,adaptive,2026-07-04T12:07:22+01:00,3,0,23,577,1,0.000000,1800,1865,1800,65,3.4853,GLOBAL_BEST,0,123,206,983,20,25,431,0,1508.1206,0.0000,0,0,0,0,0,0
n012w8-0,n012w8,0,5,500000,100.0,adaptive,2026-07-04T12:07:22+01:00,3,0,23,578,1,0.000000,1760,1800,1760,40,2.2222,GLOBAL_BEST,0,123,206,983,20,26,1,0,400000.0000,0.0000,0,0,0,0,0,0
n012w8-0,n012w8,0,5,500000,100.0,adaptive,2026-07-04T12:07:22+01:00,3,0,23,1145,2,0.000000,1720,1760,1720,40,2.2727,GLOBAL_BEST,0,123,421,1987,45,27,567,1,705.4674,40000.0000,0,0,0,0,0,0
n012w8-0,n012w8,0,5,500000,100.0,adaptive,2026-07-04T12:07:22+01:00,3,0,23,1146,2,0.000000,1690,1720,1690,30,1.7442,GLOBAL_BEST,0,123,421,1996,45,28,1,0,300000.0000,0.0000,0,0,0,0,0,0
n012w8-0,n012w8,0,5,500000,100.0,adaptive,2026-07-04T12:07:22+01:00,3,0,23,2105,4,0.000000,1580,1690,1580,110,6.5089,GLOBAL_BEST,0,123,777,3583,80,29,959,2,1147.0282,55000.0000,0,0,0,0,0,0
n012w8-0,n012w8,0,5,500000,100.0,adaptive,2026-07-04T12:07:22+01:00,3,3,23,7523,212,0.000000,1405,1420,1405,15,1.0563,GLOBAL_BEST,1,123,2807,12497,328,30,5418,208,27.6855,72.1154,0,0,0,0,0,0
n012w8-0,n012w8,0,5,500000,100.0,adaptive,2026-07-04T12:07:22+01:00,3,0,23,12204,22,0.000000,1535,1580,1535,45,2.8481,GLOBAL_BEST,0,123,4534,20907,466,31,4681,-190,96.1333,0.0000,0,0,0,0,0,0
n012w8-0,n012w8,0,5,500000,100.0,adaptive,2026-07-04T12:07:22+01:00,3,0,23,12210,22,0.000000,1475,1535,1475,60,3.9088,GLOBAL_BEST,0,123,4537,20911,466,32,6,0,100000.0000,0.0000,0,0,0,0,0,0
n012w8-0,n012w8,0,5,500000,100.0,adaptive,2026-07-04T12:07:22+01:00,3,0,23,21303,39,0.000000,1470,1475,1470,5,0.3390,GLOBAL_BEST,0,123,8022,36524,816,33,9093,17,5.4987,294.1176,0,0,0,0,0,0
n012w8-0,n012w8,0,5,500000,100.0,adaptive,2026-07-04T12:07:22+01:00,3,0,23,38705,70,0.000000,1450,1470,1450,20,1.3605,GLOBAL_BEST,0,123,14536,65796,1485,34,17402,31,11.4929,645.1613,0,0,0,0,0,0
n012w8-0,n012w8,0,5,500000,100.0,adaptive,2026-07-04T12:07:22+01:00,3,0,23,107345,199,0.000000,1420,1450,1420,30,2.0690,GLOBAL_BEST,0,123,40573,182395,4030,35,68640,129,4.3706,232.5581,0,0,0,0,0,0
n012w8-0,n012w8,0,5,500000,100.0,adaptive,2026-07-04T12:07:22+01:00,3,0,23,129928,240,0.000000,1410,1420,1410,10,0.7042,LOCAL_BEST,0,123,49043,220941,4927,36,22583,41,4.4281,243.9024,0,0,0,0,0,0
n012w8-0,n012w8,0,5,500000,100.0,adaptive,2026-07-04T12:07:22+01:00,3,2,23,193364,424,0.000000,1350,1450,1350,100,6.8966,GLOBAL_BEST,1,123,72881,329727,7386,37,63436,184,15.7639,543.4783,0,0,0,0,0,0
n012w8-0,n012w8,0,5,500000,100.0,adaptive,2026-07-04T12:07:22+01:00,3,3,23,350604,840,0.000000,1265,1405,1265,140,9.9644,GLOBAL_BEST,1,123,132362,597065,13368,38,157240,416,8.9036,336.5385,0,0,0,0,0,0
n012w8-0,n012w8,0,5,500000,100.0,adaptive,2026-07-04T12:07:22+01:00,3,3,23,350606,840,0.000000,1130,1265,1130,135,10.6719,GLOBAL_BEST,1,123,132363,597068,13368,39,2,0,675000.0000,0.0000,0,0,0,0,0,0
n012w8-0,n012w8,0,5,500000,100.0,adaptive,2026-07-04T12:07:22+01:00,4,5,30,1,519,0.000000,1005,1035,1005,30,2.8986,LOCAL_BEST,2,777,0,2,0,1,1,519,300000.0000,57.8035,0,0,0,0,0,0
n012w8-0,n012w8,0,5,500000,100.0,adaptive,2026-07-04T12:07:22+01:00,4,0,30,2,1,0.000000,3375,3570,3375,195,5.4622,GLOBAL_BEST,0,777,0,0,0,2,1,-518,1950000.0000,0.0000,0,0,0,0,0,0
n012w8-0,n012w8,0,5,500000,100.0,adaptive,2026-07-04T12:07:22+01:00,4,0,30,4,1,0.000000,3180,3375,3180,195,5.7778,GLOBAL_BEST,0,777,0,0,0,3,2,0,975000.0000,0.0000,0,0,0,0,0,0
n012w8-0,n012w8,0,5,500000,100.0,adaptive,2026-07-04T12:07:22+01:00,4,0,30,6,1,0.000000,3150,3180,3150,30,0.9434,GLOBAL_BEST,0,777,0,1,0,4,2,0,150000.0000,0.0000,0,0,0,0,0,0
n012w8-0,n012w8,0,5,500000,100.0,adaptive,2026-07-04T12:07:22+01:00,4,0,30,7,1,0.000000,3120,3150,3120,30,0.9524,GLOBAL_BEST,0,777,0,1,0,5,1,0,300000.0000,0.0000,0,0,0,0,0,0
n012w8-0,n012w8,0,5,500000,100.0,adaptive,2026-07-04T12:07:22+01:00,4,0,30,8,1,0.000000,3105,3120,3105,15,0.4808,GLOBAL_BEST,0,777,0,4,0,6,1,0,150000.0000,0.0000,0,0,0,0,0,0
n012w8-0,n012w8,0,5,500000,100.0,adaptive,2026-07-04T12:07:22+01:00,4,0,30,12,1,0.000000,3060,3105,3060,45,1.4493,GLOBAL_BEST,0,777,1,8,0,7,4,0,112500.0000,0.0000,0,0,0,0,0,0
n012w8-0,n012w8,0,5,500000,100.0,adaptive,2026-07-04T12:07:22+01:00,4,0,30,13,1,0.000000,2865,3060,2865,195,6.3725,GLOBAL_BEST,0,777,1,8,0,8,1,0,1950000.0000,0.0000,0,0,0,0,0,0
n012w8-0,n012w8,0,5,500000,100.0,adaptive,2026-07-04T12:07:22+01:00,4,0,30,16,1,0.000000,2755,2865,2755,110,3.8394,GLOBAL_BEST,0,777,2,9,0,9,3,0,366666.6667,0.0000,0,0,0,0,0,0
n012w8-0,n012w8,0,5,500000,100.0,adaptive,2026-07-04T12:07:22+01:00,4,0,30,20,1,0.000000,2500,2755,2500,255,9.2559,GLOBAL_BEST,0,777,3,12,1,10,4,0,637500.0000,0.0000,0,0,0,0,0,0
n012w8-0,n012w8,0,5,500000,100.0,adaptive,2026-07-04T12:07:22+01:00,4,0,30,24,1,0.000000,2350,2500,2350,150,6.0000,GLOBAL_BEST,0,777,4,15,1,11,4,0,375000.0000,0.0000,0,0,0,0,0,0
n012w8-0,n012w8,0,5,500000,100.0,adaptive,2026-07-04T12:07:22+01:00,4,0,30,30,1,0.000000,2305,2350,2305,45,1.9149,GLOBAL_BEST,0,777,5,23,1,12,6,0,75000.0000,0.0000,0,0,0,0,0,0
n012w8-0,n012w8,0,5,500000,100.0,adaptive,2026-07-04T12:07:22+01:00,4,0,30,33,1,0.000000,2110,2305,2110,195,8.4599,GLOBAL_BEST,0,777,6,24,1,13,3,0,650000.0000,0.0000,0,0,0,0,0,0
n012w8-0,n012w8,0,5,500000,100.0,adaptive,2026-07-04T12:07:22+01:00,4,0,30,34,1,0.000000,1930,2110,1930,180,8.5308,GLOBAL_BEST,0,777,6,24,1,14,1,0,1800000.0000,0.0000,0,0,0,0,0,0
n012w8-0,n012w8,0,5,500000,100.0,adaptive,2026-07-04T12:07:22+01:00,4,0,30,115,2,0.000000,1725,1930,1725,205,10.6218,GLOBAL_BEST,0,777,37,183,2,15,81,1,25308.6420,205000.0000,0,0,0,0,0,0
n012w8-0,n012w8,0,5,500000,100.0,adaptive,2026-07-04T12:07:22+01:00,4,0,30,200,2,0.000000,1680,1725,1680,45,2.6087,GLOBAL_BEST,0,777,71,366,3,16,85,0,5294.1176,0.0000,0,0,0,0,0,0
n012w8-0,n012w8,0,5,500000,100.0,adaptive,2026-07-04T12:07:22+01:00,4,0,30,201,2,0.000000,1410,1680,1410,270,16.0714,GLOBAL_BEST,0,777,71,369,3,17,1,0,2700000.0000,0.0000,0,0,0,0,0,0
n012w8-0,n012w8,0,5,500000,100.0,adaptive,2026-07-04T12:07:22+01:00,4,0,30,960,2,0.000000,1345,1410,1345,65,4.6099,GLOBAL_BEST,0,777,366,1783,26,18,759,0,856.3900,0.0000,0,0,0,0,0,0
n012w8-0,n012w8,0,5,500000,100.0,adaptive,2026-07-04T12:07:22+01:00,4,0,30,5631,10,0.000000,1255,1345,1255,90,6.6914,GLOBAL_BEST,0,777,2127,10315,195,19,4671,8,192.6782,11250.0000,0,0,0,0,0,0
n012w8-0,n012w8,0,5,500000,100.0,adaptive,2026-07-04T12:07:22+01:00,4,2,30,11449,83,0.000000,1240,1245,1240,5,0.4016,GLOBAL_BEST,1,777,4313,21459,440,20,5818,73,8.5940,68.4932,0,0,0,0,0,0
n012w8-0,n012w8,0,5,500000,100.0,adaptive,2026-07-04T12:07:22+01:00,4,2,30,11450,83,0.000000,1210,1240,1210,30,2.4194,GLOBAL_BEST,1,777,4313,21459,440,21,1,0,300000.0000,0.0000,0,0,0,0,0,0
n012w8-0,n012w8,0,5,500000,100.0,adaptive,2026-07-04T12:07:22+01:00,4,2,30,11561,83,0.000000,1170,1210,1170,40,3.3058,GLOBAL_BEST,1,777,4360,21644,443,22,111,0,3603.6036,0.0000,0,0,0,0,0,0
n012w8-0,n012w8,0,5,500000,100.0,adaptive,2026-07-04T12:07:22+01:00,4,0,30,42744,66,0.000000,1245,1255,1245,10,0.7968,GLOBAL_BEST,0,777,15945,79537,1680,23,31183,-17,3.2069,0.0000,0,0,0,0,0,0
n012w8-0,n012w8,0,5,500000,100.0,adaptive,2026-07-04T12:07:22+01:00,4,3,30,68551,337,0.000000,1080,1110,1080,30,2.7027,GLOBAL_BEST,1,777,25455,129016,2779,24,25807,271,11.6248,110.7011,0,0,0,0,0,0
n012w8-0,n012w8,0,5,500000,100.0,adaptive,2026-07-04T12:07:22+01:00,4,0,30,96454,148,0.000000,1215,1245,1215,30,2.4096,LOCAL_BEST,0,777,35856,180359,3870,25,27903,-189,10.7515,0.0000,0,0,0,0,0,0
n012w8-0,n012w8,0,5,500000,100.0,adaptive,2026-07-04T12:07:22+01:00,4,4,30,116127,518,0.000000,1035,1080,1035,45,4.1667,GLOBAL_BEST,2,777,43387,217103,4739,26,19673,370,22.8740,121.6216,0,0,0,0,0,0
n012w8-0,n012w8,0,5,500000,100.0,adaptive,2026-07-04T12:07:22+01:00,4,4,30,116131,519,0.000000,1005,1035,1005,30,2.8986,GLOBAL_BEST,2,777,43389,217108,4739,27,4,1,75000.0000,30000.0000,0,0,0,0,0,0
n012w8-0,n012w8,0,5,500000,100.0,adaptive,2026-07-04T12:07:22+01:00,4,0,30,153141,233,0.000000,1110,1215,1110,105,8.6420,GLOBAL_BEST,0,777,57029,286071,6062,28,37010,-286,28.3707,0.0000,0,0,0,0,0,0
n012w8-0,n012w8,0,5,500000,100.0,adaptive,2026-07-04T12:07:22+01:00,4,4,30,188714,629,0.000000,990,1005,990,15,1.4925,GLOBAL_BEST,2,777,70662,350687,7704,29,35573,396,4.2167,37.8788,0,0,0,0,0,0
n012w8-0,n012w8,0,5,500000,100.0,adaptive,2026-07-04T12:07:22+01:00,4,2,30,222564,402,0.000000,1110,1170,1110,60,5.1282,LOCAL_BEST,1,777,83062,415366,9024,30,33850,-227,17.7253,0.0000,0,0,0,0,0,0
n012w8-0,n012w8,0,5,500000,100.0,adaptive,2026-07-04T12:07:22+01:00,4,2,30,410449,688,0.000000,1105,1110,1105,5,0.4505,LOCAL_BEST,1,777,153244,764924,16616,31,187885,286,0.2661,17.4825,0,0,0,0,0,0
n012w8-0,n012w8,0,5,500000,100.0,adaptive,2026-07-04T12:07:22+01:00,5,0,43,2,0,0.000000,4285,4575,4285,290,6.3388,GLOBAL_BEST,0,42,0,3,0,1,2,0,1450000.0000,0.0000,0,0,0,0,0,0
n012w8-0,n012w8,0,5,500000,100.0,adaptive,2026-07-04T12:07:22+01:00,5,3,43,2,575,0.000000,940,985,940,45,4.5685,LOCAL_BEST,1,42,0,3,0,2,0,575,0.0000,78.2609,0,0,0,0,0,0
n012w8-0,n012w8,0,5,500000,100.0,adaptive,2026-07-04T12:07:22+01:00,5,0,43,3,0,0.000000,4090,4285,4090,195,4.5508,GLOBAL_BEST,0,42,0,3,0,3,1,-575,1950000.0000,0.0000,0,0,0,0,0,0
n012w8-0,n012w8,0,5,500000,100.0,adaptive,2026-07-04T12:07:22+01:00,5,0,43,6,0,0.000000,4000,4090,4000,90,2.2005,GLOBAL_BEST,0,42,0,5,0,4,3,0,300000.0000,0.0000,0,0,0,0,0,0
n012w8-0,n012w8,0,5,500000,100.0,adaptive,2026-07-04T12:07:22+01:00,5,0,43,8,0,0.000000,3820,4000,3820,180,4.5000,GLOBAL_BEST,0,42,0,8,0,5,2,0,900000.0000,0.0000,0,0,0,0,0,0
n012w8-0,n012w8,0,5,500000,100.0,adaptive,2026-07-04T12:07:22+01:00,5,0,43,9,0,0.000000,3615,3820,3615,205,5.3665,GLOBAL_BEST,0,42,0,10,0,6,1,0,2050000.0000,0.0000,0,0,0,0,0,0
n012w8-0,n012w8,0,5,500000,100.0,adaptive,2026-07-04T12:07:22+01:00,5,0,43,12,0,0.000000,3440,3615,3440,175,4.8409,GLOBAL_BEST,0,42,0,19,0,7,3,0,583333.3333,0.0000,0,0,0,0,0,0
n012w8-0,n012w8,0,5,500000,100.0,adaptive,2026-07-04T12:07:22+01:00,5,0,43,13,0,0.000000,3395,3440,3395,45,1.3081,GLOBAL_BEST,0,42,0,21,0,8,1,0,450000.0000,0.0000,0,0,0,0,0,0
n012w8-0,n012w8,0,5,500000,100.0,adaptive,2026-07-04T12:07:22+01:00,5,0,43,16,0,0.000000,3275,3395,3275,120,3.5346,GLOBAL_BEST,0,42,0,30,0,9,3,0,400000.0000,0.0000,0,0,0,0,0,0
n012w8-0,n012w8,0,5,500000,100.0,adaptive,2026-07-04T12:07:22+01:00,5,0,43,18,0,0.000000,3095,3275,3095,180,5.4962,GLOBAL_BEST,0,42,0,41,1,10,2,0,900000.0000,0.0000,0,0,0,0,0,0
n012w8-0,n012w8,0,5,500000,100.0,adaptive,2026-07-04T12:07:22+01:00,5,0,43,19,0,0.000000,2855,3095,2855,240,7.7544,GLOBAL_BEST,0,42,0,42,1,11,1,0,2400000.0000,0.0000,0,0,0,0,0,0
n012w8-0,n012w8,0,5,500000,100.0,adaptive,2026-07-04T12:07:22+01:00,5,0,43,24,0,0.000000,2660,2855,2660,195,6.8301,GLOBAL_BEST,0,42,0,53,1,12,5,0,390000.0000,0.0000,0,0,0,0,0,0
n012w8-0,n012w8,0,5,500000,100.0,adaptive,2026-07-04T12:07:22+01:00,5,0,43,27,0,0.000000,2620,2660,2620,40,1.5038,GLOBAL_BEST,0,42,2,57,1,13,3,0,133333.3333,0.0000,0,0,0,0,0,0
n012w8-0,n012w8,0,5,500000,100.0,adaptive,2026-07-04T12:07:22+01:00,5,0,43,36,0,0.000000,2430,2620,2430,190,7.2519,GLOBAL_BEST,0,42,7,68,2,14,9,0,211111.1111,0.0000,0,0,0,0,0,0
n012w8-0,n012w8,0,5,500000,100.0,adaptive,2026-07-04T12:07:22+01:00,5,0,43,38,0,0.000000,2370,2430,2370,60,2.4691,GLOBAL_BEST,0,42,8,69,2,15,2,0,300000.0000,0.0000,0,0,0,0,0,0
n012w8-0,n012w8,0,5,500000,100.0,adaptive,2026-07-04T12:07:22+01:00,5,0,43,39,0,0.000000,2355,2370,2355,15,0.6329,GLOBAL_BEST,0,42,8,69,2,16,1,0,150000.0000,0.0000,0,0,0,0,0,0
n012w8-0,n012w8,0,5,500000,100.0,adaptive,2026-07-04T12:07:22+01:00,5,0,43,40,0,0.000000,2340,2355,2340,15,0.6369,GLOBAL_BEST,0,42,8,69,2,17,1,0,150000.0000,0.0000,0,0,0,0,0,0
n012w8-0,n012w8,0,5,500000,100.0,adaptive,2026-07-04T12:07:22+01:00,5,0,43,41,0,0.000000,2100,2340,2100,240,10.2564,GLOBAL_BEST,0,42,8,70,2,18,1,0,2400000.0000,0.0000,0,0,0,0,0,0
n012w8-0,n012w8,0,5,500000,100.0,adaptive,2026-07-04T12:07:22+01:00,5,0,43,60,0,0.000000,2070,2100,2070,30,1.4286,GLOBAL_BEST,0,42,17,102,2,19,19,0,15789.4737,0.0000,0,0,0,0,0,0
n012w8-0,n012w8,0,5,500000,100.0,adaptive,2026-07-04T12:07:22+01:00,5,0,43,64,0,0.000000,2050,2070,2050,20,0.9662,GLOBAL_BEST,0,42,19,106,2,20,4,0,50000.0000,0.0000,0,0,0,0,0,0
n012w8-0,n012w8,0,5,500000,100.0,adaptive,2026-07-04T12:07:22+01:00,5,0,43,71,0,0.000000,2000,2050,2000,50,2.4390,GLOBAL_BEST,0,42,22,122,3,21,7,0,71428.5714,0.0000,0,0,0,0,0,0
n012w8-0,n012w8,0,5,500000,100.0,adaptive,2026-07-04T12:07:22+01:00,5,0,43,72,0,0.000000,1955,2000,1955,45,2.2500,GLOBAL_BEST,0,42,22,124,3,22,1,0,450000.0000,0.0000,0,0,0,0,0,0
n012w8-0,n012w8,0,5,500000,100.0,adaptive,2026-07-04T12:07:22+01:00,5,0,43,79,0,0.000000,1915,1955,1915,40,2.0460,GLOBAL_BEST,0,42,26,142,3,23,7,0,57142.8571,0.0000,0,0,0,0,0,0
n012w8-0,n012w8,0,5,500000,100.0,adaptive,2026-07-04T12:07:22+01:00,5,0,43,80,0,0.000000,1885,1915,1885,30,1.5666,GLOBAL_BEST,0,42,26,148,3,24,1,0,300000.0000,0.0000,0,0,0,0,0,0
n012w8-0,n012w8,0,5,500000,100.0,adaptive,2026-07-04T12:07:22+01:00,5,0,43,374,1,0.000000,1780,1885,1780,105,5.5703,GLOBAL_BEST,0,42,144,753,14,25,294,1,3571.4286,105000.0000,0,0,0,0,0,0
n012w8-0,n012w8,0,5,500000,100.0,adaptive,2026-07-04T12:07:22+01:00,5,0,43,375,1,0.000000,1735,1780,1735,45,2.5281,GLOBAL_BEST,0,42,144,756,14,26,1,0,450000.0000,0.0000,0,0,0,0,0,0
n012w8-0,n012w8,0,5,500000,100.0,adaptive,2026-07-04T12:07:22+01:00,5,0,43,376,1,0.000000,1615,1735,1615,120,6.9164,GLOBAL_BEST,0,42,144,757,14,27,1,0,1200000.0000,0.0000,0,0,0,0,0,0
n012w8-0,n012w8,0,5,500000,100.0,adaptive,2026-07-04T12:07:22+01:00,5,0,43,2083,4,0.000000,1505,1615,1505,110,6.8111,GLOBAL_BEST,0,42,797,3743,69,28,1707,3,644.4054,36666.6667,0,0,0,0,0,0
n012w8-0,n012w8,0,5,500000,100.0,adaptive,2026-07-04T12:07:22+01:00,5,0,43,9162,16,0.000000,1395,1505,1395,110,7.3090,GLOBAL_BEST,0,42,3467,16690,351,29,7079,12,155.3892,9166.6667,0,0,0,0,0,0
n012w8-0,n012w8,0,5,500000,100.0,adaptive,2026-07-04T12:07:22+01:00,5,2,43,25284,182,0.000000,1345,1350,1345,5,0.3704,LOCAL_BEST,1,42,9775,45465,968,30,16122,166,3.1014,30.1205,0,0,0,0,0,0
n012w8-0,n012w8,0,5,500000,100.0,adaptive,2026-07-04T12:07:22+01:00,5,2,43,74837,264,0.000000,1270,1345,1270,75,5.5762,LOCAL_BEST,1,42,28911,133331,2856,31,49553,82,15.1353,914.6341,0,0,0,0,0,0
n012w8-0,n012w8,0,5,500000,100.0,adaptive,2026-07-04T12:07:22+01:00,5,0,43,83524,139,0.000000,1350,1395,1350,45,3.2258,GLOBAL_BEST,0,42,32174,149362,3266,32,8687,-125,51.8015,0.0000,0,0,0,0,0,0
n012w8-0,n012w8,0,5,500000,100.0,adaptive,2026-07-04T12:07:22+01:00,5,0,43,84463,142,0.000000,1280,1350,1280,70,5.1852,GLOBAL_BEST,0,42,32548,151014,3296,33,939,3,745.4739,23333.3333,0,0,0,0,0,0
n012w8-0,n012w8,0,5,500000,100.0,adaptive,2026-07-04T12:07:22+01:00,5,0,43,91079,152,0.000000,1180,1280,1180,100,7.8125,GLOBAL_BEST,0,42,35093,162862,3572,34,6616,10,151.1487,10000.0000,0,0,0,0,0,0
n012w8-0,n012w8,0,5,500000,100.0,adaptive,2026-07-04T12:07:22+01:00,5,0,43,91080,152,0.000000,1075,1180,1075,105,8.8983,GLOBAL_BEST,0,42,35093,162862,3572,35,1,0,1050000.0000,0.0000,0,0,0,0,0,0
n012w8-0,n012w8,0,5,500000,100.0,adaptive,2026-07-04T12:07:22+01:00,5,2,43,157905,402,0.000000,1235,1270,1235,35,2.7559,LOCAL_BEST,1,42,60885,282462,6145,36,66825,250,5.2376,140.0000,0,0,0,0,0,0
n012w8-0,n012w8,0,5,500000,100.0,adaptive,2026-07-04T12:07:22+01:00,5,0,43,343684,575,0.000000,985,1075,985,90,8.3721,GLOBAL_BEST,0,42,132685,613814,13326,37,185779,173,4.8445,520.2312,0,0,0,0,0,0
n012w8-0,n012w8,0,5,500000,100.0,adaptive,2026-07-04T12:07:22+01:00,5,0,43,343685,575,0.000000,925,985,925,60,6.0914,GLOBAL_BEST,0,42,132685,613819,13326,38,1,0,600000.0000,0.0000,0,0,0,0,0,0
n012w8-0,n012w8,0,5,500000,100.0,adaptive,2026-07-04T12:07:22+01:00,6,0,59,1,0,0.000000,3430,3460,3430,30,0.8671,GLOBAL_BEST,0,123,0,0,0,1,1,0,300000.0000,0.0000,0,0,0,0,0,0
n012w8-0,n012w8,0,5,500000,100.0,adaptive,2026-07-04T12:07:22+01:00,6,3,59,1,714,0.000000,875,965,875,90,9.3264,GLOBAL_BEST,1,123,0,7,0,2,0,714,0.0000,126.0504,0,0,0,0,0,0
n012w8-0,n012w8,0,5,500000,100.0,adaptive,2026-07-04T12:07:22+01:00,6,0,59,3,0,0.000000,3130,3430,3130,300,8.7464,GLOBAL_BEST,0,123,0,5,0,3,2,-714,1500000.0000,0.0000,0,0,0,0,0,0
n012w8-0,n012w8,0,5,500000,100.0,adaptive,2026-07-04T12:07:22+01:00,6,0,59,4,0,0.000000,3070,3130,3070,60,1.9169,GLOBAL_BEST,0,123,0,6,0,4,1,0,600000.0000,0.0000,0,0,0,0,0,0
n012w8-0,n012w8,0,5,500000,100.0,adaptive,2026-07-04T12:07:22+01:00,6,0,59,5,0,0.000000,2905,3070,2905,165,5.3746,GLOBAL_BEST,0,123,0,9,0,5,1,0,1650000.0000,0.0000,0,0,0,0,0,0
n012w8-0,n012w8,0,5,500000,100.0,adaptive,2026-07-04T12:07:22+01:00,6,0,59,9,0,0.000000,2755,2905,2755,150,5.1635,GLOBAL_BEST,0,123,0,13,1,6,4,0,375000.0000,0.0000,0,0,0,0,0,0
n012w8-0,n012w8,0,5,500000,100.0,adaptive,2026-07-04T12:07:22+01:00,6,0,59,11,0,0.000000,2620,2755,2620,135,4.9002,GLOBAL_BEST,0,123,1,14,1,7,2,0,675000.0000,0.0000,0,0,0,0,0,0
n012w8-0,n012w8,0,5,500000,100.0,adaptive,2026-07-04T12:07:22+01:00,6,0,59,13,0,0.000000,2515,2620,2515,105,4.0076,GLOBAL_BEST,0,123,1,18,1,8,2,0,525000.0000,0.0000,0,0,0,0,0,0
n012w8-0,n012w8,0,5,500000,100.0,adaptive,2026-07-04T12:07:22+01:00,6,0,59,14,0,0.000000,2395,2515,2395,120,4.7714,GLOBAL_BEST,0,123,1,21,1,9,1,0,1200000.0000,0.0000,0,0,0,0,0,0
n012w8-0,n012w8,0,5,500000,100.0,adaptive,2026-07-04T12:07:22+01:00,6,0,59,25,0,0.000000,2335,2395,2335,60,2.5052,GLOBAL_BEST,0,123,6,38,1,10,11,0,54545.4545,0.0000,0,0,0,0,0,0
n012w8-0,n012w8,0,5,500000,100.0,adaptive,2026-07-04T12:07:22+01:00,6,0,59,27,0,0.000000,2050,2335,2050,285,12.2056,GLOBAL_BEST,0,123,6,42,1,11,2,0,1425000.0000,0.0000,0,0,0,0,0,0
n012w8-0,n012w8,0,5,500000,100.0,adaptive,2026-07-04T12:07:22+01:00,6,0,59,31,0,0.000000,2035,2050,2035,15,0.7317,GLOBAL_BEST,0,123,8,45,1,12,4,0,37500.0000,0.0000,0,0,0,0,0,0
n012w8-0,n012w8,0,5,500000,100.0,adaptive,2026-07-04T12:07:22+01:00,6,0,59,33,0,0.000000,1975,2035,1975,60,2.9484,GLOBAL_BEST,0,123,8,55,1,13,2,0,300000.0000,0.0000,0,0,0,0,0,0
n012w8-0,n012w8,0,5,500000,100.0,adaptive,2026-07-04T12:07:22+01:00,6,0,59,109,0,0.000000,1870,1975,1870,105,5.3165,GLOBAL_BEST,0,123,37,215,5,14,76,0,13815.7895,0.0000,0,0,0,0,0,0
n012w8-0,n012w8,0,5,500000,100.0,adaptive,2026-07-04T12:07:22+01:00,6,0,59,118,0,0.000000,1750,1870,1750,120,6.4171,GLOBAL_BEST,0,123,39,236,6,15,9,0,133333.3333,0.0000,0,0,0,0,0,0
n012w8-0,n012w8,0,5,500000,100.0,adaptive,2026-07-04T12:07:22+01:00,6,0,59,221,0,0.000000,1690,1750,1690,60,3.4286,GLOBAL_BEST,0,123,79,435,10,16,103,0,5825.2427,0.0000,0,0,0,0,0,0
n012w8-0,n012w8,0,5,500000,100.0,adaptive,2026-07-04T12:07:22+01:00,6,0,59,223,0,0.000000,1660,1690,1660,30,1.7751,GLOBAL_BEST,0,123,79,449,10,17,2,0,150000.0000,0.0000,0,0,0,0,0,0
n012w8-0,n012w8,0,5,500000,100.0,adaptive,2026-07-04T12:07:22+01:00,6,0,59,389,0,0.000000,1650,1660,1650,10,0.6024,GLOBAL_BEST,0,123,146,806,15,18,166,0,602.4096,0.0000,0,0,0,0,0,0
n012w8-0,n012w8,0,5,500000,100.0,adaptive,2026-07-04T12:07:22+01:00,6,0,59,391,0,0.000000,1590,1650,1590,60,3.6364,GLOBAL_BEST,0,123,146,816,15,19,2,0,300000.0000,0.0000,0,0,0,0,0,0
n012w8-0,n012w8,0,5,500000,100.0,adaptive,2026-07-04T12:07:22+01:00,6,0,59,403,0,0.000000,1545,1590,1545,45,2.8302,GLOBAL_BEST,0,123,151,838,15,20,12,0,37500.0000,0.0000,0,0,0,0,0,0
n012w8-0,n012w8,0,5,500000,100.0,adaptive,2026-07-04T12:07:22+01:00,6,0,59,1194,3,0.000000,1495,1545,1495,50,3.2362,GLOBAL_BEST,0,123,456,2267,48,21,791,3,632.1113,16666.6667,0,0,0,0,0,0
n012w8-0,n012w8,0,5,500000,100.0,adaptive,2026-07-04T12:07:22+01:00,6,0,59,1197,3,0.000000,1435,1495,1435,60,4.0134,GLOBAL_BEST,0,123,457,2274,48,22,3,0,200000.0000,0.0000,0,0,0,0,0,0
n012w8-0,n012w8,0,5,500000,100.0,adaptive,2026-07-04T12:07:22+01:00,6,0,59,1198,3,0.000000,1420,1435,1420,15,1.0453,GLOBAL_BEST,0,123,457,2274,48,23,1,0,150000.0000,0.0000,0,0,0,0,0,0
n012w8-0,n012w8,0,5,500000,100.0,adaptive,2026-07-04T12:07:22+01:00,6,0,59,1200,3,0.000000,1315,1420,1315,105,7.3944,GLOBAL_BEST,0,123,458,2274,48,24,2,0,525000.0000,0.0000,0,0,0,0,0,0
n012w8-0,n012w8,0,5,500000,100.0,adaptive,2026-07-04T12:07:22+01:00,6,0,59,1201,3,0.000000,1255,1315,1255,60,4.5627,GLOBAL_BEST,0,123,458,2277,48,25,1,0,600000.0000,0.0000,0,0,0,0,0,0
n012w8-0,n012w8,0,5,500000,100.0,adaptive,2026-07-04T12:07:22+01:00,6,0,59,6130,9,0.000000,1195,1255,1195,60,4.7809,GLOBAL_BEST,0,123,2326,11646,249,26,4929,6,121.7285,10000.0000,0,0,0,0,0,0
n012w8-0,n012w8,0,5,500000,100.0,adaptive,2026-07-04T12:07:22+01:00,6,0,59,6484,11,0.000000,1190,1195,1190,5,0.4184,GLOBAL_BEST,0,123,2458,12253,262,27,354,2,141.2429,2500.0000,0,0,0,0,0,0
n012w8-0,n012w8,0,5,500000,100.0,adaptive,2026-07-04T12:07:22+01:00,6,0,59,6490,11,0.000000,1185,1190,1185,5,0.4202,GLOBAL_BEST,0,123,2461,12269,262,28,6,0,8333.3333,0.0000,0,0,0,0,0,0
n012w8-0,n012w8,0,5,500000,100.0,adaptive,2026-07-04T12:07:22+01:00,6,0,59,51741,80,0.000000,1125,1185,1125,60,5.0633,GLOBAL_BEST,0,123,19500,99043,2134,29,45251,69,13.2594,869.5652,0,0,0,0,0,0
n012w8-0,n012w8,0,5,500000,100.0,adaptive,2026-07-04T12:07:22+01:00,6,0,59,51742,80,0.000000,1065,1125,1065,60,5.3333,GLOBAL_BEST,0,123,19500,99043,2134,30,1,0,600000.0000,0.0000,0,0,0,0,0,0
n012w8-0,n012w8,0,5,500000,100.0,adaptive,2026-07-04T12:07:22+01:00,6,2,59,400292,714,0.000000,1100,1125,1100,25,2.2222,LOCAL_BEST,1,123,150180,765962,16328,31,348550,634,0.7173,39.4322,0,0,0,0,0,0
n012w8-0,n012w8,0,5,500000,100.0,adaptive,2026-07-04T12:07:22+01:00,6,2,59,400294,714,0.000000,965,1100,965,135,12.2727,GLOBAL_BEST,1,123,150180,765966,16328,32,2,0,675000.0000,0.0000,0,0,0,0,0,0
n012w8-0,n012w8,0,5,500000,100.0,adaptive,2026-07-04T12:07:22+01:00,7,0,75,1,0,0.000000,3235,3370,3235,135,4.0059,GLOBAL_BEST,0,777,0,0,0,1,1,0,1350000.0000,0.0000,0,0,0,0,0,0
n012w8-0,n012w8,0,5,500000,100.0,adaptive,2026-07-04T12:07:22+01:00,7,2,75,1,168,0.000000,865,1030,865,165,16.0194,GLOBAL_BEST,1,777,0,2,0,2,0,168,0.0000,982.1429,0,0,0,0,0,0
n012w8-0,n012w8,0,5,500000,100.0,adaptive,2026-07-04T12:07:22+01:00,7,0,75,2,0,0.000000,3230,3235,3230,5,0.1546,GLOBAL_BEST,0,777,0,0,0,3,1,-168,50000.0000,0.0000,0,0,0,0,0,0
n012w8-0,n012w8,0,5,500000,100.0,adaptive,2026-07-04T12:07:22+01:00,7,2,75,2,168,0.000000,830,865,830,35,4.0462,GLOBAL_BEST,1,777,0,5,0,4,0,168,0.0000,208.3333,0,0,0,0,0,0
n012w8-0,n012w8,0,5,500000,100.0,adaptive,2026-07-04T12:07:22+01:00,7,0,75,5,0,0.000000,3170,3230,3170,60,1.8576,GLOBAL_BEST,0,777,1,2,0,5,3,-168,200000.0000,0.0000,0,0,0,0,0,0
n012w8-0,n012w8,0,5,500000,100.0,adaptive,2026-07-04T12:07:22+01:00,7,0,75,6,0,0.000000,3110,3170,3110,60,1.8927,GLOBAL_BEST,0,777,1,2,0,6,1,0,600000.0000,0.0000,0,0,0,0,0,0
n012w8-0,n012w8,0,5,500000,100.0,adaptive,2026-07-04T12:07:22+01:00,7,0,75,17,0,0.000000,3025,3110,3025,85,2.7331,GLOBAL_BEST,0,777,4,14,0,7,11,0,77272.7273,0.0000,0,0,0,0,0,0
n012w8-0,n012w8,0,5,500000,100.0,adaptive,2026-07-04T12:07:22+01:00,7,0,75,22,0,0.000000,2965,3025,2965,60,1.9835,GLOBAL_BEST,0,777,4,26,0,8,5,0,120000.0000,0.0000,0,0,0,0,0,0
n012w8-0,n012w8,0,5,500000,100.0,adaptive,2026-07-04T12:07:22+01:00,7,0,75,24,0,0.000000,2935,2965,2935,30,1.0118,GLOBAL_BEST,0,777,4,28,0,9,2,0,150000.0000,0.0000,0,0,0,0,0,0
n012w8-0,n012w8,0,5,500000,100.0,adaptive,2026-07-04T12:07:22+01:00,7,0,75,25,0,0.000000,2905,2935,2905,30,1.0221,GLOBAL_BEST,0,777,4,28,0,10,1,0,300000.0000,0.0000,0,0,0,0,0,0
n012w8-0,n012w8,0,5,500000,100.0,adaptive,2026-07-04T12:07:22+01:00,7,0,75,26,0,0.000000,2785,2905,2785,120,4.1308,GLOBAL_BEST,0,777,4,29,0,11,1,0,1200000.0000,0.0000,0,0,0,0,0,0
n012w8-0,n012w8,0,5,500000,100.0,adaptive,2026-07-04T12:07:22+01:00,7,0,75,27,0,0.000000,2770,2785,2770,15,0.5386,GLOBAL_BEST,0,777,4,29,0,12,1,0,150000.0000,0.0000,0,0,0,0,0,0
n012w8-0,n012w8,0,5,500000,100.0,adaptive,2026-07-04T12:07:22+01:00,7,0,75,28,0,0.000000,2740,2770,2740,30,1.0830,GLOBAL_BEST,0,777,4,33,0,13,1,0,300000.0000,0.0000,0,0,0,0,0,0
n012w8-0,n012w8,0,5,500000,100.0,adaptive,2026-07-04T12:07:22+01:00,7,0,75,29,0,0.000000,2725,2740,2725,15,0.5474,GLOBAL_BEST,0,777,4,33,0,14,1,0,150000.0000,0.0000,0,0,0,0,0,0
n012w8-0,n012w8,0,5,500000,100.0,adaptive,2026-07-04T12:07:22+01:00,7,0,75,31,0,0.000000,2695,2725,2695,30,1.1009,GLOBAL_BEST,0,777,4,46,0,15,2,0,150000.0000,0.0000,0,0,0,0,0,0
n012w8-0,n012w8,0,5,500000,100.0,adaptive,2026-07-04T12:07:22+01:00,7,0,75,34,0,0.000000,2665,2695,2665,30,1.1132,GLOBAL_BEST,0,777,5,47,0,16,3,0,100000.0000,0.0000,0,0,0,0,0,0
n012w8-0,n012w8,0,5,500000,100.0,adaptive,2026-07-04T12:07:22+01:00,7,0,75,35,0,0.000000,2635,2665,2635,30,1.1257,GLOBAL_BEST,0,777,5,47,0,17,1,0,300000.0000,0.0000,0,0,0,0,0,0
n012w8-0,n012w8,0,5,500000,100.0,adaptive,2026-07-04T12:07:22+01:00,7,0,75,36,0,0.000000,2475,2635,2475,160,6.0721,GLOBAL_BEST,0,777,5,51,0,18,1,0,1600000.0000,0.0000,0,0,0,0,0,0
n012w8-0,n012w8,0,5,500000,100.0,adaptive,2026-07-04T12:07:22+01:00,7,0,75,38,0,0.000000,2460,2475,2460,15,0.6061,GLOBAL_BEST,0,777,6,51,0,19,2,0,75000.0000,0.0000,0,0,0,0,0,0
n012w8-0,n012w8,0,5,500000,100.0,adaptive,2026-07-04T12:07:22+01:00,7,0,75,40,0,0.000000,2250,2460,2250,210,8.5366,GLOBAL_BEST,0,777,6,53,0,20,2,0,1050000.0000,0.0000,0,0,0,0,0,0
n012w8-0,n012w8,0,5,500000,100.0,adaptive,2026-07-04T12:07:22+01:00,7,0,75,43,0,0.000000,1985,2250,1985,265,11.7778,GLOBAL_BEST,0,777,7,58,0,21,3,0,883333.3333,0.0000,0,0,0,0,0,0
n012w8-0,n012w8,0,5,500000,100.0,adaptive,2026-07-04T12:07:22+01:00,7,0,75,50,0,0.000000,1950,1985,1950,35,1.7632,GLOBAL_BEST,0,777,10,71,0,22,7,0,50000.0000,0.0000,0,0,0,0,0,0
n012w8-0,n012w8,0,5,500000,100.0,adaptive,2026-07-04T12:07:22+01:00,7,0,75,118,0,0.000000,1890,1950,1890,60,3.0769,GLOBAL_BEST,0,777,32,221,3,23,68,0,8823.5294,0.0000,0,0,0,0,0,0
n012w8-0,n012w8,0,5,500000,100.0,adaptive,2026-07-04T12:07:22+01:00,7,0,75,119,0,0.000000,1695,1890,1695,195,10.3175,GLOBAL_BEST,0,777,32,221,3,24,1,0,1950000.0000,0.0000,0,0,0,0,0,0
n012w8-0,n012w8,0,5,500000,100.0,adaptive,2026-07-04T12:07:22+01:00,7,0,75,121,0,0.000000,1665,1695,1665,30,1.7699,GLOBAL_BEST,0,777,32,221,3,25,2,0,150000.0000,0.0000,0,0,0,0,0,0
n012w8-0,n012w8,0,5,500000,100.0,adaptive,2026-07-04T12:07:22+01:00,7,0,75,251,1,0.000000,1660,1665,1660,5,0.3003,GLOBAL_BEST,0,777,81,502,6,26,130,1,384.6154,5000.0000,0,0,0,0,0,0
n012w8-0,n012w8,0,5,500000,100.0,adaptive,2026-07-04T12:07:22+01:00,7,0,75,453,1,0.000000,1625,1660,1625,35,2.1084,GLOBAL_BEST,0,777,160,882,14,27,202,0,1732.6733,0.0000,0,0,0,0,0,0
n012w8-0,n012w8,0,5,500000,100.0,adaptive,2026-07-04T12:07:22+01:00,7,0,75,1402,2,0.000000,1565,1625,1565,60,3.6923,GLOBAL_BEST,0,777,528,2835,56,28,949,1,632.2445,60000.0000,0,0,0,0,0,0
n012w8-0,n012w8,0,5,500000,100.0,adaptive,2026-07-04T12:07:22+01:00,7,0,75,1873,4,0.000000,1525,1565,1525,40,2.5559,GLOBAL_BEST,0,777,720,3838,74,29,471,2,849.2569,20000.0000,0,0,0,0,0,0
n012w8-0,n012w8,0,5,500000,100.0,adaptive,2026-07-04T12:07:22+01:00,7,0,75,1942,4,0.000000,1515,1525,1515,10,0.6557,GLOBAL_BEST,0,777,752,4021,75,30,69,0,1449.2754,0.0000,0,0,0,0,0,0
n012w8-0,n012w8,0,5,500000,100.0,adaptive,2026-07-04T12:07:22+01:00,7,0,75,2611,5,0.000000,1455,1515,1455,60,3.9604,GLOBAL_BEST,0,777,1009,5477,103,31,669,1,896.8610,60000.0000,0,0,0,0,0,0
n012w8-0,n012w8,0,5,500000,100.0,adaptive,2026-07-04T12:07:22+01:00,7,0,75,4457,7,0.000000,1430,1455,1430,25,1.7182,GLOBAL_BEST,0,777,1703,9344,187,32,1846,2,135.4280,12500.0000,0,0,0,0,0,0
n012w8-0,n012w8,0,5,500000,100.0,adaptive,2026-07-04T12:07:22+01:00,7,0,75,4459,7,0.000000,1415,1430,1415,15,1.0490,GLOBAL_BEST,0,777,1703,9354,187,33,2,0,75000.0000,0.0000,0,0,0,0,0,0
n012w8-0,n012w8,0,5,500000,100.0,adaptive,2026-07-04T12:07:22+01:00,7,0,75,6640,11,0.000000,1340,1415,1340,75,5.3004,GLOBAL_BEST,0,777,2560,13504,270,34,2181,4,343.8790,18750.0000,0,0,0,0,0,0
n012w8-0,n012w8,0,5,500000,100.0,adaptive,2026-07-04T12:07:22+01:00,7,0,75,6643,11,0.000000,1310,1340,1310,30,2.2388,GLOBAL_BEST,0,777,2561,13508,270,35,3,0,100000.0000,0.0000,0,0,0,0,0,0
n012w8-0,n012w8,0,5,500000,100.0,adaptive,2026-07-04T12:07:22+01:00,7,0,75,7413,11,0.000000,1210,1310,1210,100,7.6336,GLOBAL_BEST,0,777,2864,15081,297,36,770,0,1298.7013,0.0000,0,0,0,0,0,0
n012w8-0,n012w8,0,5,500000,100.0,adaptive,2026-07-04T12:07:22+01:00,7,0,75,7415,11,0.000000,1090,1210,1090,120,9.9174,GLOBAL_BEST,0,777,2865,15085,297,37,2,0,600000.0000,0.0000,0,0,0,0,0,0
n012w8-0,n012w8,0,5,500000,100.0,adaptive,2026-07-04T12:07:22+01:00,7,0,75,109958,168,0.000000,1030,1090,1030,60,5.5046,GLOBAL_BEST,0,777,42526,231948,4749,38,102543,157,5.8512,382.1656,0,0,0,0,0,0
n012w8-0,n012w8,0,5,500000,100.0,adaptive,2026-07-04T12:07:22+01:00,8,0,88,1,0,0.000000,5480,5540,5480,60,1.0830,GLOBAL_BEST,0,42,0,1,0,1,1,0,600000.0000,0.0000,0,0,0,0,0,0
n012w8-0,n012w8,0,5,500000,100.0,adaptive,2026-07-04T12:07:22+01:00,8,0,88,2,0,0.000000,5340,5480,5340,140,2.5547,GLOBAL_BEST,0,42,0,3,0,2,1,0,1400000.0000,0.0000,0,0,0,0,0,0
n012w8-0,n012w8,0,5,500000,100.0,adaptive,2026-07-04T12:07:22+01:00,8,7,88,2,1038,0.000000,3170,3215,3170,45,1.3997,LOCAL_BEST,3,42,0,0,0,3,0,1038,0.0000,43.3526,0,0,0,0,0,0
n012w8-0,n012w8,0,5,500000,100.0,adaptive,2026-07-04T12:07:22+01:00,8,0,88,3,0,0.000000,5130,5340,5130,210,3.9326,GLOBAL_BEST,0,42,0,3,0,4,1,-1038,2100000.0000,0.0000,0,0,0,0,0,0
n012w8-0,n012w8,0,5,500000,100.0,adaptive,2026-07-04T12:07:22+01:00,8,0,88,6,0,0.000000,5015,5130,5015,115,2.2417,GLOBAL_BEST,0,42,2,11,0,5,3,0,383333.3333,0.0000,0,0,0,0,0,0
n012w8-0,n012w8,0,5,500000,100.0,adaptive,2026-07-04T12:07:22+01:00,8,0,88,7,0,0.000000,4885,5015,4885,130,2.5922,GLOBAL_BEST,0,42,2,12,0,6,1,0,1300000.0000,0.0000,0,0,0,0,0,0
n012w8-0,n012w8,0,5,500000,100.0,adaptive,2026-07-04T12:07:22+01:00,8,0,88,8,0,0.000000,4705,4885,4705,180,3.6847,GLOBAL_BEST,0,42,2,13,0,7,1,0,1800000.0000,0.0000,0,0,0,0,0,0
n012w8-0,n012w8,0,5,500000,100.0,adaptive,2026-07-04T12:07:22+01:00,8,0,88,21,0,0.000000,4630,4705,4630,75,1.5940,GLOBAL_BEST,0,42,7,38,0,8,13,0,57692.3077,0.0000,0,0,0,0,0,0
n012w8-0,n012w8,0,5,500000,100.0,adaptive,2026-07-04T12:07:22+01:00,8,0,88,25,0,0.000000,4620,4630,4620,10,0.2160,GLOBAL_BEST,0,42,8,44,0,9,4,0,25000.0000,0.0000,0,0,0,0,0,0
n012w8-0,n012w8,0,5,500000,100.0,adaptive,2026-07-04T12:07:22+01:00,8,0,88,30,0,0.000000,4605,4620,4605,15,0.3247,GLOBAL_BEST,0,42,10,54,0,10,5,0,30000.0000,0.0000,0,0,0,0,0,0
n012w8-0,n012w8,0,5,500000,100.0,adaptive,2026-07-04T12:07:22+01:00,8,0,88,31,0,0.000000,4495,4605,4495,110,2.3887,GLOBAL_BEST,0,42,10,56,0,11,1,0,1100000.0000,0.0000,0,0,0,0,0,0
n012w8-0,n012w8,0,5,500000,100.0,adaptive,2026-07-04T12:07:22+01:00,8,0,88,32,0,0.000000,4485,4495,4485,10,0.2225,GLOBAL_BEST,0,42,10,69,0,12,1,0,100000.0000,0.0000,0,0,0,0,0,0
n012w8-0,n012w8,0,5,500000,100.0,adaptive,2026-07-04T12:07:22+01:00,8,0,88,33,0,0.000000,4455,4485,4455,30,0.6689,GLOBAL_BEST,0,42,10,69,0,13,1,0,300000.0000,0.0000,0,0,0,0,0,0
n012w8-0,n012w8,0,5,500000,100.0,adaptive,2026-07-04T12:07:22+01:00,8,0,88,35,0,0.000000,4385,4455,4385,70,1.5713,GLOBAL_BEST,0,42,10,72,0,14,2,0,350000.0000,0.0000,0,0,0,0,0,0
n012w8-0,n012w8,0,5,500000,100.0,adaptive,2026-07-04T12:07:22+01:00,8,0,88,36,0,0.000000,4340,4385,4340,45,1.0262,GLOBAL_BEST,0,42,10,72,0,15,1,0,450000.0000,0.0000,0,0,0,0,0,0
n012w8-0,n012w8,0,5,500000,100.0,adaptive,2026-07-04T12:07:22+01:00,8,0,88,41,0,0.000000,4310,4340,4310,30,0.6912,GLOBAL_BEST,0,42,13,81,0,16,5,0,60000.0000,0.0000,0,0,0,0,0,0
n012w8-0,n012w8,0,5,500000,100.0,adaptive,2026-07-04T12:07:22+01:00,8,0,88,100,0,0.000000,4190,4310,4190,120,2.7842,GLOBAL_BEST,0,42,33,200,5,17,59,0,20338.9831,0.0000,0,0,0,0,0,0
n012w8-0,n012w8,0,5,500000,100.0,adaptive,2026-07-04T12:07:22+01:00,8,0,88,126,0,0.000000,4145,4190,4145,45,1.0740,GLOBAL_BEST,0,42,42,257,5,18,26,0,17307.6923,0.0000,0,0,0,0,0,0
n012w8-0,n012w8,0,5,500000,100.0,adaptive,2026-07-04T12:07:22+01:00,8,0,88,130,0,0.000000,4120,4145,4120,25,0.6031,GLOBAL_BEST,0,42,43,272,5,19,4,0,62500.0000,0.0000,0,0,0,0,0,0
n012w8-0,n012w8,0,5,500000,100.0,adaptive,2026-07-04T12:07:22+01:00,8,0,88,132,0,0.000000,4090,4120,4090,30,0.7282,GLOBAL_BEST,0,42,43,275,5,20,2,0,150000.0000,0.0000,0,0,0,0,0,0
n012w8-0,n012w8,0,5,500000,100.0,adaptive,2026-07-04T12:07:22+01:00,8,0,88,133,0,0.000000,4075,4090,4075,15,0.3667,GLOBAL_BEST,0,42,43,276,5,21,1,0,150000.0000,0.0000,0,0,0,0,0,0
n012w8-0,n012w8,0,5,500000,100.0,adaptive,2026-07-04T12:07:22+01:00,8,0,88,142,0,0.000000,4050,4075,4050,25,0.6135,GLOBAL_BEST,0,42,45,288,6,22,9,0,27777.7778,0.0000,0,0,0,0,0,0
n012w8-0,n012w8,0,5,500000,100.0,adaptive,2026-07-04T12:07:22+01:00,8,0,88,245,0,0.000000,4015,4050,4015,35,0.8642,GLOBAL_BEST,0,42,86,464,10,23,103,0,3398.0583,0.0000,0,0,0,0,0,0
n012w8-0,n012w8,0,5,500000,100.0,adaptive,2026-07-04T12:07:22+01:00,8,0,88,247,0,0.000000,3980,4015,3980,35,0.8717,GLOBAL_BEST,0,42,87,467,10,24,2,0,175000.0000,0.0000,0,0,0,0,0,0
n012w8-0,n012w8,0,5,500000,100.0,adaptive,2026-07-04T12:07:22+01:00,8,0,88,248,0,0.000000,3910,3980,3910,70,1.7588,GLOBAL_BEST,0,42,87,475,10,25,1,0,700000.0000,0.0000,0,0,0,0,0,0
n012w8-0,n012w8,0,5,500000,100.0,adaptive,2026-07-04T12:07:22+01:00,8,0,88,297,0,0.000000,3895,3910,3895,15,0.3836,GLOBAL_BEST,0,42,105,581,11,26,49,0,3061.2245,0.0000,0,0,0,0,0,0
n012w8-0,n012w8,0,5,500000,100.0,adaptive,2026-07-04T12:07:22+01:00,8,0,88,305,0,0.000000,3885,3895,3885,10,0.2567,GLOBAL_BEST,0,42,108,600,11,27,8,0,12500.0000,0.0000,0,0,0,0,0,0
n012w8-0,n012w8,0,5,500000,100.0,adaptive,2026-07-04T12:07:22+01:00,8,0,88,937,2,0.000000,3715,3885,3715,170,4.3758,GLOBAL_BEST,0,42,371,1689,26,28,632,2,2689.8734,85000.0000,0,0,0,0,0,0
n012w8-0,n012w8,0,5,500000,100.0,adaptive,2026-07-04T12:07:22+01:00,8,0,88,1053,2,0.000000,3645,3715,3645,70,1.8843,GLOBAL_BEST,0,42,418,1880,33,29,116,0,6034.4828,0.0000,0,0,0,0,0,0
n012w8-0,n012w8,0,5,500000,100.0,adaptive,2026-07-04T12:07:22+01:00,8,0,88,1060,2,0.000000,3605,3645,3605,40,1.0974,GLOBAL_BEST,0,42,421,1891,33,30,7,0,57142.8571,0.0000,0,0,0,0,0,0
n012w8-0,n012w8,0,5,500000,100.0,adaptive,2026-07-04T12:07:22+01:00,8,0,88,2429,4,0.000000,3600,3605,3600,5,0.1387,GLOBAL_BEST,0,42,910,4359,85,31,1369,2,36.5230,2500.0000,0,0,0,0,0,0
n012w8-0,n012w8,0,5,500000,100.0,adaptive,2026-07-04T12:07:22+01:00,8,0,88,3244,5,0.000000,3490,3600,3490,110,3.0556,GLOBAL_BEST,0,42,1228,5768,111,32,815,1,1349.6933,110000.0000,0,0,0,0,0,0
n012w8-0,n012w8,0,5,500000,100.0,adaptive,2026-07-04T12:07:22+01:00,8,0,88,5899,9,0.000000,3375,3490,3375,115,3.2951,GLOBAL_BEST,0,42,2259,10563,210,33,2655,4,433.1450,28750.0000,0,0,0,0,0,0
n012w8-0,n012w8,0,5,500000,100.0,adaptive,2026-07-04T12:07:22+01:00,8,0,88,25035,42,0.000000,3370,3375,3370,5,0.1481,GLOBAL_BEST,0,42,9675,45039,925,34,19136,33,2.6129,151.5152,0,0,0,0,0,0
n012w8-0,n012w8,0,5,500000,100.0,adaptive,2026-07-04T12:07:22+01:00,8,0,88,25037,42,0.000000,3330,3370,3330,40,1.1869,GLOBAL_BEST,0,42,9675,45039,925,35,2,0,200000.0000,0.0000,0,0,0,0,0,0
n012w8-0,n012w8,0,5,500000,100.0,adaptive,2026-07-04T12:07:22+01:00,8,3,88,30189,213,0.000000,3280,3315,3280,35,1.0558,GLOBAL_BEST,1,42,11685,53999,1171,36,5152,171,67.9348,204.6784,0,0,0,0,0,0
n012w8-0,n012w8,0,5,500000,100.0,adaptive,2026-07-04T12:07:22+01:00,8,3,88,30193,213,0.000000,3240,3280,3240,40,1.2195,GLOBAL_BEST,1,42,11687,54005,1171,37,4,0,100000.0000,0.0000,0,0,0,0,0,0
n012w8-0,n012w8,0,5,500000,100.0,adaptive,2026-07-04T12:07:22+01:00,8,2,88,71769,163,0.000000,3315,3370,3315,55,1.6320,GLOBAL_BEST,1,42,27996,128550,2825,38,41576,-50,13.2288,0.0000,0,0,0,0,0,0
n012w8-0,n012w8,0,5,500000,100.0,adaptive,2026-07-04T12:07:22+01:00,8,0,88,112225,189,0.000000,3295,3330,3295,35,1.0511,GLOBAL_BEST,0,42,43677,200204,4346,39,40456,26,8.6514,1346.1538,0,0,0,0,0,0
n012w8-0,n012w8,0,5,500000,100.0,adaptive,2026-07-04T12:07:22+01:00,8,6,88,164728,1037,0.000000,3215,3220,3215,5,0.1553,GLOBAL_BEST,3,42,64282,294538,6553,40,52503,848,0.9523,5.8962,0,0,0,0,0,0
n012w8-0,n012w8,0,5,500000,100.0,adaptive,2026-07-04T12:07:22+01:00,8,6,88,164732,1037,0.000000,3180,3215,3180,35,1.0886,GLOBAL_BEST,3,42,64284,294553,6553,41,4,0,87500.0000,0.0000,0,0,0,0,0,0
n012w8-0,n012w8,0,5,500000,100.0,adaptive,2026-07-04T12:07:22+01:00,8,6,88,164734,1037,0.000000,3110,3180,3110,70,2.2013,GLOBAL_BEST,3,42,64284,294556,6553,42,2,0,350000.0000,0.0000,0,0,0,0,0,0
n012w8-0,n012w8,0,5,500000,100.0,adaptive,2026-07-04T12:07:22+01:00,8,5,88,192981,532,0.000000,3275,3280,3275,5,0.1524,LOCAL_BEST,2,42,75280,344810,7657,43,28247,-505,1.7701,0.0000,0,0,0,0,0,0
n012w8-0,n012w8,0,5,500000,100.0,adaptive,2026-07-04T12:07:22+01:00,8,0,88,259625,434,0.000000,3290,3295,3290,5,0.1517,LOCAL_BEST,0,42,101098,463534,10032,44,66644,-98,0.7503,0.0000,0,0,0,0,0,0
n012w8-0,n012w8,0,5,500000,100.0,adaptive,2026-07-04T12:07:22+01:00,8,5,88,288106,689,0.000000,3250,3275,3250,25,0.7634,LOCAL_BEST,2,42,112333,512991,11498,45,28481,255,8.7778,98.0392,0,0,0,0,0,0
n012w8-0,n012w8,0,5,500000,100.0,adaptive,2026-07-04T12:07:22+01:00,8,2,88,296045,533,0.000000,3310,3315,3310,5,0.1508,LOCAL_BEST,1,42,115496,530769,11829,46,7939,-156,6.2980,0.0000,0,0,0,0,0,0
n012w8-0,n012w8,0,5,500000,100.0,adaptive,2026-07-04T12:07:22+01:00,8,0,88,456809,763,0.000000,3220,3290,3220,70,2.1277,GLOBAL_BEST,0,42,177853,815041,17838,47,160764,230,4.3542,304.3478,0,0,0,0,0,0
n012w8-0,n012w8,0,5,500000,100.0,adaptive,2026-07-04T12:07:22+01:00,8,7,88,460010,1808,0.000000,3160,3170,3160,10,0.3155,LOCAL_BEST,3,42,179299,821526,18351,48,3201,1045,31.2402,9.5694,0,0,0,0,0,0
n012w8-0,n012w8,0,5,500000,100.0,adaptive,2026-07-04T12:07:22+01:00,8,7,88,460012,1808,0.000000,3110,3160,3110,50,1.5823,LOCAL_BEST,3,42,179299,821529,18351,49,2,0,250000.0000,0.0000,0,0,0,0,0,0
n012w8-0,n012w8,0,5,500000,100.0,adaptive,2026-07-04T12:07:22+01:00,8,7,88,460013,1809,0.000000,3075,3110,3075,35,1.1254,GLOBAL_BEST,3,42,179299,821529,18351,50,1,1,350000.0000,35000.0000,0,0,0,0,0,0
